MCP — typecheck · test · build	UNKNOWN STEP	﻿2026-08-14T04:39:19.0292594Z Current runner version: '2.336.0'
MCP — typecheck · test · build	UNKNOWN STEP	2026-08-14T04:39:19.0356830Z ##[group]Runner Image Provisioner
MCP — typecheck · test · build	UNKNOWN STEP	2026-08-14T04:39:19.0357694Z Hosted Compute Agent
MCP — typecheck · test · build	UNKNOWN STEP	2026-08-14T04:39:19.0358279Z Version: 20260707.563
MCP — typecheck · test · build	UNKNOWN STEP	2026-08-14T04:39:19.0359063Z Commit: 02667638d2b423fbc733a8e32a88b44996a3ba6e
MCP — typecheck · test · build	UNKNOWN STEP	2026-08-14T04:39:19.0359814Z Build Date: 2026-07-07T19:33:50Z
MCP — typecheck · test · build	UNKNOWN STEP	2026-08-14T04:39:19.0360562Z Worker ID: {445cbade-2dc5-4c67-baaa-c4812bf016f8}
MCP — typecheck · test · build	UNKNOWN STEP	2026-08-14T04:39:19.0361338Z Azure Region: northcentralus
MCP — typecheck · test · build	UNKNOWN STEP	2026-08-14T04:39:19.0361965Z ##[endgroup]
MCP — typecheck · test · build	UNKNOWN STEP	2026-08-14T04:39:19.0363513Z ##[group]Operating System
MCP — typecheck · test · build	UNKNOWN STEP	2026-08-14T04:39:19.0364164Z Ubuntu
MCP — typecheck · test · build	UNKNOWN STEP	2026-08-14T04:39:19.0365003Z 24.04.4
MCP — typecheck · test · build	UNKNOWN STEP	2026-08-14T04:39:19.0365668Z LTS
MCP — typecheck · test · build	UNKNOWN STEP	2026-08-14T04:39:19.0366206Z ##[endgroup]
MCP — typecheck · test · build	UNKNOWN STEP	2026-08-14T04:39:19.0366810Z ##[group]Runner Image
MCP — typecheck · test · build	UNKNOWN STEP	2026-08-14T04:39:19.0367482Z Image: ubuntu-24.04
MCP — typecheck · test · build	UNKNOWN STEP	2026-08-14T04:39:19.0368073Z Version: 20260720.247.2
MCP — typecheck · test · build	UNKNOWN STEP	2026-08-14T04:39:19.0369381Z Included Software: https://github.com/actions/runner-images/blob/ubuntu24/20260720.247/images/ubuntu/Ubuntu2404-Readme.md
MCP — typecheck · test · build	UNKNOWN STEP	2026-08-14T04:39:19.0370999Z Image Release: https://github.com/actions/runner-images/releases/tag/ubuntu24%2F20260720.247
MCP — typecheck · test · build	UNKNOWN STEP	2026-08-14T04:39:19.0372029Z ##[endgroup]
MCP — typecheck · test · build	UNKNOWN STEP	2026-08-14T04:39:19.0373624Z ##[group]GITHUB_TOKEN Permissions
MCP — typecheck · test · build	UNKNOWN STEP	2026-08-14T04:39:19.0376023Z Contents: read
MCP — typecheck · test · build	UNKNOWN STEP	2026-08-14T04:39:19.0376641Z Metadata: read
MCP — typecheck · test · build	UNKNOWN STEP	2026-08-14T04:39:19.0377352Z Packages: read
MCP — typecheck · test · build	UNKNOWN STEP	2026-08-14T04:39:19.0377919Z ##[endgroup]
MCP — typecheck · test · build	UNKNOWN STEP	2026-08-14T04:39:19.0380061Z Secret source: Actions
MCP — typecheck · test · build	UNKNOWN STEP	2026-08-14T04:39:19.0381478Z Prepare workflow directory
MCP — typecheck · test · build	UNKNOWN STEP	2026-08-14T04:39:19.0795002Z Prepare all required actions
MCP — typecheck · test · build	UNKNOWN STEP	2026-08-14T04:39:19.0843959Z Getting action download info
MCP — typecheck · test · build	UNKNOWN STEP	2026-08-14T04:39:19.3217000Z Download action repository 'actions/checkout@df4cb1c069e1874edd31b4311f1884172cec0e10' (SHA:df4cb1c069e1874edd31b4311f1884172cec0e10)
MCP — typecheck · test · build	UNKNOWN STEP	2026-08-14T04:39:19.4562633Z Download action repository 'actions/setup-node@249970729cb0ef3589644e2896645e5dc5ba9c38' (SHA:249970729cb0ef3589644e2896645e5dc5ba9c38)
MCP — typecheck · test · build	UNKNOWN STEP	2026-08-14T04:39:20.0450201Z Complete job name: MCP — typecheck · test · build
MCP — typecheck · test · build	UNKNOWN STEP	2026-08-14T04:39:20.1329168Z ##[group]Run actions/checkout@df4cb1c069e1874edd31b4311f1884172cec0e10
MCP — typecheck · test · build	UNKNOWN STEP	2026-08-14T04:39:20.1330405Z with:
MCP — typecheck · test · build	UNKNOWN STEP	2026-08-14T04:39:20.1330941Z   repository: HomenShum/NodeSlide
MCP — typecheck · test · build	UNKNOWN STEP	2026-08-14T04:39:20.1335873Z   token: ***
MCP — typecheck · test · build	UNKNOWN STEP	2026-08-14T04:39:20.1336398Z   ssh-strict: true
MCP — typecheck · test · build	UNKNOWN STEP	2026-08-14T04:39:20.1336911Z   ssh-user: git
MCP — typecheck · test · build	UNKNOWN STEP	2026-08-14T04:39:20.1337437Z   persist-credentials: true
MCP — typecheck · test · build	UNKNOWN STEP	2026-08-14T04:39:20.1338010Z   clean: true
MCP — typecheck · test · build	UNKNOWN STEP	2026-08-14T04:39:20.1338526Z   sparse-checkout-cone-mode: true
MCP — typecheck · test · build	UNKNOWN STEP	2026-08-14T04:39:20.1339148Z   fetch-depth: 1
MCP — typecheck · test · build	UNKNOWN STEP	2026-08-14T04:39:20.1339644Z   fetch-tags: false
MCP — typecheck · test · build	UNKNOWN STEP	2026-08-14T04:39:20.1340175Z   show-progress: true
MCP — typecheck · test · build	UNKNOWN STEP	2026-08-14T04:39:20.1340702Z   lfs: false
MCP — typecheck · test · build	UNKNOWN STEP	2026-08-14T04:39:20.1341201Z   submodules: false
MCP — typecheck · test · build	UNKNOWN STEP	2026-08-14T04:39:20.1341742Z   set-safe-directory: true
MCP — typecheck · test · build	UNKNOWN STEP	2026-08-14T04:39:20.1342584Z ##[endgroup]
MCP — typecheck · test · build	UNKNOWN STEP	2026-08-14T04:39:20.2368504Z Syncing repository: HomenShum/NodeSlide
MCP — typecheck · test · build	UNKNOWN STEP	2026-08-14T04:39:20.2370784Z ##[group]Getting Git version info
MCP — typecheck · test · build	UNKNOWN STEP	2026-08-14T04:39:20.2371773Z Working directory is '/home/runner/work/NodeSlide/NodeSlide'
MCP — typecheck · test · build	UNKNOWN STEP	2026-08-14T04:39:20.2373120Z [command]/usr/bin/git version
MCP — typecheck · test · build	UNKNOWN STEP	2026-08-14T04:39:20.2408443Z git version 2.54.0
MCP — typecheck · test · build	UNKNOWN STEP	2026-08-14T04:39:20.2432523Z ##[endgroup]
MCP — typecheck · test · build	UNKNOWN STEP	2026-08-14T04:39:20.2447436Z Temporarily overriding HOME='/home/runner/work/_temp/be10bb3f-00ff-4ebe-b271-3133158e8795' before making global git config changes
MCP — typecheck · test · build	UNKNOWN STEP	2026-08-14T04:39:20.2450044Z Adding repository directory to the temporary git global config as a safe directory
MCP — typecheck · test · build	UNKNOWN STEP	2026-08-14T04:39:20.2452705Z [command]/usr/bin/git config --global --add safe.directory /home/runner/work/NodeSlide/NodeSlide
MCP — typecheck · test · build	UNKNOWN STEP	2026-08-14T04:39:20.2498303Z Deleting the contents of '/home/runner/work/NodeSlide/NodeSlide'
MCP — typecheck · test · build	UNKNOWN STEP	2026-08-14T04:39:20.2502643Z ##[group]Determining repository object format
MCP — typecheck · test · build	UNKNOWN STEP	2026-08-14T04:39:20.2505183Z ##[endgroup]
MCP — typecheck · test · build	UNKNOWN STEP	2026-08-14T04:39:20.2506287Z ##[group]Initializing the repository
MCP — typecheck · test · build	UNKNOWN STEP	2026-08-14T04:39:20.2511187Z [command]/usr/bin/git init /home/runner/work/NodeSlide/NodeSlide
MCP — typecheck · test · build	UNKNOWN STEP	2026-08-14T04:39:20.2603316Z hint: Using 'master' as the name for the initial branch. This default branch name
MCP — typecheck · test · build	UNKNOWN STEP	2026-08-14T04:39:20.2605871Z hint: will change to "main" in Git 3.0. To configure the initial branch name
MCP — typecheck · test · build	UNKNOWN STEP	2026-08-14T04:39:20.2608139Z hint: to use in all of your new repositories, which will suppress this warning,
MCP — typecheck · test · build	UNKNOWN STEP	2026-08-14T04:39:20.2609913Z hint: call:
MCP — typecheck · test · build	UNKNOWN STEP	2026-08-14T04:39:20.2611056Z hint:
MCP — typecheck · test · build	UNKNOWN STEP	2026-08-14T04:39:20.2612333Z hint: 	git config --global init.defaultBranch <name>
MCP — typecheck · test · build	UNKNOWN STEP	2026-08-14T04:39:20.2613825Z hint:
MCP — typecheck · test · build	UNKNOWN STEP	2026-08-14T04:39:20.2615486Z hint: Names commonly chosen instead of 'master' are 'main', 'trunk' and
MCP — typecheck · test · build	UNKNOWN STEP	2026-08-14T04:39:20.2618063Z hint: 'development'. The just-created branch can be renamed via this command:
MCP — typecheck · test · build	UNKNOWN STEP	2026-08-14T04:39:20.2619972Z hint:
MCP — typecheck · test · build	UNKNOWN STEP	2026-08-14T04:39:20.2621020Z hint: 	git branch -m <name>
MCP — typecheck · test · build	UNKNOWN STEP	2026-08-14T04:39:20.2622135Z hint:
MCP — typecheck · test · build	UNKNOWN STEP	2026-08-14T04:39:20.2623447Z hint: Disable this message with "git config set advice.defaultBranchName false"
MCP — typecheck · test · build	UNKNOWN STEP	2026-08-14T04:39:20.2625801Z Initialized empty Git repository in /home/runner/work/NodeSlide/NodeSlide/.git/
MCP — typecheck · test · build	UNKNOWN STEP	2026-08-14T04:39:20.2629179Z [command]/usr/bin/git remote add origin https://github.com/HomenShum/NodeSlide
MCP — typecheck · test · build	UNKNOWN STEP	2026-08-14T04:39:20.2664968Z ##[endgroup]
MCP — typecheck · test · build	UNKNOWN STEP	2026-08-14T04:39:20.2666501Z ##[group]Disabling automatic garbage collection
MCP — typecheck · test · build	UNKNOWN STEP	2026-08-14T04:39:20.2669600Z [command]/usr/bin/git config --local gc.auto 0
MCP — typecheck · test · build	UNKNOWN STEP	2026-08-14T04:39:20.2701989Z ##[endgroup]
MCP — typecheck · test · build	UNKNOWN STEP	2026-08-14T04:39:20.2703542Z ##[group]Setting up auth
MCP — typecheck · test · build	UNKNOWN STEP	2026-08-14T04:39:20.2704986Z Removing SSH command configuration
MCP — typecheck · test · build	UNKNOWN STEP	2026-08-14T04:39:20.2711027Z [command]/usr/bin/git config --local --name-only --get-regexp core\.sshCommand
MCP — typecheck · test · build	UNKNOWN STEP	2026-08-14T04:39:20.2746293Z [command]/usr/bin/git submodule foreach --recursive sh -c "git config --local --name-only --get-regexp 'core\.sshCommand' && git config --local --unset-all 'core.sshCommand' || :"
MCP — typecheck · test · build	UNKNOWN STEP	2026-08-14T04:39:20.3072215Z Removing HTTP extra header
MCP — typecheck · test · build	UNKNOWN STEP	2026-08-14T04:39:20.3079370Z [command]/usr/bin/git config --local --name-only --get-regexp http\.https\:\/\/github\.com\/\.extraheader
MCP — typecheck · test · build	UNKNOWN STEP	2026-08-14T04:39:20.3113692Z [command]/usr/bin/git submodule foreach --recursive sh -c "git config --local --name-only --get-regexp 'http\.https\:\/\/github\.com\/\.extraheader' && git config --local --unset-all 'http.https://github.com/.extraheader' || :"
MCP — typecheck · test · build	UNKNOWN STEP	2026-08-14T04:39:20.3338208Z Removing includeIf entries pointing to credentials config files
MCP — typecheck · test · build	UNKNOWN STEP	2026-08-14T04:39:20.3339680Z [command]/usr/bin/git config --local --name-only --get-regexp ^includeIf\.gitdir:
MCP — typecheck · test · build	UNKNOWN STEP	2026-08-14T04:39:20.3371910Z [command]/usr/bin/git submodule foreach --recursive git config --local --show-origin --name-only --get-regexp remote.origin.url
MCP — typecheck · test · build	UNKNOWN STEP	2026-08-14T04:39:20.3601761Z [command]/usr/bin/git config --file /home/runner/work/_temp/git-credentials-8d0b9c2e-c643-4b78-bb01-d97a741c0c9c.config http.https://github.com/.extraheader AUTHORIZATION: basic ***
MCP — typecheck · test · build	UNKNOWN STEP	2026-08-14T04:39:20.3640619Z [command]/usr/bin/git config --local includeIf.gitdir:/home/runner/work/NodeSlide/NodeSlide/.git.path /home/runner/work/_temp/git-credentials-8d0b9c2e-c643-4b78-bb01-d97a741c0c9c.config
MCP — typecheck · test · build	UNKNOWN STEP	2026-08-14T04:39:20.3669748Z [command]/usr/bin/git config --local includeIf.gitdir:/home/runner/work/NodeSlide/NodeSlide/.git/worktrees/*.path /home/runner/work/_temp/git-credentials-8d0b9c2e-c643-4b78-bb01-d97a741c0c9c.config
MCP — typecheck · test · build	UNKNOWN STEP	2026-08-14T04:39:20.3702004Z [command]/usr/bin/git config --local includeIf.gitdir:/github/workspace/.git.path /github/runner_temp/git-credentials-8d0b9c2e-c643-4b78-bb01-d97a741c0c9c.config
MCP — typecheck · test · build	UNKNOWN STEP	2026-08-14T04:39:20.3734016Z [command]/usr/bin/git config --local includeIf.gitdir:/github/workspace/.git/worktrees/*.path /github/runner_temp/git-credentials-8d0b9c2e-c643-4b78-bb01-d97a741c0c9c.config
MCP — typecheck · test · build	UNKNOWN STEP	2026-08-14T04:39:20.3766648Z ##[endgroup]
MCP — typecheck · test · build	UNKNOWN STEP	2026-08-14T04:39:20.3767637Z ##[group]Fetching the repository
MCP — typecheck · test · build	UNKNOWN STEP	2026-08-14T04:39:20.3775356Z [command]/usr/bin/git -c protocol.version=2 fetch --no-tags --prune --no-recurse-submodules --depth=1 origin +b0674b229a3691c09c88fcab1481f2e33342cb21:refs/remotes/origin/main
MCP — typecheck · test · build	UNKNOWN STEP	2026-08-14T04:39:24.8203034Z From https://github.com/HomenShum/NodeSlide
MCP — typecheck · test · build	UNKNOWN STEP	2026-08-14T04:39:24.8204823Z  * [new ref]         b0674b229a3691c09c88fcab1481f2e33342cb21 -> origin/main
MCP — typecheck · test · build	UNKNOWN STEP	2026-08-14T04:39:24.8288162Z [command]/usr/bin/git branch --list --remote origin/main
MCP — typecheck · test · build	UNKNOWN STEP	2026-08-14T04:39:24.8314474Z   origin/main
MCP — typecheck · test · build	UNKNOWN STEP	2026-08-14T04:39:24.8323303Z [command]/usr/bin/git rev-parse refs/remotes/origin/main
MCP — typecheck · test · build	UNKNOWN STEP	2026-08-14T04:39:24.8346307Z b0674b229a3691c09c88fcab1481f2e33342cb21
MCP — typecheck · test · build	UNKNOWN STEP	2026-08-14T04:39:24.8350511Z ##[endgroup]
MCP — typecheck · test · build	UNKNOWN STEP	2026-08-14T04:39:24.8351315Z ##[group]Determining the checkout info
MCP — typecheck · test · build	UNKNOWN STEP	2026-08-14T04:39:24.8357262Z ##[endgroup]
MCP — typecheck · test · build	UNKNOWN STEP	2026-08-14T04:39:24.8362850Z [command]/usr/bin/git sparse-checkout disable
MCP — typecheck · test · build	UNKNOWN STEP	2026-08-14T04:39:24.8401662Z [command]/usr/bin/git config --local --unset-all extensions.worktreeConfig
MCP — typecheck · test · build	UNKNOWN STEP	2026-08-14T04:39:24.8428501Z ##[group]Checking out the ref
MCP — typecheck · test · build	UNKNOWN STEP	2026-08-14T04:39:24.8431873Z [command]/usr/bin/git checkout --progress --force -B main refs/remotes/origin/main
MCP — typecheck · test · build	UNKNOWN STEP	2026-08-14T04:39:25.8536083Z Updating files:  76% (2993/3901)
MCP — typecheck · test · build	UNKNOWN STEP	2026-08-14T04:39:25.8641993Z Updating files:  77% (3004/3901)
MCP — typecheck · test · build	UNKNOWN STEP	2026-08-14T04:39:25.8750391Z Updating files:  78% (3043/3901)
MCP — typecheck · test · build	UNKNOWN STEP	2026-08-14T04:39:25.8859183Z Updating files:  79% (3082/3901)
MCP — typecheck · test · build	UNKNOWN STEP	2026-08-14T04:39:25.8973712Z Updating files:  80% (3121/3901)
MCP — typecheck · test · build	UNKNOWN STEP	2026-08-14T04:39:25.9101547Z Updating files:  81% (3160/3901)
MCP — typecheck · test · build	UNKNOWN STEP	2026-08-14T04:39:25.9205133Z Updating files:  82% (3199/3901)
MCP — typecheck · test · build	UNKNOWN STEP	2026-08-14T04:39:25.9320669Z Updating files:  83% (3238/3901)
MCP — typecheck · test · build	UNKNOWN STEP	2026-08-14T04:39:25.9425331Z Updating files:  84% (3277/3901)
MCP — typecheck · test · build	UNKNOWN STEP	2026-08-14T04:39:25.9449641Z Updating files:  85% (3316/3901)
MCP — typecheck · test · build	UNKNOWN STEP	2026-08-14T04:39:25.9481087Z Updating files:  86% (3355/3901)
MCP — typecheck · test · build	UNKNOWN STEP	2026-08-14T04:39:25.9510570Z Updating files:  87% (3394/3901)
MCP — typecheck · test · build	UNKNOWN STEP	2026-08-14T04:39:25.9540608Z Updating files:  88% (3433/3901)
MCP — typecheck · test · build	UNKNOWN STEP	2026-08-14T04:39:25.9575064Z Updating files:  89% (3472/3901)
MCP — typecheck · test · build	UNKNOWN STEP	2026-08-14T04:39:25.9609916Z Updating files:  90% (3511/3901)
MCP — typecheck · test · build	UNKNOWN STEP	2026-08-14T04:39:25.9636465Z Updating files:  91% (3550/3901)
MCP — typecheck · test · build	UNKNOWN STEP	2026-08-14T04:39:25.9669876Z Updating files:  92% (3589/3901)
MCP — typecheck · test · build	UNKNOWN STEP	2026-08-14T04:39:25.9703450Z Updating files:  93% (3628/3901)
MCP — typecheck · test · build	UNKNOWN STEP	2026-08-14T04:39:25.9739684Z Updating files:  94% (3667/3901)
MCP — typecheck · test · build	UNKNOWN STEP	2026-08-14T04:39:25.9770292Z Updating files:  95% (3706/3901)
MCP — typecheck · test · build	UNKNOWN STEP	2026-08-14T04:39:25.9801812Z Updating files:  96% (3745/3901)
MCP — typecheck · test · build	UNKNOWN STEP	2026-08-14T04:39:25.9841165Z Updating files:  97% (3784/3901)
MCP — typecheck · test · build	UNKNOWN STEP	2026-08-14T04:39:25.9876280Z Updating files:  98% (3823/3901)
MCP — typecheck · test · build	UNKNOWN STEP	2026-08-14T04:39:25.9905552Z Updating files:  99% (3862/3901)
MCP — typecheck · test · build	UNKNOWN STEP	2026-08-14T04:39:25.9905905Z Updating files: 100% (3901/3901)
MCP — typecheck · test · build	UNKNOWN STEP	2026-08-14T04:39:25.9906224Z Updating files: 100% (3901/3901), done.
MCP — typecheck · test · build	UNKNOWN STEP	2026-08-14T04:39:25.9962702Z Switched to a new branch 'main'
MCP — typecheck · test · build	UNKNOWN STEP	2026-08-14T04:39:25.9966200Z branch 'main' set up to track 'origin/main'.
MCP — typecheck · test · build	UNKNOWN STEP	2026-08-14T04:39:26.0031789Z ##[endgroup]
MCP — typecheck · test · build	UNKNOWN STEP	2026-08-14T04:39:26.0081101Z [command]/usr/bin/git log -1 --format=%H
MCP — typecheck · test · build	UNKNOWN STEP	2026-08-14T04:39:26.0107578Z b0674b229a3691c09c88fcab1481f2e33342cb21
MCP — typecheck · test · build	UNKNOWN STEP	2026-08-14T04:39:26.0376246Z ##[group]Run actions/setup-node@249970729cb0ef3589644e2896645e5dc5ba9c38
MCP — typecheck · test · build	UNKNOWN STEP	2026-08-14T04:39:26.0376657Z with:
MCP — typecheck · test · build	UNKNOWN STEP	2026-08-14T04:39:26.0376855Z   node-version: 22
MCP — typecheck · test · build	UNKNOWN STEP	2026-08-14T04:39:26.0377061Z   cache: npm
MCP — typecheck · test · build	UNKNOWN STEP	2026-08-14T04:39:26.0377258Z   check-latest: false
MCP — typecheck · test · build	UNKNOWN STEP	2026-08-14T04:39:26.0379686Z   token: ***
MCP — typecheck · test · build	UNKNOWN STEP	2026-08-14T04:39:26.0379930Z   package-manager-cache: true
MCP — typecheck · test · build	UNKNOWN STEP	2026-08-14T04:39:26.0380183Z ##[endgroup]
MCP — typecheck · test · build	UNKNOWN STEP	2026-08-14T04:39:26.1814171Z Found in cache @ /opt/hostedtoolcache/node/22.23.1/x64
MCP — typecheck · test · build	UNKNOWN STEP	2026-08-14T04:39:26.1817730Z ##[group]Environment details
MCP — typecheck · test · build	UNKNOWN STEP	2026-08-14T04:39:26.5579524Z node: v22.23.1
MCP — typecheck · test · build	UNKNOWN STEP	2026-08-14T04:39:26.5579951Z npm: 10.9.8
MCP — typecheck · test · build	UNKNOWN STEP	2026-08-14T04:39:26.5580297Z yarn: 1.22.22
MCP — typecheck · test · build	UNKNOWN STEP	2026-08-14T04:39:26.5581189Z ##[endgroup]
MCP — typecheck · test · build	UNKNOWN STEP	2026-08-14T04:39:26.5605449Z [command]/opt/hostedtoolcache/node/22.23.1/x64/bin/npm config get cache
MCP — typecheck · test · build	UNKNOWN STEP	2026-08-14T04:39:26.6693181Z /home/runner/.npm
MCP — typecheck · test · build	UNKNOWN STEP	2026-08-14T04:39:26.8108423Z Cache hit for: node-cache-Linux-x64-npm-c47f0e5907ee5d521b87e9b2ff623dc683fcd9a415c26f16c9d00535a1a6fd9a
MCP — typecheck · test · build	UNKNOWN STEP	2026-08-14T04:39:27.7779947Z Received 59328062 of 59328062 (100.0%), 70.5 MBs/sec
MCP — typecheck · test · build	UNKNOWN STEP	2026-08-14T04:39:27.7781841Z Cache Size: ~57 MB (59328062 B)
MCP — typecheck · test · build	UNKNOWN STEP	2026-08-14T04:39:27.7816067Z [command]/usr/bin/tar -xf /home/runner/work/_temp/04682190-b7da-4362-aa93-bee087523062/cache.tzst -P -C /home/runner/work/NodeSlide/NodeSlide --use-compress-program unzstd
MCP — typecheck · test · build	UNKNOWN STEP	2026-08-14T04:39:27.9250720Z Cache restored successfully
MCP — typecheck · test · build	UNKNOWN STEP	2026-08-14T04:39:27.9288827Z Cache restored from key: node-cache-Linux-x64-npm-c47f0e5907ee5d521b87e9b2ff623dc683fcd9a415c26f16c9d00535a1a6fd9a
MCP — typecheck · test · build	UNKNOWN STEP	2026-08-14T04:39:27.9451722Z ##[group]Run npm ci
MCP — typecheck · test · build	UNKNOWN STEP	2026-08-14T04:39:27.9452062Z [36;1mnpm ci[0m
MCP — typecheck · test · build	UNKNOWN STEP	2026-08-14T04:39:27.9509023Z shell: /usr/bin/bash -e {0}
MCP — typecheck · test · build	UNKNOWN STEP	2026-08-14T04:39:27.9509396Z ##[endgroup]
MCP — typecheck · test · build	UNKNOWN STEP	2026-08-14T04:39:31.5162135Z npm warn deprecated node-domexception@1.0.0: Use your platform's native DOMException instead
MCP — typecheck · test · build	UNKNOWN STEP	2026-08-14T04:39:37.2377138Z 
MCP — typecheck · test · build	UNKNOWN STEP	2026-08-14T04:39:37.2378268Z added 334 packages, and audited 342 packages in 9s
MCP — typecheck · test · build	UNKNOWN STEP	2026-08-14T04:39:37.2378753Z 
MCP — typecheck · test · build	UNKNOWN STEP	2026-08-14T04:39:37.2385544Z 69 packages are looking for funding
MCP — typecheck · test · build	UNKNOWN STEP	2026-08-14T04:39:37.2386256Z   run `npm fund` for details
MCP — typecheck · test · build	UNKNOWN STEP	2026-08-14T04:39:37.2425166Z 
MCP — typecheck · test · build	UNKNOWN STEP	2026-08-14T04:39:37.2425765Z 3 high severity vulnerabilities
MCP — typecheck · test · build	UNKNOWN STEP	2026-08-14T04:39:37.2426137Z 
MCP — typecheck · test · build	UNKNOWN STEP	2026-08-14T04:39:37.2426562Z To address issues that do not require attention, run:
MCP — typecheck · test · build	UNKNOWN STEP	2026-08-14T04:39:37.2427242Z   npm audit fix
MCP — typecheck · test · build	UNKNOWN STEP	2026-08-14T04:39:37.2427488Z 
MCP — typecheck · test · build	UNKNOWN STEP	2026-08-14T04:39:37.2428114Z To address all issues (including breaking changes), run:
MCP — typecheck · test · build	UNKNOWN STEP	2026-08-14T04:39:37.2428779Z   npm audit fix --force
MCP — typecheck · test · build	UNKNOWN STEP	2026-08-14T04:39:37.2429133Z 
MCP — typecheck · test · build	UNKNOWN STEP	2026-08-14T04:39:37.2429368Z Run `npm audit` for details.
MCP — typecheck · test · build	UNKNOWN STEP	2026-08-14T04:39:37.3193374Z ##[group]Run npm run typecheck
MCP — typecheck · test · build	UNKNOWN STEP	2026-08-14T04:39:37.3193932Z [36;1mnpm run typecheck[0m
MCP — typecheck · test · build	UNKNOWN STEP	2026-08-14T04:39:37.3237915Z shell: /usr/bin/bash -e {0}
MCP — typecheck · test · build	UNKNOWN STEP	2026-08-14T04:39:37.3238241Z ##[endgroup]
MCP — typecheck · test · build	UNKNOWN STEP	2026-08-14T04:39:37.4623016Z 
MCP — typecheck · test · build	UNKNOWN STEP	2026-08-14T04:39:37.4623886Z > nodeslide-mcp@0.2.2 typecheck
MCP — typecheck · test · build	UNKNOWN STEP	2026-08-14T04:39:37.4624569Z > tsc --noEmit
MCP — typecheck · test · build	UNKNOWN STEP	2026-08-14T04:39:37.4624826Z 
MCP — typecheck · test · build	UNKNOWN STEP	2026-08-14T04:39:42.0620221Z ##[group]Run npm test
MCP — typecheck · test · build	UNKNOWN STEP	2026-08-14T04:39:42.0620505Z [36;1mnpm test[0m
MCP — typecheck · test · build	UNKNOWN STEP	2026-08-14T04:39:42.0662944Z shell: /usr/bin/bash -e {0}
MCP — typecheck · test · build	UNKNOWN STEP	2026-08-14T04:39:42.0663209Z ##[endgroup]
MCP — typecheck · test · build	UNKNOWN STEP	2026-08-14T04:39:42.1965291Z 
MCP — typecheck · test · build	UNKNOWN STEP	2026-08-14T04:39:42.1965914Z > nodeslide-mcp@0.2.2 test
MCP — typecheck · test · build	UNKNOWN STEP	2026-08-14T04:39:42.1966474Z > vitest run --passWithNoTests
MCP — typecheck · test · build	UNKNOWN STEP	2026-08-14T04:39:42.1966753Z 
MCP — typecheck · test · build	UNKNOWN STEP	2026-08-14T04:39:42.4753823Z 
MCP — typecheck · test · build	UNKNOWN STEP	2026-08-14T04:39:42.4757191Z [1m[30m[46m RUN [49m[39m[22m [36mv4.1.10 [39m[90m/home/runner/work/NodeSlide/NodeSlide/mcp[39m
MCP — typecheck · test · build	UNKNOWN STEP	2026-08-14T04:39:42.4758136Z 
MCP — typecheck · test · build	UNKNOWN STEP	2026-08-14T04:39:42.9636988Z  [32m✓[39m src/lib/recipeLangTools.test.ts [2m([22m[2m2 tests[22m[2m)[22m[32m 39[2mms[22m[39m
MCP — typecheck · test · build	UNKNOWN STEP	2026-08-14T04:39:43.3756565Z  [32m✓[39m src/lib/localDeckTools.test.ts [2m([22m[2m3 tests[22m[2m)[22m[32m 87[2mms[22m[39m
MCP — typecheck · test · build	UNKNOWN STEP	2026-08-14T04:39:43.4087363Z  [32m✓[39m src/lib/nodeslidePatchOperationSchema.test.ts [2m([22m[2m4 tests[22m[2m)[22m[32m 7[2mms[22m[39m
MCP — typecheck · test · build	UNKNOWN STEP	2026-08-14T04:39:43.4168720Z  [32m✓[39m src/lib/nodeslideTools.test.ts [2m([22m[2m10 tests[22m[2m)[22m[32m 16[2mms[22m[39m
MCP — typecheck · test · build	UNKNOWN STEP	2026-08-14T04:39:43.4193960Z 
MCP — typecheck · test · build	UNKNOWN STEP	2026-08-14T04:39:43.4198975Z [2m Test Files [22m [1m[32m4 passed[39m[22m[90m (4)[39m
MCP — typecheck · test · build	UNKNOWN STEP	2026-08-14T04:39:43.4200143Z [2m      Tests [22m [1m[32m19 passed[39m[22m[90m (19)[39m
MCP — typecheck · test · build	UNKNOWN STEP	2026-08-14T04:39:43.4201013Z [2m   Start at [22m 04:39:42
MCP — typecheck · test · build	UNKNOWN STEP	2026-08-14T04:39:43.4202810Z [2m   Duration [22m 937ms[2m (transform 1.37s, setup 0ms, import 1.95s, tests 149ms, environment 1ms)[22m
MCP — typecheck · test · build	UNKNOWN STEP	2026-08-14T04:39:43.4205146Z 
MCP — typecheck · test · build	UNKNOWN STEP	2026-08-14T04:39:43.4496483Z ##[group]Run npm run build
MCP — typecheck · test · build	UNKNOWN STEP	2026-08-14T04:39:43.4496785Z [36;1mnpm run build[0m
MCP — typecheck · test · build	UNKNOWN STEP	2026-08-14T04:39:43.4539523Z shell: /usr/bin/bash -e {0}
MCP — typecheck · test · build	UNKNOWN STEP	2026-08-14T04:39:43.4539795Z ##[endgroup]
MCP — typecheck · test · build	UNKNOWN STEP	2026-08-14T04:39:43.5832272Z 
MCP — typecheck · test · build	UNKNOWN STEP	2026-08-14T04:39:43.5833098Z > nodeslide-mcp@0.2.2 build
MCP — typecheck · test · build	UNKNOWN STEP	2026-08-14T04:39:43.5833804Z > tsup src/index.ts --format esm --platform node --dts --clean --sourcemap
MCP — typecheck · test · build	UNKNOWN STEP	2026-08-14T04:39:43.5834192Z 
MCP — typecheck · test · build	UNKNOWN STEP	2026-08-14T04:39:43.8809132Z [34mCLI[39m Building entry: src/index.ts
MCP — typecheck · test · build	UNKNOWN STEP	2026-08-14T04:39:43.8817373Z [34mCLI[39m Using tsconfig: tsconfig.json
MCP — typecheck · test · build	UNKNOWN STEP	2026-08-14T04:39:43.8819205Z [34mCLI[39m tsup v8.5.1
MCP — typecheck · test · build	UNKNOWN STEP	2026-08-14T04:39:43.8859476Z [34mCLI[39m Target: es2022
MCP — typecheck · test · build	UNKNOWN STEP	2026-08-14T04:39:43.8873348Z [34mCLI[39m Cleaning output folder
MCP — typecheck · test · build	UNKNOWN STEP	2026-08-14T04:39:43.8884919Z [34mESM[39m Build start
MCP — typecheck · test · build	UNKNOWN STEP	2026-08-14T04:39:43.9816936Z [32mESM[39m [1mdist/index.js     [22m[32m388.75 KB[39m
MCP — typecheck · test · build	UNKNOWN STEP	2026-08-14T04:39:43.9818736Z [32mESM[39m [1mdist/index.js.map [22m[32m881.42 KB[39m
MCP — typecheck · test · build	UNKNOWN STEP	2026-08-14T04:39:43.9820047Z [32mESM[39m ⚡️ Build success in 93ms
MCP — typecheck · test · build	UNKNOWN STEP	2026-08-14T04:39:44.1811256Z [34mDTS[39m Build start
MCP — typecheck · test · build	UNKNOWN STEP	2026-08-14T04:39:48.9621792Z [32mDTS[39m ⚡️ Build success in 4781ms
MCP — typecheck · test · build	UNKNOWN STEP	2026-08-14T04:39:48.9622689Z [32mDTS[39m [1mdist/index.d.ts [22m[32m20.00 B[39m
MCP — typecheck · test · build	UNKNOWN STEP	2026-08-14T04:39:49.0396747Z Post job cleanup.
MCP — typecheck · test · build	UNKNOWN STEP	2026-08-14T04:39:49.1623909Z Cache hit occurred on the primary key node-cache-Linux-x64-npm-c47f0e5907ee5d521b87e9b2ff623dc683fcd9a415c26f16c9d00535a1a6fd9a, not saving cache.
MCP — typecheck · test · build	UNKNOWN STEP	2026-08-14T04:39:49.1773303Z Post job cleanup.
MCP — typecheck · test · build	UNKNOWN STEP	2026-08-14T04:39:49.2651007Z [command]/usr/bin/git version
MCP — typecheck · test · build	UNKNOWN STEP	2026-08-14T04:39:49.2690014Z git version 2.54.0
MCP — typecheck · test · build	UNKNOWN STEP	2026-08-14T04:39:49.2729682Z Temporarily overriding HOME='/home/runner/work/_temp/3e41f4b2-6719-4ea1-9a76-efeb04600440' before making global git config changes
MCP — typecheck · test · build	UNKNOWN STEP	2026-08-14T04:39:49.2730861Z Adding repository directory to the temporary git global config as a safe directory
MCP — typecheck · test · build	UNKNOWN STEP	2026-08-14T04:39:49.2735558Z [command]/usr/bin/git config --global --add safe.directory /home/runner/work/NodeSlide/NodeSlide
MCP — typecheck · test · build	UNKNOWN STEP	2026-08-14T04:39:49.2765945Z Removing SSH command configuration
MCP — typecheck · test · build	UNKNOWN STEP	2026-08-14T04:39:49.2772066Z [command]/usr/bin/git config --local --name-only --get-regexp core\.sshCommand
MCP — typecheck · test · build	UNKNOWN STEP	2026-08-14T04:39:49.2805932Z [command]/usr/bin/git submodule foreach --recursive sh -c "git config --local --name-only --get-regexp 'core\.sshCommand' && git config --local --unset-all 'core.sshCommand' || :"
MCP — typecheck · test · build	UNKNOWN STEP	2026-08-14T04:39:49.3063929Z Removing HTTP extra header
MCP — typecheck · test · build	UNKNOWN STEP	2026-08-14T04:39:49.3069436Z [command]/usr/bin/git config --local --name-only --get-regexp http\.https\:\/\/github\.com\/\.extraheader
MCP — typecheck · test · build	UNKNOWN STEP	2026-08-14T04:39:49.3103125Z [command]/usr/bin/git submodule foreach --recursive sh -c "git config --local --name-only --get-regexp 'http\.https\:\/\/github\.com\/\.extraheader' && git config --local --unset-all 'http.https://github.com/.extraheader' || :"
MCP — typecheck · test · build	UNKNOWN STEP	2026-08-14T04:39:49.3328163Z Removing includeIf entries pointing to credentials config files
MCP — typecheck · test · build	UNKNOWN STEP	2026-08-14T04:39:49.3335762Z [command]/usr/bin/git config --local --name-only --get-regexp ^includeIf\.gitdir:
MCP — typecheck · test · build	UNKNOWN STEP	2026-08-14T04:39:49.3362089Z includeif.gitdir:/home/runner/work/NodeSlide/NodeSlide/.git.path
MCP — typecheck · test · build	UNKNOWN STEP	2026-08-14T04:39:49.3363327Z includeif.gitdir:/home/runner/work/NodeSlide/NodeSlide/.git/worktrees/*.path
MCP — typecheck · test · build	UNKNOWN STEP	2026-08-14T04:39:49.3364348Z includeif.gitdir:/github/workspace/.git.path
MCP — typecheck · test · build	UNKNOWN STEP	2026-08-14T04:39:49.3365613Z includeif.gitdir:/github/workspace/.git/worktrees/*.path
MCP — typecheck · test · build	UNKNOWN STEP	2026-08-14T04:39:49.3372369Z [command]/usr/bin/git config --local --get-all includeif.gitdir:/home/runner/work/NodeSlide/NodeSlide/.git.path
MCP — typecheck · test · build	UNKNOWN STEP	2026-08-14T04:39:49.3393952Z /home/runner/work/_temp/git-credentials-8d0b9c2e-c643-4b78-bb01-d97a741c0c9c.config
MCP — typecheck · test · build	UNKNOWN STEP	2026-08-14T04:39:49.3412033Z [command]/usr/bin/git config --local --unset includeif.gitdir:/home/runner/work/NodeSlide/NodeSlide/.git.path /home/runner/work/_temp/git-credentials-8d0b9c2e-c643-4b78-bb01-d97a741c0c9c.config
MCP — typecheck · test · build	UNKNOWN STEP	2026-08-14T04:39:49.3438909Z [command]/usr/bin/git config --local --get-all includeif.gitdir:/home/runner/work/NodeSlide/NodeSlide/.git/worktrees/*.path
MCP — typecheck · test · build	UNKNOWN STEP	2026-08-14T04:39:49.3460632Z /home/runner/work/_temp/git-credentials-8d0b9c2e-c643-4b78-bb01-d97a741c0c9c.config
MCP — typecheck · test · build	UNKNOWN STEP	2026-08-14T04:39:49.3470140Z [command]/usr/bin/git config --local --unset includeif.gitdir:/home/runner/work/NodeSlide/NodeSlide/.git/worktrees/*.path /home/runner/work/_temp/git-credentials-8d0b9c2e-c643-4b78-bb01-d97a741c0c9c.config
MCP — typecheck · test · build	UNKNOWN STEP	2026-08-14T04:39:49.3500790Z [command]/usr/bin/git config --local --get-all includeif.gitdir:/github/workspace/.git.path
MCP — typecheck · test · build	UNKNOWN STEP	2026-08-14T04:39:49.3521770Z /github/runner_temp/git-credentials-8d0b9c2e-c643-4b78-bb01-d97a741c0c9c.config
MCP — typecheck · test · build	UNKNOWN STEP	2026-08-14T04:39:49.3529779Z [command]/usr/bin/git config --local --unset includeif.gitdir:/github/workspace/.git.path /github/runner_temp/git-credentials-8d0b9c2e-c643-4b78-bb01-d97a741c0c9c.config
MCP — typecheck · test · build	UNKNOWN STEP	2026-08-14T04:39:49.3559266Z [command]/usr/bin/git config --local --get-all includeif.gitdir:/github/workspace/.git/worktrees/*.path
MCP — typecheck · test · build	UNKNOWN STEP	2026-08-14T04:39:49.3579489Z /github/runner_temp/git-credentials-8d0b9c2e-c643-4b78-bb01-d97a741c0c9c.config
MCP — typecheck · test · build	UNKNOWN STEP	2026-08-14T04:39:49.3588688Z [command]/usr/bin/git config --local --unset includeif.gitdir:/github/workspace/.git/worktrees/*.path /github/runner_temp/git-credentials-8d0b9c2e-c643-4b78-bb01-d97a741c0c9c.config
MCP — typecheck · test · build	UNKNOWN STEP	2026-08-14T04:39:49.3619600Z [command]/usr/bin/git submodule foreach --recursive git config --local --show-origin --name-only --get-regexp remote.origin.url
MCP — typecheck · test · build	UNKNOWN STEP	2026-08-14T04:39:49.3839878Z Removing credentials config '/home/runner/work/_temp/git-credentials-8d0b9c2e-c643-4b78-bb01-d97a741c0c9c.config'
MCP — typecheck · test · build	UNKNOWN STEP	2026-08-14T04:39:49.3986818Z Cleaning up orphan processes
App + packages — lint · typecheck · test · build · consume	UNKNOWN STEP	﻿2026-08-14T04:39:19.4599517Z Current runner version: '2.336.0'
App + packages — lint · typecheck · test · build · consume	UNKNOWN STEP	2026-08-14T04:39:19.4648004Z ##[group]Runner Image Provisioner
App + packages — lint · typecheck · test · build · consume	UNKNOWN STEP	2026-08-14T04:39:19.4649017Z Hosted Compute Agent
App + packages — lint · typecheck · test · build · consume	UNKNOWN STEP	2026-08-14T04:39:19.4649605Z Version: 20260729.566
App + packages — lint · typecheck · test · build · consume	UNKNOWN STEP	2026-08-14T04:39:19.4650512Z Commit: cf7153fe6e25b664e8693c24944bf2b00355d109
App + packages — lint · typecheck · test · build · consume	UNKNOWN STEP	2026-08-14T04:39:19.4651319Z Build Date: 2026-07-29T19:17:02Z
App + packages — lint · typecheck · test · build · consume	UNKNOWN STEP	2026-08-14T04:39:19.4652046Z Worker ID: {897be74d-fd44-43ff-a771-1ae29fdab518}
App + packages — lint · typecheck · test · build · consume	UNKNOWN STEP	2026-08-14T04:39:19.4652807Z Azure Region: westus
App + packages — lint · typecheck · test · build · consume	UNKNOWN STEP	2026-08-14T04:39:19.4653433Z ##[endgroup]
App + packages — lint · typecheck · test · build · consume	UNKNOWN STEP	2026-08-14T04:39:19.4655390Z ##[group]Operating System
App + packages — lint · typecheck · test · build · consume	UNKNOWN STEP	2026-08-14T04:39:19.4656113Z Ubuntu
App + packages — lint · typecheck · test · build · consume	UNKNOWN STEP	2026-08-14T04:39:19.4656675Z 24.04.4
App + packages — lint · typecheck · test · build · consume	UNKNOWN STEP	2026-08-14T04:39:19.4657140Z LTS
App + packages — lint · typecheck · test · build · consume	UNKNOWN STEP	2026-08-14T04:39:19.4658065Z ##[endgroup]
App + packages — lint · typecheck · test · build · consume	UNKNOWN STEP	2026-08-14T04:39:19.4658624Z ##[group]Runner Image
App + packages — lint · typecheck · test · build · consume	UNKNOWN STEP	2026-08-14T04:39:19.4659258Z Image: ubuntu-24.04
App + packages — lint · typecheck · test · build · consume	UNKNOWN STEP	2026-08-14T04:39:19.4660056Z Version: 20260810.271.1
App + packages — lint · typecheck · test · build · consume	UNKNOWN STEP	2026-08-14T04:39:19.4661373Z Included Software: https://github.com/actions/runner-images/blob/ubuntu24/20260810.271/images/ubuntu/Ubuntu2404-Readme.md
App + packages — lint · typecheck · test · build · consume	UNKNOWN STEP	2026-08-14T04:39:19.4662879Z Image Release: https://github.com/actions/runner-images/releases/tag/ubuntu24%2F20260810.271
App + packages — lint · typecheck · test · build · consume	UNKNOWN STEP	2026-08-14T04:39:19.4663900Z ##[endgroup]
App + packages — lint · typecheck · test · build · consume	UNKNOWN STEP	2026-08-14T04:39:19.4665101Z ##[group]GITHUB_TOKEN Permissions
App + packages — lint · typecheck · test · build · consume	UNKNOWN STEP	2026-08-14T04:39:19.4667205Z Contents: read
App + packages — lint · typecheck · test · build · consume	UNKNOWN STEP	2026-08-14T04:39:19.4667910Z Metadata: read
App + packages — lint · typecheck · test · build · consume	UNKNOWN STEP	2026-08-14T04:39:19.4668467Z Packages: read
App + packages — lint · typecheck · test · build · consume	UNKNOWN STEP	2026-08-14T04:39:19.4669059Z ##[endgroup]
App + packages — lint · typecheck · test · build · consume	UNKNOWN STEP	2026-08-14T04:39:19.4671493Z Secret source: Actions
App + packages — lint · typecheck · test · build · consume	UNKNOWN STEP	2026-08-14T04:39:19.4673072Z Prepare workflow directory
App + packages — lint · typecheck · test · build · consume	UNKNOWN STEP	2026-08-14T04:39:19.5063634Z Prepare all required actions
App + packages — lint · typecheck · test · build · consume	UNKNOWN STEP	2026-08-14T04:39:19.5112820Z Getting action download info
App + packages — lint · typecheck · test · build · consume	UNKNOWN STEP	2026-08-14T04:39:19.8483532Z Download action repository 'actions/checkout@df4cb1c069e1874edd31b4311f1884172cec0e10' (SHA:df4cb1c069e1874edd31b4311f1884172cec0e10)
App + packages — lint · typecheck · test · build · consume	UNKNOWN STEP	2026-08-14T04:39:20.0000469Z Download action repository 'actions/setup-node@249970729cb0ef3589644e2896645e5dc5ba9c38' (SHA:249970729cb0ef3589644e2896645e5dc5ba9c38)
App + packages — lint · typecheck · test · build · consume	UNKNOWN STEP	2026-08-14T04:39:20.2323790Z Complete job name: App + packages — lint · typecheck · test · build · consume
App + packages — lint · typecheck · test · build · consume	UNKNOWN STEP	2026-08-14T04:39:20.3154773Z ##[group]Run actions/checkout@df4cb1c069e1874edd31b4311f1884172cec0e10
App + packages — lint · typecheck · test · build · consume	UNKNOWN STEP	2026-08-14T04:39:20.3155849Z with:
App + packages — lint · typecheck · test · build · consume	UNKNOWN STEP	2026-08-14T04:39:20.3156314Z   repository: HomenShum/NodeSlide
App + packages — lint · typecheck · test · build · consume	UNKNOWN STEP	2026-08-14T04:39:20.3160507Z   token: ***
App + packages — lint · typecheck · test · build · consume	UNKNOWN STEP	2026-08-14T04:39:20.3160958Z   ssh-strict: true
App + packages — lint · typecheck · test · build · consume	UNKNOWN STEP	2026-08-14T04:39:20.3161411Z   ssh-user: git
App + packages — lint · typecheck · test · build · consume	UNKNOWN STEP	2026-08-14T04:39:20.3161864Z   persist-credentials: true
App + packages — lint · typecheck · test · build · consume	UNKNOWN STEP	2026-08-14T04:39:20.3162362Z   clean: true
App + packages — lint · typecheck · test · build · consume	UNKNOWN STEP	2026-08-14T04:39:20.3162815Z   sparse-checkout-cone-mode: true
App + packages — lint · typecheck · test · build · consume	UNKNOWN STEP	2026-08-14T04:39:20.3163333Z   fetch-depth: 1
App + packages — lint · typecheck · test · build · consume	UNKNOWN STEP	2026-08-14T04:39:20.3163768Z   fetch-tags: false
App + packages — lint · typecheck · test · build · consume	UNKNOWN STEP	2026-08-14T04:39:20.3164216Z   show-progress: true
App + packages — lint · typecheck · test · build · consume	UNKNOWN STEP	2026-08-14T04:39:20.3164670Z   lfs: false
App + packages — lint · typecheck · test · build · consume	UNKNOWN STEP	2026-08-14T04:39:20.3165082Z   submodules: false
App + packages — lint · typecheck · test · build · consume	UNKNOWN STEP	2026-08-14T04:39:20.3165530Z   set-safe-directory: true
App + packages — lint · typecheck · test · build · consume	UNKNOWN STEP	2026-08-14T04:39:20.3166270Z ##[endgroup]
App + packages — lint · typecheck · test · build · consume	UNKNOWN STEP	2026-08-14T04:39:20.4186381Z Syncing repository: HomenShum/NodeSlide
App + packages — lint · typecheck · test · build · consume	UNKNOWN STEP	2026-08-14T04:39:20.4188116Z ##[group]Getting Git version info
App + packages — lint · typecheck · test · build · consume	UNKNOWN STEP	2026-08-14T04:39:20.4188911Z Working directory is '/home/runner/work/NodeSlide/NodeSlide'
App + packages — lint · typecheck · test · build · consume	UNKNOWN STEP	2026-08-14T04:39:20.4190263Z [command]/usr/bin/git version
App + packages — lint · typecheck · test · build · consume	UNKNOWN STEP	2026-08-14T04:39:20.4245493Z git version 2.54.0
App + packages — lint · typecheck · test · build · consume	UNKNOWN STEP	2026-08-14T04:39:20.4302151Z ##[endgroup]
App + packages — lint · typecheck · test · build · consume	UNKNOWN STEP	2026-08-14T04:39:20.4320466Z Temporarily overriding HOME='/home/runner/work/_temp/643fed3e-6836-45f5-a0ab-bbf658ea302d' before making global git config changes
App + packages — lint · typecheck · test · build · consume	UNKNOWN STEP	2026-08-14T04:39:20.4323236Z Adding repository directory to the temporary git global config as a safe directory
App + packages — lint · typecheck · test · build · consume	UNKNOWN STEP	2026-08-14T04:39:20.4326432Z [command]/usr/bin/git config --global --add safe.directory /home/runner/work/NodeSlide/NodeSlide
App + packages — lint · typecheck · test · build · consume	UNKNOWN STEP	2026-08-14T04:39:20.4376957Z Deleting the contents of '/home/runner/work/NodeSlide/NodeSlide'
App + packages — lint · typecheck · test · build · consume	UNKNOWN STEP	2026-08-14T04:39:20.4381537Z ##[group]Determining repository object format
App + packages — lint · typecheck · test · build · consume	UNKNOWN STEP	2026-08-14T04:39:20.4384163Z ##[endgroup]
App + packages — lint · typecheck · test · build · consume	UNKNOWN STEP	2026-08-14T04:39:20.4385482Z ##[group]Initializing the repository
App + packages — lint · typecheck · test · build · consume	UNKNOWN STEP	2026-08-14T04:39:20.4390904Z [command]/usr/bin/git init /home/runner/work/NodeSlide/NodeSlide
App + packages — lint · typecheck · test · build · consume	UNKNOWN STEP	2026-08-14T04:39:20.4517731Z hint: Using 'master' as the name for the initial branch. This default branch name
App + packages — lint · typecheck · test · build · consume	UNKNOWN STEP	2026-08-14T04:39:20.4519165Z hint: will change to "main" in Git 3.0. To configure the initial branch name
App + packages — lint · typecheck · test · build · consume	UNKNOWN STEP	2026-08-14T04:39:20.4520572Z hint: to use in all of your new repositories, which will suppress this warning,
App + packages — lint · typecheck · test · build · consume	UNKNOWN STEP	2026-08-14T04:39:20.4521789Z hint: call:
App + packages — lint · typecheck · test · build · consume	UNKNOWN STEP	2026-08-14T04:39:20.4522539Z hint:
App + packages — lint · typecheck · test · build · consume	UNKNOWN STEP	2026-08-14T04:39:20.4523374Z hint: 	git config --global init.defaultBranch <name>
App + packages — lint · typecheck · test · build · consume	UNKNOWN STEP	2026-08-14T04:39:20.4524121Z hint:
App + packages — lint · typecheck · test · build · consume	UNKNOWN STEP	2026-08-14T04:39:20.4525202Z hint: Names commonly chosen instead of 'master' are 'main', 'trunk' and
App + packages — lint · typecheck · test · build · consume	UNKNOWN STEP	2026-08-14T04:39:20.4527095Z hint: 'development'. The just-created branch can be renamed via this command:
App + packages — lint · typecheck · test · build · consume	UNKNOWN STEP	2026-08-14T04:39:20.4528551Z hint:
App + packages — lint · typecheck · test · build · consume	UNKNOWN STEP	2026-08-14T04:39:20.4529363Z hint: 	git branch -m <name>
App + packages — lint · typecheck · test · build · consume	UNKNOWN STEP	2026-08-14T04:39:20.4530607Z hint:
App + packages — lint · typecheck · test · build · consume	UNKNOWN STEP	2026-08-14T04:39:20.4531842Z hint: Disable this message with "git config set advice.defaultBranchName false"
App + packages — lint · typecheck · test · build · consume	UNKNOWN STEP	2026-08-14T04:39:20.4533578Z Initialized empty Git repository in /home/runner/work/NodeSlide/NodeSlide/.git/
App + packages — lint · typecheck · test · build · consume	UNKNOWN STEP	2026-08-14T04:39:20.4536703Z [command]/usr/bin/git remote add origin https://github.com/HomenShum/NodeSlide
App + packages — lint · typecheck · test · build · consume	UNKNOWN STEP	2026-08-14T04:39:20.4581173Z ##[endgroup]
App + packages — lint · typecheck · test · build · consume	UNKNOWN STEP	2026-08-14T04:39:20.4582456Z ##[group]Disabling automatic garbage collection
App + packages — lint · typecheck · test · build · consume	UNKNOWN STEP	2026-08-14T04:39:20.4585930Z [command]/usr/bin/git config --local gc.auto 0
App + packages — lint · typecheck · test · build · consume	UNKNOWN STEP	2026-08-14T04:39:20.4615323Z ##[endgroup]
App + packages — lint · typecheck · test · build · consume	UNKNOWN STEP	2026-08-14T04:39:20.4616130Z ##[group]Setting up auth
App + packages — lint · typecheck · test · build · consume	UNKNOWN STEP	2026-08-14T04:39:20.4616898Z Removing SSH command configuration
App + packages — lint · typecheck · test · build · consume	UNKNOWN STEP	2026-08-14T04:39:20.4622772Z [command]/usr/bin/git config --local --name-only --get-regexp core\.sshCommand
App + packages — lint · typecheck · test · build · consume	UNKNOWN STEP	2026-08-14T04:39:20.4657159Z [command]/usr/bin/git submodule foreach --recursive sh -c "git config --local --name-only --get-regexp 'core\.sshCommand' && git config --local --unset-all 'core.sshCommand' || :"
App + packages — lint · typecheck · test · build · consume	UNKNOWN STEP	2026-08-14T04:39:20.4996487Z Removing HTTP extra header
App + packages — lint · typecheck · test · build · consume	UNKNOWN STEP	2026-08-14T04:39:20.5003617Z [command]/usr/bin/git config --local --name-only --get-regexp http\.https\:\/\/github\.com\/\.extraheader
App + packages — lint · typecheck · test · build · consume	UNKNOWN STEP	2026-08-14T04:39:20.5040978Z [command]/usr/bin/git submodule foreach --recursive sh -c "git config --local --name-only --get-regexp 'http\.https\:\/\/github\.com\/\.extraheader' && git config --local --unset-all 'http.https://github.com/.extraheader' || :"
App + packages — lint · typecheck · test · build · consume	UNKNOWN STEP	2026-08-14T04:39:20.5264307Z Removing includeIf entries pointing to credentials config files
App + packages — lint · typecheck · test · build · consume	UNKNOWN STEP	2026-08-14T04:39:20.5274349Z [command]/usr/bin/git config --local --name-only --get-regexp ^includeIf\.gitdir:
App + packages — lint · typecheck · test · build · consume	UNKNOWN STEP	2026-08-14T04:39:20.5313749Z [command]/usr/bin/git submodule foreach --recursive git config --local --show-origin --name-only --get-regexp remote.origin.url
App + packages — lint · typecheck · test · build · consume	UNKNOWN STEP	2026-08-14T04:39:20.5565003Z [command]/usr/bin/git config --file /home/runner/work/_temp/git-credentials-8153ffe1-23b5-4435-a0ba-a82591d34f08.config http.https://github.com/.extraheader AUTHORIZATION: basic ***
App + packages — lint · typecheck · test · build · consume	UNKNOWN STEP	2026-08-14T04:39:20.5607862Z [command]/usr/bin/git config --local includeIf.gitdir:/home/runner/work/NodeSlide/NodeSlide/.git.path /home/runner/work/_temp/git-credentials-8153ffe1-23b5-4435-a0ba-a82591d34f08.config
App + packages — lint · typecheck · test · build · consume	UNKNOWN STEP	2026-08-14T04:39:20.5641480Z [command]/usr/bin/git config --local includeIf.gitdir:/home/runner/work/NodeSlide/NodeSlide/.git/worktrees/*.path /home/runner/work/_temp/git-credentials-8153ffe1-23b5-4435-a0ba-a82591d34f08.config
App + packages — lint · typecheck · test · build · consume	UNKNOWN STEP	2026-08-14T04:39:20.5678420Z [command]/usr/bin/git config --local includeIf.gitdir:/github/workspace/.git.path /github/runner_temp/git-credentials-8153ffe1-23b5-4435-a0ba-a82591d34f08.config
App + packages — lint · typecheck · test · build · consume	UNKNOWN STEP	2026-08-14T04:39:20.5715367Z [command]/usr/bin/git config --local includeIf.gitdir:/github/workspace/.git/worktrees/*.path /github/runner_temp/git-credentials-8153ffe1-23b5-4435-a0ba-a82591d34f08.config
App + packages — lint · typecheck · test · build · consume	UNKNOWN STEP	2026-08-14T04:39:20.5757819Z ##[endgroup]
App + packages — lint · typecheck · test · build · consume	UNKNOWN STEP	2026-08-14T04:39:20.5759178Z ##[group]Fetching the repository
App + packages — lint · typecheck · test · build · consume	UNKNOWN STEP	2026-08-14T04:39:20.5769182Z [command]/usr/bin/git -c protocol.version=2 fetch --no-tags --prune --no-recurse-submodules --depth=1 origin +b0674b229a3691c09c88fcab1481f2e33342cb21:refs/remotes/origin/main
App + packages — lint · typecheck · test · build · consume	UNKNOWN STEP	2026-08-14T04:39:25.7107240Z From https://github.com/HomenShum/NodeSlide
App + packages — lint · typecheck · test · build · consume	UNKNOWN STEP	2026-08-14T04:39:25.7109007Z  * [new ref]         b0674b229a3691c09c88fcab1481f2e33342cb21 -> origin/main
App + packages — lint · typecheck · test · build · consume	UNKNOWN STEP	2026-08-14T04:39:25.7152821Z [command]/usr/bin/git branch --list --remote origin/main
App + packages — lint · typecheck · test · build · consume	UNKNOWN STEP	2026-08-14T04:39:25.7178729Z   origin/main
App + packages — lint · typecheck · test · build · consume	UNKNOWN STEP	2026-08-14T04:39:25.7186380Z [command]/usr/bin/git rev-parse refs/remotes/origin/main
App + packages — lint · typecheck · test · build · consume	UNKNOWN STEP	2026-08-14T04:39:25.7210205Z b0674b229a3691c09c88fcab1481f2e33342cb21
App + packages — lint · typecheck · test · build · consume	UNKNOWN STEP	2026-08-14T04:39:25.7215244Z ##[endgroup]
App + packages — lint · typecheck · test · build · consume	UNKNOWN STEP	2026-08-14T04:39:25.7217023Z ##[group]Determining the checkout info
App + packages — lint · typecheck · test · build · consume	UNKNOWN STEP	2026-08-14T04:39:25.7218503Z ##[endgroup]
App + packages — lint · typecheck · test · build · consume	UNKNOWN STEP	2026-08-14T04:39:25.7220562Z [command]/usr/bin/git sparse-checkout disable
App + packages — lint · typecheck · test · build · consume	UNKNOWN STEP	2026-08-14T04:39:25.7264361Z [command]/usr/bin/git config --local --unset-all extensions.worktreeConfig
App + packages — lint · typecheck · test · build · consume	UNKNOWN STEP	2026-08-14T04:39:25.7290431Z ##[group]Checking out the ref
App + packages — lint · typecheck · test · build · consume	UNKNOWN STEP	2026-08-14T04:39:25.7293513Z [command]/usr/bin/git checkout --progress --force -B main refs/remotes/origin/main
App + packages — lint · typecheck · test · build · consume	UNKNOWN STEP	2026-08-14T04:39:26.7473625Z Updating files:  77% (3005/3901)
App + packages — lint · typecheck · test · build · consume	UNKNOWN STEP	2026-08-14T04:39:26.7582254Z Updating files:  78% (3043/3901)
App + packages — lint · typecheck · test · build · consume	UNKNOWN STEP	2026-08-14T04:39:26.7692008Z Updating files:  79% (3082/3901)
App + packages — lint · typecheck · test · build · consume	UNKNOWN STEP	2026-08-14T04:39:26.7805643Z Updating files:  80% (3121/3901)
App + packages — lint · typecheck · test · build · consume	UNKNOWN STEP	2026-08-14T04:39:26.7932522Z Updating files:  81% (3160/3901)
App + packages — lint · typecheck · test · build · consume	UNKNOWN STEP	2026-08-14T04:39:26.8037475Z Updating files:  82% (3199/3901)
App + packages — lint · typecheck · test · build · consume	UNKNOWN STEP	2026-08-14T04:39:26.8152547Z Updating files:  83% (3238/3901)
App + packages — lint · typecheck · test · build · consume	UNKNOWN STEP	2026-08-14T04:39:26.8257823Z Updating files:  84% (3277/3901)
App + packages — lint · typecheck · test · build · consume	UNKNOWN STEP	2026-08-14T04:39:26.8280821Z Updating files:  85% (3316/3901)
App + packages — lint · typecheck · test · build · consume	UNKNOWN STEP	2026-08-14T04:39:26.8312438Z Updating files:  86% (3355/3901)
App + packages — lint · typecheck · test · build · consume	UNKNOWN STEP	2026-08-14T04:39:26.8341350Z Updating files:  87% (3394/3901)
App + packages — lint · typecheck · test · build · consume	UNKNOWN STEP	2026-08-14T04:39:26.8371289Z Updating files:  88% (3433/3901)
App + packages — lint · typecheck · test · build · consume	UNKNOWN STEP	2026-08-14T04:39:26.8405657Z Updating files:  89% (3472/3901)
App + packages — lint · typecheck · test · build · consume	UNKNOWN STEP	2026-08-14T04:39:26.8439032Z Updating files:  90% (3511/3901)
App + packages — lint · typecheck · test · build · consume	UNKNOWN STEP	2026-08-14T04:39:26.8465239Z Updating files:  91% (3550/3901)
App + packages — lint · typecheck · test · build · consume	UNKNOWN STEP	2026-08-14T04:39:26.8498573Z Updating files:  92% (3589/3901)
App + packages — lint · typecheck · test · build · consume	UNKNOWN STEP	2026-08-14T04:39:26.8532486Z Updating files:  93% (3628/3901)
App + packages — lint · typecheck · test · build · consume	UNKNOWN STEP	2026-08-14T04:39:26.8567220Z Updating files:  94% (3667/3901)
App + packages — lint · typecheck · test · build · consume	UNKNOWN STEP	2026-08-14T04:39:26.8595141Z Updating files:  95% (3706/3901)
App + packages — lint · typecheck · test · build · consume	UNKNOWN STEP	2026-08-14T04:39:26.8629321Z Updating files:  96% (3745/3901)
App + packages — lint · typecheck · test · build · consume	UNKNOWN STEP	2026-08-14T04:39:26.8668294Z Updating files:  97% (3784/3901)
App + packages — lint · typecheck · test · build · consume	UNKNOWN STEP	2026-08-14T04:39:26.8702705Z Updating files:  98% (3823/3901)
App + packages — lint · typecheck · test · build · consume	UNKNOWN STEP	2026-08-14T04:39:26.8731334Z Updating files:  99% (3862/3901)
App + packages — lint · typecheck · test · build · consume	UNKNOWN STEP	2026-08-14T04:39:26.8731852Z Updating files: 100% (3901/3901)
App + packages — lint · typecheck · test · build · consume	UNKNOWN STEP	2026-08-14T04:39:26.8732336Z Updating files: 100% (3901/3901), done.
App + packages — lint · typecheck · test · build · consume	UNKNOWN STEP	2026-08-14T04:39:26.8788249Z Switched to a new branch 'main'
App + packages — lint · typecheck · test · build · consume	UNKNOWN STEP	2026-08-14T04:39:26.8792009Z branch 'main' set up to track 'origin/main'.
App + packages — lint · typecheck · test · build · consume	UNKNOWN STEP	2026-08-14T04:39:26.8856816Z ##[endgroup]
App + packages — lint · typecheck · test · build · consume	UNKNOWN STEP	2026-08-14T04:39:26.8901967Z [command]/usr/bin/git log -1 --format=%H
App + packages — lint · typecheck · test · build · consume	UNKNOWN STEP	2026-08-14T04:39:26.8926386Z b0674b229a3691c09c88fcab1481f2e33342cb21
App + packages — lint · typecheck · test · build · consume	UNKNOWN STEP	2026-08-14T04:39:26.9205451Z ##[group]Run actions/setup-node@249970729cb0ef3589644e2896645e5dc5ba9c38
App + packages — lint · typecheck · test · build · consume	UNKNOWN STEP	2026-08-14T04:39:26.9205923Z with:
App + packages — lint · typecheck · test · build · consume	UNKNOWN STEP	2026-08-14T04:39:26.9206169Z   node-version: 22
App + packages — lint · typecheck · test · build · consume	UNKNOWN STEP	2026-08-14T04:39:26.9206427Z   cache: npm
App + packages — lint · typecheck · test · build · consume	UNKNOWN STEP	2026-08-14T04:39:26.9274584Z   check-latest: false
App + packages — lint · typecheck · test · build · consume	UNKNOWN STEP	2026-08-14T04:39:26.9277798Z   token: ***
App + packages — lint · typecheck · test · build · consume	UNKNOWN STEP	2026-08-14T04:39:26.9278080Z   package-manager-cache: true
App + packages — lint · typecheck · test · build · consume	UNKNOWN STEP	2026-08-14T04:39:26.9278422Z ##[endgroup]
App + packages — lint · typecheck · test · build · consume	UNKNOWN STEP	2026-08-14T04:39:27.0696992Z Found in cache @ /opt/hostedtoolcache/node/22.23.2/x64
App + packages — lint · typecheck · test · build · consume	UNKNOWN STEP	2026-08-14T04:39:27.0700303Z ##[group]Environment details
App + packages — lint · typecheck · test · build · consume	UNKNOWN STEP	2026-08-14T04:39:30.5851110Z node: v22.23.2
App + packages — lint · typecheck · test · build · consume	UNKNOWN STEP	2026-08-14T04:39:30.5851453Z npm: 10.9.8
App + packages — lint · typecheck · test · build · consume	UNKNOWN STEP	2026-08-14T04:39:30.5851815Z yarn: 1.22.22
App + packages — lint · typecheck · test · build · consume	UNKNOWN STEP	2026-08-14T04:39:30.5853401Z ##[endgroup]
App + packages — lint · typecheck · test · build · consume	UNKNOWN STEP	2026-08-14T04:39:30.5871898Z [command]/opt/hostedtoolcache/node/22.23.2/x64/bin/npm config get cache
App + packages — lint · typecheck · test · build · consume	UNKNOWN STEP	2026-08-14T04:39:30.9168874Z /home/runner/.npm
App + packages — lint · typecheck · test · build · consume	UNKNOWN STEP	2026-08-14T04:39:31.1897640Z Cache hit for: node-cache-Linux-x64-npm-c47f0e5907ee5d521b87e9b2ff623dc683fcd9a415c26f16c9d00535a1a6fd9a
App + packages — lint · typecheck · test · build · consume	UNKNOWN STEP	2026-08-14T04:39:32.4833081Z Received 0 of 59328062 (0.0%), 0.0 MBs/sec
App + packages — lint · typecheck · test · build · consume	UNKNOWN STEP	2026-08-14T04:39:33.0999554Z Received 59328062 of 59328062 (100.0%), 35.0 MBs/sec
App + packages — lint · typecheck · test · build · consume	UNKNOWN STEP	2026-08-14T04:39:33.1000918Z Cache Size: ~57 MB (59328062 B)
App + packages — lint · typecheck · test · build · consume	UNKNOWN STEP	2026-08-14T04:39:33.1043997Z [command]/usr/bin/tar -xf /home/runner/work/_temp/16f70267-0685-43e1-9683-628da7b40748/cache.tzst -P -C /home/runner/work/NodeSlide/NodeSlide --use-compress-program unzstd
App + packages — lint · typecheck · test · build · consume	UNKNOWN STEP	2026-08-14T04:39:33.2593371Z Cache restored successfully
App + packages — lint · typecheck · test · build · consume	UNKNOWN STEP	2026-08-14T04:39:33.2628973Z Cache restored from key: node-cache-Linux-x64-npm-c47f0e5907ee5d521b87e9b2ff623dc683fcd9a415c26f16c9d00535a1a6fd9a
App + packages — lint · typecheck · test · build · consume	UNKNOWN STEP	2026-08-14T04:39:33.2808388Z ##[group]Run npm ci
App + packages — lint · typecheck · test · build · consume	UNKNOWN STEP	2026-08-14T04:39:33.2808728Z [36;1mnpm ci[0m
App + packages — lint · typecheck · test · build · consume	UNKNOWN STEP	2026-08-14T04:39:33.2857393Z shell: /usr/bin/bash -e {0}
App + packages — lint · typecheck · test · build · consume	UNKNOWN STEP	2026-08-14T04:39:33.2857693Z ##[endgroup]
App + packages — lint · typecheck · test · build · consume	UNKNOWN STEP	2026-08-14T04:39:37.3407762Z npm warn skipping integrity check for git dependency ssh://git@github.com/HomenShum/node-platform.git
App + packages — lint · typecheck · test · build · consume	UNKNOWN STEP	2026-08-14T04:39:42.0954669Z npm warn deprecated node-domexception@1.0.0: Use your platform's native DOMException instead
App + packages — lint · typecheck · test · build · consume	UNKNOWN STEP	2026-08-14T04:40:05.9504510Z 
App + packages — lint · typecheck · test · build · consume	UNKNOWN STEP	2026-08-14T04:40:05.9505898Z added 712 packages, and audited 728 packages in 33s
App + packages — lint · typecheck · test · build · consume	UNKNOWN STEP	2026-08-14T04:40:05.9506406Z 
App + packages — lint · typecheck · test · build · consume	UNKNOWN STEP	2026-08-14T04:40:05.9506730Z 104 packages are looking for funding
App + packages — lint · typecheck · test · build · consume	UNKNOWN STEP	2026-08-14T04:40:05.9507263Z   run `npm fund` for details
App + packages — lint · typecheck · test · build · consume	UNKNOWN STEP	2026-08-14T04:40:05.9601880Z 
App + packages — lint · typecheck · test · build · consume	UNKNOWN STEP	2026-08-14T04:40:05.9603774Z 4 high severity vulnerabilities
App + packages — lint · typecheck · test · build · consume	UNKNOWN STEP	2026-08-14T04:40:05.9604266Z 
App + packages — lint · typecheck · test · build · consume	UNKNOWN STEP	2026-08-14T04:40:05.9604750Z To address issues that do not require attention, run:
App + packages — lint · typecheck · test · build · consume	UNKNOWN STEP	2026-08-14T04:40:05.9605427Z   npm audit fix
App + packages — lint · typecheck · test · build · consume	UNKNOWN STEP	2026-08-14T04:40:05.9605702Z 
App + packages — lint · typecheck · test · build · consume	UNKNOWN STEP	2026-08-14T04:40:05.9606256Z To address all issues (including breaking changes), run:
App + packages — lint · typecheck · test · build · consume	UNKNOWN STEP	2026-08-14T04:40:05.9606952Z   npm audit fix --force
App + packages — lint · typecheck · test · build · consume	UNKNOWN STEP	2026-08-14T04:40:05.9607232Z 
App + packages — lint · typecheck · test · build · consume	UNKNOWN STEP	2026-08-14T04:40:05.9607466Z Run `npm audit` for details.
App + packages — lint · typecheck · test · build · consume	UNKNOWN STEP	2026-08-14T04:40:06.0726804Z ##[group]Run npm run lint
App + packages — lint · typecheck · test · build · consume	UNKNOWN STEP	2026-08-14T04:40:06.0727130Z [36;1mnpm run lint[0m
App + packages — lint · typecheck · test · build · consume	UNKNOWN STEP	2026-08-14T04:40:06.0765669Z shell: /usr/bin/bash -e {0}
App + packages — lint · typecheck · test · build · consume	UNKNOWN STEP	2026-08-14T04:40:06.0765942Z ##[endgroup]
App + packages — lint · typecheck · test · build · consume	UNKNOWN STEP	2026-08-14T04:40:06.1761626Z 
App + packages — lint · typecheck · test · build · consume	UNKNOWN STEP	2026-08-14T04:40:06.1762198Z > nodeslide@0.1.0 lint
App + packages — lint · typecheck · test · build · consume	UNKNOWN STEP	2026-08-14T04:40:06.1762665Z > biome check .
App + packages — lint · typecheck · test · build · consume	UNKNOWN STEP	2026-08-14T04:40:06.1762841Z 
App + packages — lint · typecheck · test · build · consume	UNKNOWN STEP	2026-08-14T04:40:09.2476516Z Checked 1074 files in 3s. No fixes applied.
App + packages — lint · typecheck · test · build · consume	UNKNOWN STEP	2026-08-14T04:40:09.2632864Z ##[group]Run npm run lint:nodeslide-agent-ui
App + packages — lint · typecheck · test · build · consume	UNKNOWN STEP	2026-08-14T04:40:09.2633265Z [36;1mnpm run lint:nodeslide-agent-ui[0m
App + packages — lint · typecheck · test · build · consume	UNKNOWN STEP	2026-08-14T04:40:09.2670392Z shell: /usr/bin/bash -e {0}
App + packages — lint · typecheck · test · build · consume	UNKNOWN STEP	2026-08-14T04:40:09.2670674Z ##[endgroup]
App + packages — lint · typecheck · test · build · consume	UNKNOWN STEP	2026-08-14T04:40:09.3660190Z 
App + packages — lint · typecheck · test · build · consume	UNKNOWN STEP	2026-08-14T04:40:09.3661193Z > nodeslide@0.1.0 lint:nodeslide-agent-ui
App + packages — lint · typecheck · test · build · consume	UNKNOWN STEP	2026-08-14T04:40:09.3661855Z > node scripts/nodeslide-agent-ui-linter.mjs
App + packages — lint · typecheck · test · build · consume	UNKNOWN STEP	2026-08-14T04:40:09.3662143Z 
App + packages — lint · typecheck · test · build · consume	UNKNOWN STEP	2026-08-14T04:40:09.6708168Z PASS screen root exposes app identity
App + packages — lint · typecheck · test · build · consume	UNKNOWN STEP	2026-08-14T04:40:09.6711314Z PASS screen root exposes stable state
App + packages — lint · typecheck · test · build · consume	UNKNOWN STEP	2026-08-14T04:40:09.6712015Z PASS screen root exposes agent surface
App + packages — lint · typecheck · test · build · consume	UNKNOWN STEP	2026-08-14T04:40:09.6712671Z PASS composer exposes model selection
App + packages — lint · typecheck · test · build · consume	UNKNOWN STEP	2026-08-14T04:40:09.6713311Z PASS composer exposes file attachment
App + packages — lint · typecheck · test · build · consume	UNKNOWN STEP	2026-08-14T04:40:09.6713953Z PASS composer exposes web consent posture
App + packages — lint · typecheck · test · build · consume	UNKNOWN STEP	2026-08-14T04:40:09.6714790Z PASS composer exposes cancellation
App + packages — lint · typecheck · test · build · consume	UNKNOWN STEP	2026-08-14T04:40:09.6715833Z PASS trace exposes durable journal
App + packages — lint · typecheck · test · build · consume	UNKNOWN STEP	2026-08-14T04:40:09.6716818Z PASS data exposes deletion lifecycle
App + packages — lint · typecheck · test · build · consume	UNKNOWN STEP	2026-08-14T04:40:09.6717648Z PASS ui contract is published, not merely defined
App + packages — lint · typecheck · test · build · consume	UNKNOWN STEP	2026-08-14T04:40:09.6718513Z PASS ui contract publishes its version level
App + packages — lint · typecheck · test · build · consume	UNKNOWN STEP	2026-08-14T04:40:09.6719261Z PASS ui contract leaves data-ns-theme to the studio root
App + packages — lint · typecheck · test · build · consume	UNKNOWN STEP	2026-08-14T04:40:09.6720182Z PASS failed shells publish no loading stage
App + packages — lint · typecheck · test · build · consume	UNKNOWN STEP	2026-08-14T04:40:09.6720834Z PASS ui contract publishes data-ns-contract
App + packages — lint · typecheck · test · build · consume	UNKNOWN STEP	2026-08-14T04:40:09.6721502Z PASS ui contract publishes data-ns-phase
App + packages — lint · typecheck · test · build · consume	UNKNOWN STEP	2026-08-14T04:40:09.6722157Z PASS ui contract publishes data-ns-connection
App + packages — lint · typecheck · test · build · consume	UNKNOWN STEP	2026-08-14T04:40:09.6722829Z PASS ui contract publishes data-ns-loading-stage
App + packages — lint · typecheck · test · build · consume	UNKNOWN STEP	2026-08-14T04:40:09.6723547Z PASS ui contract publishes data-ns-loading-elapsed-ms
App + packages — lint · typecheck · test · build · consume	UNKNOWN STEP	2026-08-14T04:40:09.6724254Z PASS ui contract publishes data-ns-loading-retry
App + packages — lint · typecheck · test · build · consume	UNKNOWN STEP	2026-08-14T04:40:09.6724890Z PASS ui contract publishes data-ns-deck-id
App + packages — lint · typecheck · test · build · consume	UNKNOWN STEP	2026-08-14T04:40:09.6725525Z PASS ui contract publishes data-ns-deck-version
App + packages — lint · typecheck · test · build · consume	UNKNOWN STEP	2026-08-14T04:40:09.6726189Z PASS ui contract publishes data-ns-slide-count
App + packages — lint · typecheck · test · build · consume	UNKNOWN STEP	2026-08-14T04:40:09.6726851Z PASS ui contract publishes data-ns-job-status
App + packages — lint · typecheck · test · build · consume	UNKNOWN STEP	2026-08-14T04:40:09.6727528Z PASS ui contract publishes data-ns-job-phase
App + packages — lint · typecheck · test · build · consume	UNKNOWN STEP	2026-08-14T04:40:09.6728970Z PASS trust-surfaces clause 1: every swept decision surface is enumerated (annotated or reviewed)
App + packages — lint · typecheck · test · build · consume	UNKNOWN STEP	2026-08-14T04:40:09.6729741Z PASS trust-surfaces clause 1: no stale entry in the reviewed-non-surface allowlist
App + packages — lint · typecheck · test · build · consume	UNKNOWN STEP	2026-08-14T04:40:09.6730997Z PASS trust-surfaces clause 1: every annotation declares a known surface kind
App + packages — lint · typecheck · test · build · consume	UNKNOWN STEP	2026-08-14T04:40:09.6731936Z PASS trust-surfaces clause 1: at least one surface is enumerated (the census is not empty)
App + packages — lint · typecheck · test · build · consume	UNKNOWN STEP	2026-08-14T04:40:09.6733115Z PASS trust-surfaces clause 2: every surface publishes its kind-required attribute
App + packages — lint · typecheck · test · build · consume	UNKNOWN STEP	2026-08-14T04:40:09.6734326Z PASS trust-surfaces clause 2: literal data-decision values are from the declared vocabulary
App + packages — lint · typecheck · test · build · consume	UNKNOWN STEP	2026-08-14T04:40:09.6735521Z PASS trust-surfaces clause 1: every proposal surface publishes data-proposal-origin
App + packages — lint · typecheck · test · build · consume	UNKNOWN STEP	2026-08-14T04:40:09.6736647Z PASS trust-surfaces clause 1: no stale entry in the authorless-proposal allowlist
App + packages — lint · typecheck · test · build · consume	UNKNOWN STEP	2026-08-14T04:40:09.6737851Z PASS trust-surfaces clause 1: every authorless exemption states why it has no origin
App + packages — lint · typecheck · test · build · consume	UNKNOWN STEP	2026-08-14T04:40:09.6739115Z PASS trust-surfaces clause 1: at least one surface actually carries data-proposal-origin
App + packages — lint · typecheck · test · build · consume	UNKNOWN STEP	2026-08-14T04:40:09.6741003Z PASS trust-surfaces clause 2: every data-proposal-origin is written by nodeSlideProposalOriginAttribute() or a declared literal
App + packages — lint · typecheck · test · build · consume	UNKNOWN STEP	2026-08-14T04:40:09.6742671Z PASS trust-surfaces clause 2: no data-proposal-origin is stringified into the literal "undefined"
App + packages — lint · typecheck · test · build · consume	UNKNOWN STEP	2026-08-14T04:40:09.6744045Z PASS trust-surfaces clause 3: no CSS transition/animation on an enumerated decision surface
App + packages — lint · typecheck · test · build · consume	UNKNOWN STEP	2026-08-14T04:40:09.6745367Z PASS trust-surfaces clause 3: no motion utility class on an enumerated decision surface
App + packages — lint · typecheck · test · build · consume	UNKNOWN STEP	2026-08-14T04:40:09.6746754Z PASS trust-surfaces clause 3 [TRIPWIRE]: no inline style motion on an enumerated decision surface
App + packages — lint · typecheck · test · build · consume	UNKNOWN STEP	2026-08-14T04:40:09.6748628Z PASS trust-surfaces clause 3 [TRIPWIRE]: no Framer Motion animation prop on an enumerated decision surface
App + packages — lint · typecheck · test · build · consume	UNKNOWN STEP	2026-08-14T04:40:09.6750459Z PASS trust-surfaces clause 3 [TRIPWIRE]: no Web Animations API call in a component owning a decision surface
App + packages — lint · typecheck · test · build · consume	UNKNOWN STEP	2026-08-14T04:40:09.6751834Z PASS trust-surfaces clause 3: no success token on a CSS rule for a pending state
App + packages — lint · typecheck · test · build · consume	UNKNOWN STEP	2026-08-14T04:40:09.6753175Z PASS trust-surfaces clause 3 [TRIPWIRE]: no success class on a tag declaring data-decision="undecided"
App + packages — lint · typecheck · test · build · consume	UNKNOWN STEP	2026-08-14T04:40:09.6754628Z PASS trust-surfaces clause 3 [TRIPWIRE]: no motion on the failed state of a failed-state surface
App + packages — lint · typecheck · test · build · consume	UNKNOWN STEP	2026-08-14T04:40:09.6756044Z PASS motion-deception corpus: every fixture carries a verdict, a mode, a fixture name and a reason
App + packages — lint · typecheck · test · build · consume	UNKNOWN STEP	2026-08-14T04:40:09.6757026Z PASS motion-deception corpus: every "detected" verdict names a check that actually exists
App + packages — lint · typecheck · test · build · consume	UNKNOWN STEP	2026-08-14T04:40:09.6757626Z PASS motion-deception corpus: fixture ids are unique
App + packages — lint · typecheck · test · build · consume	UNKNOWN STEP	2026-08-14T04:40:09.6757891Z 
App + packages — lint · typecheck · test · build · consume	UNKNOWN STEP	2026-08-14T04:40:09.6758043Z Trust-surface clause coverage:
App + packages — lint · typecheck · test · build · consume	UNKNOWN STEP	2026-08-14T04:40:09.6758661Z   [STATIC] clause 1 — enumeration by route + annotation
App + packages — lint · typecheck · test · build · consume	UNKNOWN STEP	2026-08-14T04:40:09.6759201Z   [STATIC] clause 2 — required attributes present, then valued
App + packages — lint · typecheck · test · build · consume	UNKNOWN STEP	2026-08-14T04:40:09.6759670Z   [STATIC] clause 3 — no motion on decision affordances
App + packages — lint · typecheck · test · build · consume	UNKNOWN STEP	2026-08-14T04:40:09.6760712Z   [STATIC (explicit selectors only)] clause 3 — no success token on a pending element
App + packages — lint · typecheck · test · build · consume	UNKNOWN STEP	2026-08-14T04:40:09.6761405Z   [NOT-RUN] clause 3 — computed styles / cascade resolution
App + packages — lint · typecheck · test · build · consume	UNKNOWN STEP	2026-08-14T04:40:09.6763666Z       not-run — a base rule that paints success and is overridden per state cannot be resolved from source text; needs getComputedStyle on a rendered surface. npx playwright test tests/e2e/nodeslide-trust-surfaces.spec.ts
App + packages — lint · typecheck · test · build · consume	UNKNOWN STEP	2026-08-14T04:40:09.6765664Z   [NOT-RUN] clause 4 — screenshot-gate states match DOM-declared states
App + packages — lint · typecheck · test · build · consume	UNKNOWN STEP	2026-08-14T04:40:09.6767070Z       not-run — browser-only; needs a run that opens each enumerated surface, reads [data-trust-surface][data-decision] and diffs it against the frozen screenshot state. npx playwright test tests/e2e/nodeslide-trust-surfaces.spec.ts
App + packages — lint · typecheck · test · build · consume	UNKNOWN STEP	2026-08-14T04:40:09.6768062Z 
App + packages — lint · typecheck · test · build · consume	UNKNOWN STEP	2026-08-14T04:40:09.6768377Z Trust-surface census: 10 enumerated, 0 not-run, 12 components swept
App + packages — lint · typecheck · test · build · consume	UNKNOWN STEP	2026-08-14T04:40:09.6768972Z 
App + packages — lint · typecheck · test · build · consume	UNKNOWN STEP	2026-08-14T04:40:09.6769357Z Motion-deception coverage: 1 of 7 known deception classes are detected by this gate.
App + packages — lint · typecheck · test · build · consume	UNKNOWN STEP	2026-08-14T04:40:09.6770454Z A green run means THESE CHECKS FOUND NOTHING. It is not evidence that no deceptive motion exists.
App + packages — lint · typecheck · test · build · consume	UNKNOWN STEP	2026-08-14T04:40:09.6771049Z   [NOT-DETECTED] #1 exists but never mounts  (NOT-RUN)
App + packages — lint · typecheck · test · build · consume	UNKNOWN STEP	2026-08-14T04:40:09.6772311Z        The annotation is in the source, so the census enumerates the surface and every clause passes. Whether the element was ever put on the page is not a property of the text. A surface that never mounts is indistinguishable from a compliant one until something renders it.
App + packages — lint · typecheck · test · build · consume	UNKNOWN STEP	2026-08-14T04:40:09.6773586Z        would be run by: npx playwright test tests/e2e/nodeslide-trust-surfaces.spec.ts
App + packages — lint · typecheck · test · build · consume	UNKNOWN STEP	2026-08-14T04:40:09.6774155Z   [NOT-DETECTED] #2 animation targets an off-screen decoy  (NOT-RUN)
App + packages — lint · typecheck · test · build · consume	UNKNOWN STEP	2026-08-14T04:40:09.6776647Z        Clause 3 derives the classes it polices off the annotated tags, so a sibling element that is not annotated is never checked — which is correct for a real sibling and useless against a deliberate clone. A decoy sharing a class PREFIX with a real surface (.ns-ship-card-ghost vs .ns-ship-card) trips the selector substring match by accident, so the catch cannot be relied on: rename the decoy and it is gone. Deciding what is a decoy needs geometry — same rendered box, different element.
App + packages — lint · typecheck · test · build · consume	UNKNOWN STEP	2026-08-14T04:40:09.6778792Z        would be run by: npx playwright test tests/e2e/nodeslide-trust-surfaces.spec.ts
App + packages — lint · typecheck · test · build · consume	UNKNOWN STEP	2026-08-14T04:40:09.6779422Z   [NOT-DETECTED] #3 screenshots differ only because of a clock  (NOT-RUN)
App + packages — lint · typecheck · test · build · consume	UNKNOWN STEP	2026-08-14T04:40:09.6783692Z        This is clause 4 (screenshot state vs DOM state), which is already not-run. Detecting a clock IN the surface from source would be cheap and was deliberately NOT added: the timestamp that moves the pixels can sit anywhere in the captured frame — a status bar, a log line, a cursor — so a source check would refuse some honest surfaces while still passing the dishonest capture. A check that cannot see the artifact it is judging should say so rather than approximate.
App + packages — lint · typecheck · test · build · consume	UNKNOWN STEP	2026-08-14T04:40:09.6785666Z        would be run by: npx playwright test tests/e2e/nodeslide-trust-surfaces.spec.ts
App + packages — lint · typecheck · test · build · consume	UNKNOWN STEP	2026-08-14T04:40:09.6786257Z   [DETECTED    ] #4 trust surface animates toward apparent approval  (STATIC)
App + packages — lint · typecheck · test · build · consume	UNKNOWN STEP	2026-08-14T04:40:09.6786817Z        via clause 3: no CSS transition/animation on an enumerated decision surface
App + packages — lint · typecheck · test · build · consume	UNKNOWN STEP	2026-08-14T04:40:09.6787364Z        via clause 3: no motion utility class on an enumerated decision surface
App + packages — lint · typecheck · test · build · consume	UNKNOWN STEP	2026-08-14T04:40:09.6787921Z        via clause 3 [TRIPWIRE]: no inline style motion on an enumerated decision surface
App + packages — lint · typecheck · test · build · consume	UNKNOWN STEP	2026-08-14T04:40:09.6788888Z        via clause 3 [TRIPWIRE]: no Framer Motion animation prop on an enumerated decision surface
App + packages — lint · typecheck · test · build · consume	UNKNOWN STEP	2026-08-14T04:40:09.6790323Z        via clause 3 [TRIPWIRE]: no Web Animations API call in a component owning a decision surface
App + packages — lint · typecheck · test · build · consume	UNKNOWN STEP	2026-08-14T04:40:09.6792224Z        Detected at the DECLARATION SITE, in all five routes source can express. Not proof of absence: motion injected at runtime (a class added by script, a stylesheet fetched at runtime, a third-party widget) is still invisible here, and the cascade half of clause 3 stays not-run.
App + packages — lint · typecheck · test · build · consume	UNKNOWN STEP	2026-08-14T04:40:09.6794268Z   [NOT-DETECTED] #5 reduced-motion renders a different design  (NOT-RUN)
App + packages — lint · typecheck · test · build · consume	UNKNOWN STEP	2026-08-14T04:40:09.6798532Z        The CSS reader flattens at-rules: rules inside @media (prefers-reduced-motion: reduce) are parsed with their at-rule context dropped, so the gate cannot tell "this applies only under reduced motion" from "this always applies". It therefore cannot compare the two designs, which is the whole deception. The same flattening makes `transition: none` inside a reduced-motion block read as motion — a false positive the corpus fixture pins so the next reader meets it as a known limit, not a mystery.
App + packages — lint · typecheck · test · build · consume	UNKNOWN STEP	2026-08-14T04:40:09.6802199Z        would be run by: npx playwright test tests/e2e/nodeslide-trust-surfaces.spec.ts
App + packages — lint · typecheck · test · build · consume	UNKNOWN STEP	2026-08-14T04:40:09.6803208Z   [NOT-DETECTED] #6 GSAP knockout jumps to the end and falsely passes  (NOT-RUN)
App + packages — lint · typecheck · test · build · consume	UNKNOWN STEP	2026-08-14T04:40:09.6809600Z        This is a defect in a KNOCKOUT PROCEDURE, not a property of source text. A tween knocked out with timeScale(0) or duration:0 still APPLIES ITS END STATE, and the end state is exactly what the un-knocked-out run produces — so the before/after comparison still differs and the knockout reports success while proving nothing. The correct knockout is causal: prevent the timeline from being CONSTRUCTED at all, then assert the end state never arrives. Fast-forwarding is not a knockout, it is the same run with the middle deleted. This gate runs no knockout of rendered motion, so it has nothing to be fooled by and nothing to offer; the rule is recorded here so that whoever writes the browser spec does not rediscover it the expensive way.
App + packages — lint · typecheck · test · build · consume	UNKNOWN STEP	2026-08-14T04:40:09.6813833Z        would be run by: npx playwright test tests/e2e/nodeslide-trust-surfaces.spec.ts
App + packages — lint · typecheck · test · build · consume	UNKNOWN STEP	2026-08-14T04:40:09.6814497Z   [NOT-DETECTED] #7 video shows motion the live application does not contain  (NOT-RUN)
App + packages — lint · typecheck · test · build · consume	UNKNOWN STEP	2026-08-14T04:40:09.6816458Z        The deception lives entirely in an artifact this gate never opens. Source can be perfectly clean — the fixture is a compliant surface and passes, correctly — while the recording shows an animation that was staged, sped up, or recorded from a branch that never shipped. Reconciling a video against a live page is the far side of clause 4.
App + packages — lint · typecheck · test · build · consume	UNKNOWN STEP	2026-08-14T04:40:09.6817903Z        would be run by: npx playwright test tests/e2e/nodeslide-trust-surfaces.spec.ts
App + packages — lint · typecheck · test · build · consume	UNKNOWN STEP	2026-08-14T04:40:09.6818241Z 
App + packages — lint · typecheck · test · build · consume	UNKNOWN STEP	2026-08-14T04:40:09.6818411Z NodeSlide agent-operability checks: 47/47
App + packages — lint · typecheck · test · build · consume	UNKNOWN STEP	2026-08-14T04:40:09.6911773Z ##[group]Run npm run typecheck
App + packages — lint · typecheck · test · build · consume	UNKNOWN STEP	2026-08-14T04:40:09.6912114Z [36;1mnpm run typecheck[0m
App + packages — lint · typecheck · test · build · consume	UNKNOWN STEP	2026-08-14T04:40:09.6948806Z shell: /usr/bin/bash -e {0}
App + packages — lint · typecheck · test · build · consume	UNKNOWN STEP	2026-08-14T04:40:09.6949086Z ##[endgroup]
App + packages — lint · typecheck · test · build · consume	UNKNOWN STEP	2026-08-14T04:40:09.7973810Z 
App + packages — lint · typecheck · test · build · consume	UNKNOWN STEP	2026-08-14T04:40:09.7974711Z > nodeslide@0.1.0 typecheck
App + packages — lint · typecheck · test · build · consume	UNKNOWN STEP	2026-08-14T04:40:09.7975760Z > tsc -b && npm run typecheck --workspaces --if-present
App + packages — lint · typecheck · test · build · consume	UNKNOWN STEP	2026-08-14T04:40:09.7976456Z 
App + packages — lint · typecheck · test · build · consume	UNKNOWN STEP	2026-08-14T04:40:31.9017145Z 
App + packages — lint · typecheck · test · build · consume	UNKNOWN STEP	2026-08-14T04:40:31.9018025Z > @nodeslide/agent@0.2.2 typecheck
App + packages — lint · typecheck · test · build · consume	UNKNOWN STEP	2026-08-14T04:40:31.9018737Z > tsc --noEmit -p tsconfig.json
App + packages — lint · typecheck · test · build · consume	UNKNOWN STEP	2026-08-14T04:40:31.9019084Z 
App + packages — lint · typecheck · test · build · consume	UNKNOWN STEP	2026-08-14T04:40:33.8104038Z 
App + packages — lint · typecheck · test · build · consume	UNKNOWN STEP	2026-08-14T04:40:33.8104729Z > @nodeslide/backend@0.2.2 typecheck
App + packages — lint · typecheck · test · build · consume	UNKNOWN STEP	2026-08-14T04:40:33.8105263Z > tsc --noEmit -p tsconfig.json
App + packages — lint · typecheck · test · build · consume	UNKNOWN STEP	2026-08-14T04:40:33.8105506Z 
App + packages — lint · typecheck · test · build · consume	UNKNOWN STEP	2026-08-14T04:40:35.7794910Z 
App + packages — lint · typecheck · test · build · consume	UNKNOWN STEP	2026-08-14T04:40:35.7795816Z > @nodeslide/cli@0.2.2 typecheck
App + packages — lint · typecheck · test · build · consume	UNKNOWN STEP	2026-08-14T04:40:35.7796749Z > tsc --noEmit -p tsconfig.json
App + packages — lint · typecheck · test · build · consume	UNKNOWN STEP	2026-08-14T04:40:35.7797232Z 
App + packages — lint · typecheck · test · build · consume	UNKNOWN STEP	2026-08-14T04:40:37.9870512Z 
App + packages — lint · typecheck · test · build · consume	UNKNOWN STEP	2026-08-14T04:40:37.9871137Z > @nodeslide/client-http@0.2.2 typecheck
App + packages — lint · typecheck · test · build · consume	UNKNOWN STEP	2026-08-14T04:40:37.9871610Z > tsc --noEmit -p tsconfig.json
App + packages — lint · typecheck · test · build · consume	UNKNOWN STEP	2026-08-14T04:40:37.9871800Z 
App + packages — lint · typecheck · test · build · consume	UNKNOWN STEP	2026-08-14T04:40:40.8329264Z 
App + packages — lint · typecheck · test · build · consume	UNKNOWN STEP	2026-08-14T04:40:40.8330113Z > @nodeslide/contracts@0.2.2 typecheck
App + packages — lint · typecheck · test · build · consume	UNKNOWN STEP	2026-08-14T04:40:40.8330666Z > tsc --noEmit -p tsconfig.json
App + packages — lint · typecheck · test · build · consume	UNKNOWN STEP	2026-08-14T04:40:40.8330902Z 
App + packages — lint · typecheck · test · build · consume	UNKNOWN STEP	2026-08-14T04:40:42.5590423Z 
App + packages — lint · typecheck · test · build · consume	UNKNOWN STEP	2026-08-14T04:40:42.5591311Z > @nodeslide/convex@0.2.2 typecheck
App + packages — lint · typecheck · test · build · consume	UNKNOWN STEP	2026-08-14T04:40:42.5592092Z > tsc --noEmit -p tsconfig.json
App + packages — lint · typecheck · test · build · consume	UNKNOWN STEP	2026-08-14T04:40:42.5592479Z 
App + packages — lint · typecheck · test · build · consume	UNKNOWN STEP	2026-08-14T04:40:46.1411423Z 
App + packages — lint · typecheck · test · build · consume	UNKNOWN STEP	2026-08-14T04:40:46.1412031Z > @nodeslide/engine@0.2.2 typecheck
App + packages — lint · typecheck · test · build · consume	UNKNOWN STEP	2026-08-14T04:40:46.1412550Z > tsc --noEmit -p tsconfig.json
App + packages — lint · typecheck · test · build · consume	UNKNOWN STEP	2026-08-14T04:40:46.1412786Z 
App + packages — lint · typecheck · test · build · consume	UNKNOWN STEP	2026-08-14T04:40:48.9610728Z 
App + packages — lint · typecheck · test · build · consume	UNKNOWN STEP	2026-08-14T04:40:48.9611437Z > @nodeslide/external-agent@0.2.2 typecheck
App + packages — lint · typecheck · test · build · consume	UNKNOWN STEP	2026-08-14T04:40:48.9611991Z > tsc --noEmit -p tsconfig.json
App + packages — lint · typecheck · test · build · consume	UNKNOWN STEP	2026-08-14T04:40:48.9612228Z 
App + packages — lint · typecheck · test · build · consume	UNKNOWN STEP	2026-08-14T04:40:51.5828311Z 
App + packages — lint · typecheck · test · build · consume	UNKNOWN STEP	2026-08-14T04:40:51.5828986Z > @nodekit/gym-core@0.1.0 typecheck
App + packages — lint · typecheck · test · build · consume	UNKNOWN STEP	2026-08-14T04:40:51.5829737Z > tsc --noEmit -p tsconfig.json
App + packages — lint · typecheck · test · build · consume	UNKNOWN STEP	2026-08-14T04:40:51.5830459Z 
App + packages — lint · typecheck · test · build · consume	UNKNOWN STEP	2026-08-14T04:40:53.2125211Z 
App + packages — lint · typecheck · test · build · consume	UNKNOWN STEP	2026-08-14T04:40:53.2125797Z > @nodeslide/react@0.2.2 typecheck
App + packages — lint · typecheck · test · build · consume	UNKNOWN STEP	2026-08-14T04:40:53.2126245Z > tsc --noEmit -p tsconfig.json
App + packages — lint · typecheck · test · build · consume	UNKNOWN STEP	2026-08-14T04:40:53.2126439Z 
App + packages — lint · typecheck · test · build · consume	UNKNOWN STEP	2026-08-14T04:40:56.7750257Z 
App + packages — lint · typecheck · test · build · consume	UNKNOWN STEP	2026-08-14T04:40:56.7750924Z > @nodeslide/react-headless@0.2.2 typecheck
App + packages — lint · typecheck · test · build · consume	UNKNOWN STEP	2026-08-14T04:40:56.7751388Z > tsc --noEmit -p tsconfig.json
App + packages — lint · typecheck · test · build · consume	UNKNOWN STEP	2026-08-14T04:40:56.7751579Z 
App + packages — lint · typecheck · test · build · consume	UNKNOWN STEP	2026-08-14T04:40:59.8332969Z 
App + packages — lint · typecheck · test · build · consume	UNKNOWN STEP	2026-08-14T04:40:59.8333657Z > @nodeslide/recipelang@0.2.2 typecheck
App + packages — lint · typecheck · test · build · consume	UNKNOWN STEP	2026-08-14T04:40:59.8334088Z > tsc --noEmit -p tsconfig.json
App + packages — lint · typecheck · test · build · consume	UNKNOWN STEP	2026-08-14T04:40:59.8334278Z 
App + packages — lint · typecheck · test · build · consume	UNKNOWN STEP	2026-08-14T04:41:01.3299206Z 
App + packages — lint · typecheck · test · build · consume	UNKNOWN STEP	2026-08-14T04:41:01.3300155Z > @nodeslide/registry@0.2.2 typecheck
App + packages — lint · typecheck · test · build · consume	UNKNOWN STEP	2026-08-14T04:41:01.3300861Z > tsc --noEmit -p tsconfig.json
App + packages — lint · typecheck · test · build · consume	UNKNOWN STEP	2026-08-14T04:41:01.3301186Z 
App + packages — lint · typecheck · test · build · consume	UNKNOWN STEP	2026-08-14T04:41:02.3734080Z 
App + packages — lint · typecheck · test · build · consume	UNKNOWN STEP	2026-08-14T04:41:02.3734751Z > @nodeslide/testing@0.2.2 typecheck
App + packages — lint · typecheck · test · build · consume	UNKNOWN STEP	2026-08-14T04:41:02.3735372Z > tsc --noEmit -p tsconfig.json
App + packages — lint · typecheck · test · build · consume	UNKNOWN STEP	2026-08-14T04:41:02.3735676Z 
App + packages — lint · typecheck · test · build · consume	UNKNOWN STEP	2026-08-14T04:41:05.2474273Z 
App + packages — lint · typecheck · test · build · consume	UNKNOWN STEP	2026-08-14T04:41:05.2474874Z > nodeslide-mcp@0.2.2 typecheck
App + packages — lint · typecheck · test · build · consume	UNKNOWN STEP	2026-08-14T04:41:05.2475254Z > tsc --noEmit
App + packages — lint · typecheck · test · build · consume	UNKNOWN STEP	2026-08-14T04:41:05.2475407Z 
App + packages — lint · typecheck · test · build · consume	UNKNOWN STEP	2026-08-14T04:41:09.9663551Z ##[group]Run npm run verify:function-bundle
App + packages — lint · typecheck · test · build · consume	UNKNOWN STEP	2026-08-14T04:41:09.9663949Z [36;1mnpm run verify:function-bundle[0m
App + packages — lint · typecheck · test · build · consume	UNKNOWN STEP	2026-08-14T04:41:09.9699369Z shell: /usr/bin/bash -e {0}
App + packages — lint · typecheck · test · build · consume	UNKNOWN STEP	2026-08-14T04:41:09.9699642Z ##[endgroup]
App + packages — lint · typecheck · test · build · consume	UNKNOWN STEP	2026-08-14T04:41:10.0733413Z 
App + packages — lint · typecheck · test · build · consume	UNKNOWN STEP	2026-08-14T04:41:10.0734149Z > nodeslide@0.1.0 verify:function-bundle
App + packages — lint · typecheck · test · build · consume	UNKNOWN STEP	2026-08-14T04:41:10.0734983Z > node scripts/verify-function-bundle.mjs --source
App + packages — lint · typecheck · test · build · consume	UNKNOWN STEP	2026-08-14T04:41:10.0735333Z 
App + packages — lint · typecheck · test · build · consume	UNKNOWN STEP	2026-08-14T04:41:10.1108251Z [function-bundle] source graph: 13 file(s) reachable from 1 api/ entrypoint(s)
App + packages — lint · typecheck · test · build · consume	UNKNOWN STEP	2026-08-14T04:41:10.1110398Z [function-bundle] PASS
App + packages — lint · typecheck · test · build · consume	UNKNOWN STEP	2026-08-14T04:41:10.1255495Z ##[group]Run npm test
App + packages — lint · typecheck · test · build · consume	UNKNOWN STEP	2026-08-14T04:41:10.1255762Z [36;1mnpm test[0m
App + packages — lint · typecheck · test · build · consume	UNKNOWN STEP	2026-08-14T04:41:10.1293171Z shell: /usr/bin/bash -e {0}
App + packages — lint · typecheck · test · build · consume	UNKNOWN STEP	2026-08-14T04:41:10.1293447Z ##[endgroup]
App + packages — lint · typecheck · test · build · consume	UNKNOWN STEP	2026-08-14T04:41:10.2420188Z 
App + packages — lint · typecheck · test · build · consume	UNKNOWN STEP	2026-08-14T04:41:10.2421473Z > nodeslide@0.1.0 test
App + packages — lint · typecheck · test · build · consume	UNKNOWN STEP	2026-08-14T04:41:10.2422123Z > vitest run && npm run test --workspaces --if-present
App + packages — lint · typecheck · test · build · consume	UNKNOWN STEP	2026-08-14T04:41:10.2422472Z 
App + packages — lint · typecheck · test · build · consume	UNKNOWN STEP	2026-08-14T04:41:10.6234056Z 
App + packages — lint · typecheck · test · build · consume	UNKNOWN STEP	2026-08-14T04:41:10.6238615Z [1m[30m[46m RUN [49m[39m[22m [36mv4.1.10 [39m[90m/home/runner/work/NodeSlide/NodeSlide[39m
App + packages — lint · typecheck · test · build · consume	UNKNOWN STEP	2026-08-14T04:41:10.6239309Z 
App + packages — lint · typecheck · test · build · consume	UNKNOWN STEP	2026-08-14T04:41:11.9468536Z  [32m✓[39m shared/nodeslidePatch.test.ts [2m([22m[2m46 tests[22m[2m)[22m[32m 138[2mms[22m[39m
App + packages — lint · typecheck · test · build · consume	UNKNOWN STEP	2026-08-14T04:41:12.0768804Z [90mstderr[2m | convex/lib/nodeslideCreationCritique.test.ts[2m > [22m[2mNodeSlide creation quality report[2m > [22m[2mflags repetitive text-only compositions even when geometry is clean
App + packages — lint · typecheck · test · build · consume	UNKNOWN STEP	2026-08-14T04:41:12.0771708Z [22m[39mNodeSlide deck diversity gate: Only 3 distinct composition families used (minimum: 4) (no alternates available)
App + packages — lint · typecheck · test · build · consume	UNKNOWN STEP	2026-08-14T04:41:12.0773535Z 
App + packages — lint · typecheck · test · build · consume	UNKNOWN STEP	2026-08-14T04:41:14.5782258Z  [32m✓[39m convex/lib/nodeslideReleaseSecurity.test.ts [2m([22m[2m34 tests[22m[2m)[22m[33m 2310[2mms[22m[39m
App + packages — lint · typecheck · test · build · consume	UNKNOWN STEP	2026-08-14T04:41:15.3504962Z [90mstderr[2m | convex/lib/nodeslideSeed.test.ts[2m > [22m[2mNodeSlide seed[2m > [22m[2mdiscloses illustrative brief content so a generated deck is publishable
App + packages — lint · typecheck · test · build · consume	UNKNOWN STEP	2026-08-14T04:41:15.3531763Z [22m[39mNodeSlide deck diversity gate: Slides 4 and 5 are near-duplicates (similarity: 0.95) (no alternates available)
App + packages — lint · typecheck · test · build · consume	UNKNOWN STEP	2026-08-14T04:41:15.3560302Z 
App + packages — lint · typecheck · test · build · consume	UNKNOWN STEP	2026-08-14T04:41:15.3820868Z [90mstderr[2m | convex/lib/nodeslideSeed.test.ts[2m > [22m[2mNodeSlide seed[2m > [22m[2mkeeps a CFO decision metric clear of its explanation in the rendered stat panel
App + packages — lint · typecheck · test · build · consume	UNKNOWN STEP	2026-08-14T04:41:15.3832178Z [22m[39mNodeSlide deck diversity gate (after 6 passes): Slides 4 and 5 are near-duplicates (similarity: 0.99)
App + packages — lint · typecheck · test · build · consume	UNKNOWN STEP	2026-08-14T04:41:15.3833276Z 
App + packages — lint · typecheck · test · build · consume	UNKNOWN STEP	2026-08-14T04:41:15.4282361Z  [32m✓[39m convex/lib/nodeslideCreationCritique.test.ts [2m([22m[2m42 tests[22m[2m)[22m[33m 3623[2mms[22m[39m
App + packages — lint · typecheck · test · build · consume	UNKNOWN STEP	2026-08-14T04:41:15.4292163Z      [33m[2m✓[22m[39m keeps the visual-logic report bounded during a recurring 100-deck portfolio review [33m 2745[2mms[22m[39m
App + packages — lint · typecheck · test · build · consume	UNKNOWN STEP	2026-08-14T04:41:15.4332235Z  [32m✓[39m convex/nodeslideDataRights.scenario.test.ts [2m([22m[2m10 tests[22m[2m)[22m[33m 2776[2mms[22m[39m
App + packages — lint · typecheck · test · build · consume	UNKNOWN STEP	2026-08-14T04:41:15.4338212Z      [33m[2m✓[22m[39m refuses a workspace one record over the ceiling, and deletes nothing [33m 940[2mms[22m[39m
App + packages — lint · typecheck · test · build · consume	UNKNOWN STEP	2026-08-14T04:41:15.4340475Z      [33m[2m✓[22m[39m erases a workspace sitting exactly on the record ceiling, completely [33m 726[2mms[22m[39m
App + packages — lint · typecheck · test · build · consume	UNKNOWN STEP	2026-08-14T04:41:15.5014601Z [90mstderr[2m | convex/lib/nodeslideSeed.test.ts[2m > [22m[2mNodeSlide seed[2m > [22m[2mkeeps qualitative success criteria as text instead of manufacturing numeric chart data
App + packages — lint · typecheck · test · build · consume	UNKNOWN STEP	2026-08-14T04:41:15.5031794Z [22m[39mNodeSlide deck diversity gate: Slides 4 and 5 are near-duplicates (similarity: 0.99) (no alternates available)
App + packages — lint · typecheck · test · build · consume	UNKNOWN STEP	2026-08-14T04:41:15.5033076Z 
App + packages — lint · typecheck · test · build · consume	UNKNOWN STEP	2026-08-14T04:41:16.6422314Z  [32m✓[39m scripts/tests/nodeslide-trust-surface-runtime-probe.test.mjs [2m([22m[2m49 tests[22m[2m)[22m[33m 894[2mms[22m[39m
App + packages — lint · typecheck · test · build · consume	UNKNOWN STEP	2026-08-14T04:41:16.6432204Z      [33m[2m✓[22m[39m derives the authorless expectation from the census, never from a second hand list [33m 364[2mms[22m[39m
App + packages — lint · typecheck · test · build · consume	UNKNOWN STEP	2026-08-14T04:41:16.6461465Z      [33m[2m✓[22m[39m resolves every reach plan entry against the live census — no stale exemptions [33m 413[2mms[22m[39m
App + packages — lint · typecheck · test · build · consume	UNKNOWN STEP	2026-08-14T04:41:16.8592742Z [90mstderr[2m | convex/lib/nodeslideSeed.test.ts[2m > [22m[2mNodeSlide seed[2m > [22m[2mfinishes an exact 72-slide transaction program without collapsing to twelve pages
App + packages — lint · typecheck · test · build · consume	UNKNOWN STEP	2026-08-14T04:41:16.8626693Z [22m[39mNodeSlide deck diversity gate (after 12 passes): Slides 15 and 16 are near-duplicates (similarity: 0.92); Slides 21 and 22 are near-duplicates (similarity: 0.92); Slides 39 and 40 are near-duplicates (similarity: 0.98); Slides 41 and 42 are near-duplicates (similarity: 0.97); Slides 44 and 45 are near-duplicates (similarity: 0.98); Slides 45 and 46 are near-duplicates (similarity: 0.98); Slides 50 and 51 are near-duplicates (similarity: 1.00); Slides 51 and 52 are near-duplicates (similarity: 1.00); Slides 54 and 55 are near-duplicates (similarity: 0.99); Slides 59 and 60 are near-duplicates (similarity: 0.99); Slides 64 and 65 are near-duplicates (similarity: 0.92); Slides 16 and 19 are a repeated composition (similarity: 1.00); Slides 19 and 21 are a repeated composition (similarity: 1.00); Slides 22 and 24 are a repeated composition (similarity: 0.92); Slides 24 and 27 are a repeated composition (similarity: 0.92); Slides 40 and 44 are a repeated composition (similarity: 1.00); Slides 42 and 49 are a repeated composition (similarity: 0.96); Slides 46 and 50 are a repeated composition (similarity: 0.98); Slides 49 and 54 are a repeated composition (similarity: 0.99); Slides 52 and 56 are a repeated composition (similarity: 1.00); Slides 27 and 57 are a repeated composition (similarity: 1.00); Slides 55 and 59 are a repeated composition (similarity: 1.00); Slides 57 and 61 are a repeated composition (similarity: 0.92); Slides 53 and 63 are a repeated composition (similarity: 0.94); Slides 61 and 64 are a repeated composition (similarity: 0.92); Slides 65 and 69 are a repeated composition (similarity: 1.00); Slides 69 and 71 are a repeated composition (similarity: 0.92)
App + packages — lint · typecheck · test · build · consume	UNKNOWN STEP	2026-08-14T04:41:16.8636943Z 
App + packages — lint · typecheck · test · build · consume	UNKNOWN STEP	2026-08-14T04:41:16.8858186Z [90mstderr[2m | convex/lib/nodeslideSeed.test.ts[2m > [22m[2mNodeSlide seed[2m > [22m[2mrefuses publication when a provider repeats the same qualitative scene across 12 slides
App + packages — lint · typecheck · test · build · consume	UNKNOWN STEP	2026-08-14T04:41:16.8861852Z [22m[39mNodeSlide deck diversity gate: Slides 1 and 2 are near-duplicates (similarity: 0.82); Slides 7 and 10 are a repeated composition (similarity: 0.99); Only 3 distinct composition families used (minimum: 4) (no alternates available)
App + packages — lint · typecheck · test · build · consume	UNKNOWN STEP	2026-08-14T04:41:16.8863431Z 
App + packages — lint · typecheck · test · build · consume	UNKNOWN STEP	2026-08-14T04:41:16.9033496Z [90mstderr[2m | convex/lib/nodeslideSeed.test.ts[2m > [22m[2mNodeSlide seed[2m > [22m[2mturns the 'governance threshold' metaphor into a visibly evolving scene, not one progress rail
App + packages — lint · typecheck · test · build · consume	UNKNOWN STEP	2026-08-14T04:41:16.9037763Z [22m[39mNodeSlide deck diversity gate (after 7 passes): Slides 3 and 4 are near-duplicates (similarity: 0.97)
App + packages — lint · typecheck · test · build · consume	UNKNOWN STEP	2026-08-14T04:41:16.9038962Z 
App + packages — lint · typecheck · test · build · consume	UNKNOWN STEP	2026-08-14T04:41:16.9268457Z [90mstderr[2m | convex/lib/nodeslideSeed.test.ts[2m > [22m[2mNodeSlide seed[2m > [22m[2mturns the 'research signal' metaphor into a visibly evolving scene, not one progress rail
App + packages — lint · typecheck · test · build · consume	UNKNOWN STEP	2026-08-14T04:41:16.9281852Z [22m[39mNodeSlide deck diversity gate (after 7 passes): Slides 3 and 4 are near-duplicates (similarity: 0.98)
App + packages — lint · typecheck · test · build · consume	UNKNOWN STEP	2026-08-14T04:41:16.9291146Z 
App + packages — lint · typecheck · test · build · consume	UNKNOWN STEP	2026-08-14T04:41:17.0285305Z [90mstderr[2m | convex/lib/nodeslideSeed.test.ts[2m > [22m[2mNodeSlide seed[2m > [22m[2mkeeps default success guidance qualitative when no evidence is supplied
App + packages — lint · typecheck · test · build · consume	UNKNOWN STEP	2026-08-14T04:41:17.0301826Z [22m[39mNodeSlide deck diversity gate: Slides 4 and 5 are near-duplicates (similarity: 0.99) (no alternates available)
App + packages — lint · typecheck · test · build · consume	UNKNOWN STEP	2026-08-14T04:41:17.0328756Z 
App + packages — lint · typecheck · test · build · consume	UNKNOWN STEP	2026-08-14T04:41:17.0921027Z [90mstderr[2m | convex/lib/nodeslideSeed.test.ts[2m > [22m[2mNodeSlide seed[2m > [22m[2mpersists creation attachments as user-supplied sources linked to deck elements
App + packages — lint · typecheck · test · build · consume	UNKNOWN STEP	2026-08-14T04:41:17.0932283Z [22m[39mNodeSlide deck diversity gate (after 7 passes): Slides 3 and 4 are near-duplicates (similarity: 0.98)
App + packages — lint · typecheck · test · build · consume	UNKNOWN STEP	2026-08-14T04:41:17.0933369Z 
App + packages — lint · typecheck · test · build · consume	UNKNOWN STEP	2026-08-14T04:41:17.2151658Z  [32m✓[39m convex/lib/nodeslideSeed.test.ts [2m([22m[2m30 tests[22m[2m)[22m[33m 2187[2mms[22m[39m
App + packages — lint · typecheck · test · build · consume	UNKNOWN STEP	2026-08-14T04:41:17.2166879Z      [33m[2m✓[22m[39m finishes an exact 72-slide transaction program without collapsing to twelve pages [33m 1354[2mms[22m[39m
App + packages — lint · typecheck · test · build · consume	UNKNOWN STEP	2026-08-14T04:41:17.8012481Z  [32m✓[39m src/domains/nodeslide/slidelang/slidelang.test.ts [2m([22m[2m28 tests[22m[2m)[22m[33m 685[2mms[22m[39m
App + packages — lint · typecheck · test · build · consume	UNKNOWN STEP	2026-08-14T04:41:17.8015885Z      [33m[2m✓[22m[39m preserves image fit and focal intent in web export and reports the static-export limit [33m 352[2mms[22m[39m
App + packages — lint · typecheck · test · build · consume	UNKNOWN STEP	2026-08-14T04:41:18.3377379Z  [32m✓[39m convex/lib/nodeslideVariationHarness.test.ts [2m([22m[2m23 tests[22m[2m)[22m[33m 753[2mms[22m[39m
App + packages — lint · typecheck · test · build · consume	UNKNOWN STEP	2026-08-14T04:41:18.7241511Z  [32m✓[39m convex/nodeslideRetention.test.ts [2m([22m[2m13 tests[22m[2m)[22m[33m 2714[2mms[22m[39m
App + packages — lint · typecheck · test · build · consume	UNKNOWN STEP	2026-08-14T04:41:18.7262406Z      [33m[2m✓[22m[39m refuses on the byte envelope and writes nothing [33m 387[2mms[22m[39m
App + packages — lint · typecheck · test · build · consume	UNKNOWN STEP	2026-08-14T04:41:18.7277264Z      [33m[2m✓[22m[39m refuses on the record envelope and writes nothing [33m 701[2mms[22m[39m
App + packages — lint · typecheck · test · build · consume	UNKNOWN STEP	2026-08-14T04:41:18.7279168Z      [33m[2m✓[22m[39m stops a batch whose total exceeds the shared budget, coherently, and drains the rest next run [33m 359[2mms[22m[39m
App + packages — lint · typecheck · test · build · consume	UNKNOWN STEP	2026-08-14T04:41:18.7281452Z      [33m[2m✓[22m[39m skips and records one oversized deck while the healthy decks around it are still erased [33m 473[2mms[22m[39m
App + packages — lint · typecheck · test · build · consume	UNKNOWN STEP	2026-08-14T04:41:18.8010525Z  [32m✓[39m convex/lib/nodeslidePreferenceEtl.test.ts [2m([22m[2m20 tests[22m[2m)[22m[32m 113[2mms[22m[39m
App + packages — lint · typecheck · test · build · consume	UNKNOWN STEP	2026-08-14T04:41:19.4104992Z  [32m✓[39m shared/nodeslideSignatureApply.test.ts [2m([22m[2m16 tests[22m[2m)[22m[32m 202[2mms[22m[39m
App + packages — lint · typecheck · test · build · consume	UNKNOWN STEP	2026-08-14T04:41:19.7751976Z  [32m✓[39m shared/nodeslideAtlas.test.ts [2m([22m[2m69 tests[22m[2m)[22m[32m 55[2mms[22m[39m
App + packages — lint · typecheck · test · build · consume	UNKNOWN STEP	2026-08-14T04:41:20.5179593Z  [32m✓[39m convex/nodeslideBudgetEnforcement.test.ts [2m([22m[2m17 tests[22m[2m)[22m[32m 113[2mms[22m[39m
App + packages — lint · typecheck · test · build · consume	UNKNOWN STEP	2026-08-14T04:41:21.4321872Z  [32m✓[39m convex/lib/nodeslideEditPlanner.test.ts [2m([22m[2m20 tests[22m[2m)[22m[32m 182[2mms[22m[39m
App + packages — lint · typecheck · test · build · consume	UNKNOWN STEP	2026-08-14T04:41:21.4662700Z  [32m✓[39m scripts/tests/nodeslide-trust-surface-census.test.mjs [2m([22m[2m62 tests[22m[2m)[22m[33m 2495[2mms[22m[39m
App + packages — lint · typecheck · test · build · consume	UNKNOWN STEP	2026-08-14T04:41:21.4665005Z      [33m[2m✓[22m[39m fails when a corpus entry carries no verdict [33m 385[2mms[22m[39m
App + packages — lint · typecheck · test · build · consume	UNKNOWN STEP	2026-08-14T04:41:21.4672606Z      [33m[2m✓[22m[39m fails when an entry claims a detector that does not exist [33m 399[2mms[22m[39m
App + packages — lint · typecheck · test · build · consume	UNKNOWN STEP	2026-08-14T04:41:21.4681367Z      [33m[2m✓[22m[39m fails when an entry claims "detected" but names no detector [33m 347[2mms[22m[39m
App + packages — lint · typecheck · test · build · consume	UNKNOWN STEP	2026-08-14T04:41:21.4683123Z      [33m[2m✓[22m[39m fails when two entries share an id [33m 411[2mms[22m[39m
App + packages — lint · typecheck · test · build · consume	UNKNOWN STEP	2026-08-14T04:41:21.4684859Z      [33m[2m✓[22m[39m passes every static clause with no surface left not-run [33m 369[2mms[22m[39m
App + packages — lint · typecheck · test · build · consume	UNKNOWN STEP	2026-08-14T04:41:21.4686812Z      [33m[2m✓[22m[39m enumerates every kind the shipped surfaces actually use [33m 398[2mms[22m[39m
App + packages — lint · typecheck · test · build · consume	UNKNOWN STEP	2026-08-14T04:41:21.8722135Z  [32m✓[39m scripts/node-gym-semantics.test.mjs [2m([22m[2m17 tests[22m[2m)[22m[32m 69[2mms[22m[39m
App + packages — lint · typecheck · test · build · consume	UNKNOWN STEP	2026-08-14T04:41:22.6287701Z  [32m✓[39m src/domains/nodeslide/inspector/TraceWaterfall.test.tsx [2m([22m[2m25 tests[22m[2m)[22m[33m 2772[2mms[22m[39m
App + packages — lint · typecheck · test · build · consume	UNKNOWN STEP	2026-08-14T04:41:22.6292426Z      [33m[2m✓[22m[39m loads only the selected visual capture and overlays its exact evidence region [33m 576[2mms[22m[39m
App + packages — lint · typecheck · test · build · consume	UNKNOWN STEP	2026-08-14T04:41:22.6294623Z      [33m[2m✓[22m[39m keeps the newest visual capture selected when an older request resolves last [33m 480[2mms[22m[39m
App + packages — lint · typecheck · test · build · consume	UNKNOWN STEP	2026-08-14T04:41:22.6296586Z      [33m[2m✓[22m[39m shows failed and empty visual evidence without inventing captured steps [33m 359[2mms[22m[39m
App + packages — lint · typecheck · test · build · consume	UNKNOWN STEP	2026-08-14T04:41:23.0042767Z  [32m✓[39m convex/nodeslideUploads.scenario.test.ts [2m([22m[2m17 tests[22m[2m)[22m[33m 568[2mms[22m[39m
App + packages — lint · typecheck · test · build · consume	UNKNOWN STEP	2026-08-14T04:41:23.0883055Z  [32m✓[39m src/domains/nodeslide/integrations/googleSlides/googleSlides.test.ts [2m([22m[2m16 tests[22m[2m)[22m[32m 122[2mms[22m[39m
App + packages — lint · typecheck · test · build · consume	UNKNOWN STEP	2026-08-14T04:41:23.5528055Z  [32m✓[39m convex/lib/nodeslideProvider.test.ts [2m([22m[2m31 tests[22m[2m)[22m[32m 46[2mms[22m[39m
App + packages — lint · typecheck · test · build · consume	UNKNOWN STEP	2026-08-14T04:41:23.6524246Z [90mstderr[2m | convex/lib/nodeslideAuthoredArtifact.test.ts[2m > [22m[2mmodel-authored production ArtifactSpec adapter[2m > [22m[2mmaterializes all six native geometry families as grouped editable production elements
App + packages — lint · typecheck · test · build · consume	UNKNOWN STEP	2026-08-14T04:41:23.6532764Z [22m[39mNodeSlide deck diversity gate (after 6 passes): Composition family "diagram-dominant" dominates 67% of the deck (threshold: 60%); Only 3 distinct composition families used (minimum: 4)
App + packages — lint · typecheck · test · build · consume	UNKNOWN STEP	2026-08-14T04:41:23.6540897Z 
App + packages — lint · typecheck · test · build · consume	UNKNOWN STEP	2026-08-14T04:41:23.7656934Z [90mstderr[2m | convex/lib/nodeslideAuthoredArtifact.test.ts[2m > [22m[2mmodel-authored production ArtifactSpec adapter[2m > [22m[2mpreserves authored graph identity, narrative job, and truth through projection
App + packages — lint · typecheck · test · build · consume	UNKNOWN STEP	2026-08-14T04:41:23.7680671Z [22m[39mNodeSlide deck diversity gate (after 6 passes): Slides 4 and 5 are near-duplicates (similarity: 0.95)
App + packages — lint · typecheck · test · build · consume	UNKNOWN STEP	2026-08-14T04:41:23.7682622Z  [32m✓[39m convex/lib/nodeslideAuthoredArtifact.test.ts [2m([22m[2m13 tests[22m[2m)[22m[33m 375[2mms[22m[39m
App + packages — lint · typecheck · test · build · consume	UNKNOWN STEP	2026-08-14T04:41:23.7700833Z 
App + packages — lint · typecheck · test · build · consume	UNKNOWN STEP	2026-08-14T04:41:24.3790687Z  [32m✓[39m convex/nodeslideBudgetWiring.test.ts [2m([22m[2m16 tests[22m[2m)[22m[32m 84[2mms[22m[39m
App + packages — lint · typecheck · test · build · consume	UNKNOWN STEP	2026-08-14T04:41:25.9418404Z  [32m✓[39m scripts/tests/pptx-declared-static-intent.test.mjs [2m([22m[2m30 tests[22m[2m)[22m[33m 1232[2mms[22m[39m
App + packages — lint · typecheck · test · build · consume	UNKNOWN STEP	2026-08-14T04:41:26.4502107Z  [32m✓[39m convex/nodeslideSessions.test.ts [2m([22m[2m10 tests[22m[2m)[22m[33m 4169[2mms[22m[39m
App + packages — lint · typecheck · test · build · consume	UNKNOWN STEP	2026-08-14T04:41:26.4512019Z      [33m[2m✓[22m[39m detects append-only tampering and enforces the bounded transition journal [33m 3890[2mms[22m[39m
App + packages — lint · typecheck · test · build · consume	UNKNOWN STEP	2026-08-14T04:41:26.4830977Z  [32m✓[39m convex/lib/nodeslideReviewUi.test.tsx [2m([22m[2m14 tests[22m[2m)[22m[33m 573[2mms[22m[39m
App + packages — lint · typecheck · test · build · consume	UNKNOWN STEP	2026-08-14T04:41:26.7577850Z  [32m✓[39m src/domains/nodeslide/inspector/TraceInspector.test.tsx [2m([22m[2m26 tests[22m[2m)[22m[32m 190[2mms[22m[39m
App + packages — lint · typecheck · test · build · consume	UNKNOWN STEP	2026-08-14T04:41:26.9212789Z  [32m✓[39m packages/testing/src/memoryRepository.test.ts [2m([22m[2m15 tests[22m[2m)[22m[32m 32[2mms[22m[39m
App + packages — lint · typecheck · test · build · consume	UNKNOWN STEP	2026-08-14T04:41:27.1848242Z  [32m✓[39m shared/nodeslideReferenceKnowledge.test.ts [2m([22m[2m14 tests[22m[2m)[22m[32m 134[2mms[22m[39m
App + packages — lint · typecheck · test · build · consume	UNKNOWN STEP	2026-08-14T04:41:27.2584293Z  [32m✓[39m convex/nodeslideScopedMemory.test.ts [2m([22m[2m6 tests[22m[2m)[22m[33m 335[2mms[22m[39m
App + packages — lint · typecheck · test · build · consume	UNKNOWN STEP	2026-08-14T04:41:27.5769148Z  [32m✓[39m scripts/artifact-atlas-v3.test.mjs [2m([22m[2m22 tests[22m[2m)[22m[32m 76[2mms[22m[39m
App + packages — lint · typecheck · test · build · consume	UNKNOWN STEP	2026-08-14T04:41:28.3134207Z  [32m✓[39m convex/nodeslideDeckGrants.scenario.test.ts [2m([22m[2m3 tests[22m[2m)[22m[32m 291[2mms[22m[39m
App + packages — lint · typecheck · test · build · consume	UNKNOWN STEP	2026-08-14T04:41:28.4347141Z  [32m✓[39m convex/lib/nodeslideAdmission.test.ts [2m([22m[2m29 tests[22m[2m)[22m[33m 333[2mms[22m[39m
App + packages — lint · typecheck · test · build · consume	UNKNOWN STEP	2026-08-14T04:41:28.7256098Z  [32m✓[39m scripts/tests/motion-gate.test.mjs [2m([22m[2m32 tests[22m[2m)[22m[32m 29[2mms[22m[39m
App + packages — lint · typecheck · test · build · consume	UNKNOWN STEP	2026-08-14T04:41:28.9522076Z  [32m✓[39m scripts/tests/pptx-playback-canary.test.mjs [2m([22m[2m25 tests[22m[2m)[22m[33m 347[2mms[22m[39m
App + packages — lint · typecheck · test · build · consume	UNKNOWN STEP	2026-08-14T04:41:29.2833178Z [90mstderr[2m | shared/nodeslideArtifactSpec.test.ts[2m > [22m[2mproduction ArtifactSpec compiler[2m > [22m[2mretains graph direction and endpoint bindings from production materialization
App + packages — lint · typecheck · test · build · consume	UNKNOWN STEP	2026-08-14T04:41:29.2857418Z [22m[39mNodeSlide deck diversity gate: Only 3 distinct composition families used (minimum: 4) (no alternates available)
App + packages — lint · typecheck · test · build · consume	UNKNOWN STEP	2026-08-14T04:41:29.2910693Z 
App + packages — lint · typecheck · test · build · consume	UNKNOWN STEP	2026-08-14T04:41:29.3192398Z  [32m✓[39m convex/lib/nodeslideEvidenceCapture.test.ts [2m([22m[2m31 tests[22m[2m)[22m[32m 158[2mms[22m[39m
App + packages — lint · typecheck · test · build · consume	UNKNOWN STEP	2026-08-14T04:41:29.5423955Z  [32m✓[39m shared/nodeslideArtifactSpec.test.ts [2m([22m[2m10 tests[22m[2m)[22m[33m 477[2mms[22m[39m
App + packages — lint · typecheck · test · build · consume	UNKNOWN STEP	2026-08-14T04:41:29.6742101Z  [32m✓[39m convex/lib/nodeslideSync.test.ts [2m([22m[2m7 tests[22m[2m)[22m[32m 40[2mms[22m[39m
App + packages — lint · typecheck · test · build · consume	UNKNOWN STEP	2026-08-14T04:41:29.9270764Z  [32m✓[39m convex/lib/nodeslideSemanticEvaluation.test.ts [2m([22m[2m9 tests[22m[2m)[22m[32m 121[2mms[22m[39m
App + packages — lint · typecheck · test · build · consume	UNKNOWN STEP	2026-08-14T04:41:30.0683341Z  [32m✓[39m src/domains/nodeslide/inspector/JsonInspector.test.tsx [2m([22m[2m22 tests[22m[2m)[22m[33m 1237[2mms[22m[39m
App + packages — lint · typecheck · test · build · consume	UNKNOWN STEP	2026-08-14T04:41:30.0685211Z      [33m[2m✓[22m[39m does not claim a candidate when the proposal lane fails closed [33m 451[2mms[22m[39m
App + packages — lint · typecheck · test · build · consume	UNKNOWN STEP	2026-08-14T04:41:30.1612456Z  [32m✓[39m src/domains/nodeslide/nodeslideV3.test.ts [2m([22m[2m21 tests[22m[2m)[22m[32m 22[2mms[22m[39m
App + packages — lint · typecheck · test · build · consume	UNKNOWN STEP	2026-08-14T04:41:30.4468970Z  [32m✓[39m convex/lib/nodeslideAutoRoutingPolicy.test.ts [2m([22m[2m27 tests[22m[2m)[22m[32m 24[2mms[22m[39m
App + packages — lint · typecheck · test · build · consume	UNKNOWN STEP	2026-08-14T04:41:30.8036894Z  [32m✓[39m convex/nodeslideSignatures.test.ts [2m([22m[2m3 tests[22m[2m)[22m[33m 372[2mms[22m[39m
App + packages — lint · typecheck · test · build · consume	UNKNOWN STEP	2026-08-14T04:41:30.9060709Z  [32m✓[39m scripts/node-gym-runner-core.test.mjs [2m([22m[2m17 tests[22m[2m)[22m[32m 214[2mms[22m[39m
App + packages — lint · typecheck · test · build · consume	UNKNOWN STEP	2026-08-14T04:41:31.1752796Z [90mstderr[2m | shared/nodeslideLongformComposition.test.ts[2m > [22m[2mlong-form artifact composition[2m > [22m[2mkeeps a four-stage approval chain on one left-to-right row
App + packages — lint · typecheck · test · build · consume	UNKNOWN STEP	2026-08-14T04:41:31.1755425Z [22m[39mNodeSlide deck diversity gate (after 4 passes): Slides 3 and 4 are near-duplicates (similarity: 0.86)
App + packages — lint · typecheck · test · build · consume	UNKNOWN STEP	2026-08-14T04:41:31.1756487Z 
App + packages — lint · typecheck · test · build · consume	UNKNOWN STEP	2026-08-14T04:41:31.4362938Z [90mstderr[2m | shared/nodeslideLongformComposition.test.ts[2m > [22m[2mlong-form artifact composition[2m > [22m[2mkeeps a centered executive scene legible with three transaction evidence claims
App + packages — lint · typecheck · test · build · consume	UNKNOWN STEP	2026-08-14T04:41:31.4391103Z [22m[39mNodeSlide deck diversity gate: Slides 5 and 6 are near-duplicates (similarity: 0.99) (no alternates available)
App + packages — lint · typecheck · test · build · consume	UNKNOWN STEP	2026-08-14T04:41:31.4420440Z 
App + packages — lint · typecheck · test · build · consume	UNKNOWN STEP	2026-08-14T04:41:31.4421722Z  [32m✓[39m shared/nodeslideLongformComposition.test.ts [2m([22m[2m5 tests[22m[2m)[22m[33m 326[2mms[22m[39m
App + packages — lint · typecheck · test · build · consume	UNKNOWN STEP	2026-08-14T04:41:31.7471314Z  [32m✓[39m convex/nodeslidePptxCreate.test.ts [2m([22m[2m11 tests[22m[2m)[22m[33m 1347[2mms[22m[39m
App + packages — lint · typecheck · test · build · consume	UNKNOWN STEP	2026-08-14T04:41:31.7522114Z      [33m[2m✓[22m[39m parses a real archive and hands the snapshot to createImportedDeckInternal [33m 470[2mms[22m[39m
App + packages — lint · typecheck · test · build · consume	UNKNOWN STEP	2026-08-14T04:41:32.3794914Z  [32m✓[39m convex/lib/nodeslideCompositionFanout.test.ts [2m([22m[2m10 tests[22m[2m)[22m[33m 583[2mms[22m[39m
App + packages — lint · typecheck · test · build · consume	UNKNOWN STEP	2026-08-14T04:41:32.6873460Z  [32m✓[39m convex/lib/nodeslideEditShadowAction.test.ts [2m([22m[2m8 tests[22m[2m)[22m[32m 196[2mms[22m[39m
App + packages — lint · typecheck · test · build · consume	UNKNOWN STEP	2026-08-14T04:41:32.7010811Z  [32m✓[39m convex/nodeslideUploads.test.ts [2m([22m[2m11 tests[22m[2m)[22m[32m 33[2mms[22m[39m
App + packages — lint · typecheck · test · build · consume	UNKNOWN STEP	2026-08-14T04:41:33.2029588Z  [32m✓[39m src/domains/nodeslide/inspector/AgentThread.test.tsx [2m([22m[2m12 tests[22m[2m)[22m[32m 53[2mms[22m[39m
App + packages — lint · typecheck · test · build · consume	UNKNOWN STEP	2026-08-14T04:41:33.6291923Z  [32m✓[39m packages/react/src/reactSurface.test.tsx [2m([22m[2m13 tests[22m[2m)[22m[33m 716[2mms[22m[39m
App + packages — lint · typecheck · test · build · consume	UNKNOWN STEP	2026-08-14T04:41:34.1042894Z  [32m✓[39m convex/lib/nodeslideGoogleSlidesRuntime.test.ts [2m([22m[2m9 tests[22m[2m)[22m[32m 216[2mms[22m[39m
App + packages — lint · typecheck · test · build · consume	UNKNOWN STEP	2026-08-14T04:41:34.5489834Z  [32m✓[39m src/domains/nodeslide/signature/signature.test.ts [2m([22m[2m18 tests[22m[2m)[22m[33m 1015[2mms[22m[39m
App + packages — lint · typecheck · test · build · consume	UNKNOWN STEP	2026-08-14T04:41:34.5499335Z      [33m[2m✓[22m[39m processes 200 slides inside the default budget and rejects the declared 201st before slide scans [33m 565[2mms[22m[39m
App + packages — lint · typecheck · test · build · consume	UNKNOWN STEP	2026-08-14T04:41:34.6542449Z  [32m✓[39m convex/lib/nodeslideDeckCi.test.ts [2m([22m[2m10 tests[22m[2m)[22m[32m 234[2mms[22m[39m
App + packages — lint · typecheck · test · build · consume	UNKNOWN STEP	2026-08-14T04:41:34.8008224Z  [32m✓[39m src/domains/nodeslide/integrations/googleSlides/googleSlidesTransport.scenario.test.ts [2m([22m[2m17 tests[22m[2m)[22m[32m 33[2mms[22m[39m
App + packages — lint · typecheck · test · build · consume	UNKNOWN STEP	2026-08-14T04:41:35.4457555Z  [32m✓[39m convex/lib/nodeslideRenderRepairLoop.test.ts [2m([22m[2m10 tests[22m[2m)[22m[33m 517[2mms[22m[39m
App + packages — lint · typecheck · test · build · consume	UNKNOWN STEP	2026-08-14T04:41:35.4659806Z  [32m✓[39m convex/lib/nodeslideEditorShellUi.test.tsx [2m([22m[2m16 tests[22m[2m)[22m[32m 61[2mms[22m[39m
App + packages — lint · typecheck · test · build · consume	UNKNOWN STEP	2026-08-14T04:41:35.8365554Z [90mstderr[2m | shared/nodeslideArchetypes.test.ts[2m > [22m[2mNodeSlide slide archetypes (variety + anti-monotony + geometry gate)[2m > [22m[2mmaterializes a structured process as editable nodes and connectors
App + packages — lint · typecheck · test · build · consume	UNKNOWN STEP	2026-08-14T04:41:35.8371524Z [22m[39mNodeSlide deck diversity gate (after 6 passes): Slides 4 and 5 are near-duplicates (similarity: 0.99)
App + packages — lint · typecheck · test · build · consume	UNKNOWN STEP	2026-08-14T04:41:35.8372766Z 
App + packages — lint · typecheck · test · build · consume	UNKNOWN STEP	2026-08-14T04:41:35.8551554Z  [32m✓[39m shared/nodeslideArchetypes.test.ts [2m([22m[2m5 tests[22m[2m)[22m[32m 124[2mms[22m[39m
App + packages — lint · typecheck · test · build · consume	UNKNOWN STEP	2026-08-14T04:41:35.8722167Z  [32m✓[39m src/domains/nodeslide/slidelang/jsonSpec.test.ts [2m([22m[2m10 tests[22m[2m)[22m[32m 37[2mms[22m[39m
App + packages — lint · typecheck · test · build · consume	UNKNOWN STEP	2026-08-14T04:41:36.1016170Z  [32m✓[39m packages/gym-core/src/index.test.ts [2m([22m[2m5 tests[22m[2m)[22m[32m 18[2mms[22m[39m
App + packages — lint · typecheck · test · build · consume	UNKNOWN STEP	2026-08-14T04:41:36.4687335Z  [32m✓[39m src/domains/nodeslide/signature/packs/packs.test.ts [2m([22m[2m13 tests[22m[2m)[22m[32m 111[2mms[22m[39m
App + packages — lint · typecheck · test · build · consume	UNKNOWN STEP	2026-08-14T04:41:36.6400130Z  [32m✓[39m src/domains/nodeslide/slidelang/pptxImport.test.ts [2m([22m[2m7 tests[22m[2m)[22m[33m 437[2mms[22m[39m
App + packages — lint · typecheck · test · build · consume	UNKNOWN STEP	2026-08-14T04:41:36.8649380Z  [32m✓[39m scripts/tests/longform-compression-core.test.mjs [2m([22m[2m16 tests[22m[2m)[22m[32m 23[2mms[22m[39m
App + packages — lint · typecheck · test · build · consume	UNKNOWN STEP	2026-08-14T04:41:37.1211898Z  [32m✓[39m convex/lib/nodeslideReadContext.test.ts [2m([22m[2m6 tests[22m[2m)[22m[32m 85[2mms[22m[39m
App + packages — lint · typecheck · test · build · consume	UNKNOWN STEP	2026-08-14T04:41:37.1855398Z  [32m✓[39m src/domains/nodeslide/publicSurface/shareProjection.test.ts [2m([22m[2m14 tests[22m[2m)[22m[33m 4218[2mms[22m[39m
App + packages — lint · typecheck · test · build · consume	UNKNOWN STEP	2026-08-14T04:41:37.1857562Z      [33m[2m✓[22m[39m stops after the projected slide budget and says how many are left [33m 4065[2mms[22m[39m
App + packages — lint · typecheck · test · build · consume	UNKNOWN STEP	2026-08-14T04:41:37.4015169Z  [32m✓[39m convex/nodeslideRunBudget.test.ts [2m([22m[2m14 tests[22m[2m)[22m[32m 43[2mms[22m[39m
App + packages — lint · typecheck · test · build · consume	UNKNOWN STEP	2026-08-14T04:41:37.7664995Z  [32m✓[39m convex/lib/nodeslideErrorRedaction.test.ts [2m([22m[2m15 tests[22m[2m)[22m[32m 50[2mms[22m[39m
App + packages — lint · typecheck · test · build · consume	UNKNOWN STEP	2026-08-14T04:41:37.8318443Z  [32m✓[39m convex/nodeslideAgentMemoryWiring.test.ts [2m([22m[2m12 tests[22m[2m)[22m[32m 20[2mms[22m[39m
App + packages — lint · typecheck · test · build · consume	UNKNOWN STEP	2026-08-14T04:41:38.0542636Z  [32m✓[39m convex/lib/nodeslideJobState.test.ts [2m([22m[2m20 tests[22m[2m)[22m[32m 60[2mms[22m[39m
App + packages — lint · typecheck · test · build · consume	UNKNOWN STEP	2026-08-14T04:41:38.1800333Z  [32m✓[39m scripts/production-deployment-identity.test.mjs [2m([22m[2m13 tests[22m[2m)[22m[32m 109[2mms[22m[39m
App + packages — lint · typecheck · test · build · consume	UNKNOWN STEP	2026-08-14T04:41:38.4536019Z  [32m✓[39m scripts/tests/artifact-distinctness.test.mjs [2m([22m[2m27 tests[22m[2m)[22m[32m 24[2mms[22m[39m
App + packages — lint · typecheck · test · build · consume	UNKNOWN STEP	2026-08-14T04:41:38.4617761Z  [32m✓[39m packages/cli/src/installer.test.ts [2m([22m[2m8 tests[22m[2m)[22m[32m 176[2mms[22m[39m
App + packages — lint · typecheck · test · build · consume	UNKNOWN STEP	2026-08-14T04:41:38.6874303Z  [32m✓[39m src/domains/nodeslide/session/agentSessionState.test.ts [2m([22m[2m11 tests[22m[2m)[22m[32m 16[2mms[22m[39m
App + packages — lint · typecheck · test · build · consume	UNKNOWN STEP	2026-08-14T04:41:38.9342235Z  [32m✓[39m scripts/nodeslide-founder-roadshow-lib.test.mjs [2m([22m[2m21 tests[22m[2m)[22m[32m 23[2mms[22m[39m
App + packages — lint · typecheck · test · build · consume	UNKNOWN STEP	2026-08-14T04:41:39.1845383Z  [32m✓[39m convex/nodeslideJobSeam.test.ts [2m([22m[2m11 tests[22m[2m)[22m[32m 14[2mms[22m[39m
App + packages — lint · typecheck · test · build · consume	UNKNOWN STEP	2026-08-14T04:41:39.2284449Z  [32m✓[39m src/domains/nodeslide/inspector/DataInspector.evidence.test.tsx [2m([22m[2m12 tests[22m[2m)[22m[33m 727[2mms[22m[39m
App + packages — lint · typecheck · test · build · consume	UNKNOWN STEP	2026-08-14T04:41:39.2354678Z      [33m[2m✓[22m[39m lists citing elements per source and selects one on click (claim -> source -> element) [33m 366[2mms[22m[39m
App + packages — lint · typecheck · test · build · consume	UNKNOWN STEP	2026-08-14T04:41:39.2775118Z  [32m✓[39m scripts/tests/nodeslide-uxbench.test.mjs [2m([22m[2m10 tests[22m[2m)[22m[32m 97[2mms[22m[39m
App + packages — lint · typecheck · test · build · consume	UNKNOWN STEP	2026-08-14T04:41:39.5112218Z  [32m✓[39m shared/nodeslideAccessPolicy.test.ts [2m([22m[2m7 tests[22m[2m)[22m[32m 23[2mms[22m[39m
App + packages — lint · typecheck · test · build · consume	UNKNOWN STEP	2026-08-14T04:41:40.1749759Z  [32m✓[39m scripts/tests/nodeslide-reference-authority.test.mjs [2m([22m[2m4 tests[22m[2m)[22m[33m 776[2mms[22m[39m
App + packages — lint · typecheck · test · build · consume	UNKNOWN STEP	2026-08-14T04:41:40.1752554Z      [33m[2m✓[22m[39m keeps one immutable authority receipt across retry bursts and sustained worker retries [33m 496[2mms[22m[39m
App + packages — lint · typecheck · test · build · consume	UNKNOWN STEP	2026-08-14T04:41:40.3732483Z  [32m✓[39m shared/nodeslideClaimProof.test.ts [2m([22m[2m20 tests[22m[2m)[22m[32m 24[2mms[22m[39m
App + packages — lint · typecheck · test · build · consume	UNKNOWN STEP	2026-08-14T04:41:41.0684674Z  [32m✓[39m convex/lib/nodeslideEditVerifyAction.test.ts [2m([22m[2m3 tests[22m[2m)[22m[32m 92[2mms[22m[39m
App + packages — lint · typecheck · test · build · consume	UNKNOWN STEP	2026-08-14T04:41:41.4279086Z  [32m✓[39m shared/nodeslidePptxLinkPlanner.test.ts [2m([22m[2m6 tests[22m[2m)[22m[32m 129[2mms[22m[39m
App + packages — lint · typecheck · test · build · consume	UNKNOWN STEP	2026-08-14T04:41:41.6440518Z  [32m✓[39m convex/lib/nodeslideSourceRefresh.test.ts [2m([22m[2m7 tests[22m[2m)[22m[32m 50[2mms[22m[39m
App + packages — lint · typecheck · test · build · consume	UNKNOWN STEP	2026-08-14T04:41:41.9518207Z  [32m✓[39m convex/nodeslideUploadExtraction.test.ts [2m([22m[2m4 tests[22m[2m)[22m[33m 2234[2mms[22m[39m
App + packages — lint · typecheck · test · build · consume	UNKNOWN STEP	2026-08-14T04:41:41.9520333Z      [33m[2m✓[22m[39m turns an approved PDF into an agent-readable source with a page-bound preview [33m 2064[2mms[22m[39m
App + packages — lint · typecheck · test · build · consume	UNKNOWN STEP	2026-08-14T04:41:42.2284393Z  [32m✓[39m packages/convex/component/repository.test.ts [2m([22m[2m5 tests[22m[2m)[22m[32m 224[2mms[22m[39m
App + packages — lint · typecheck · test · build · consume	UNKNOWN STEP	2026-08-14T04:41:42.3993288Z [90mstderr[2m | convex/lib/nodeslideGymArtifactEvidence.test.ts[2m > [22m[2mNodeGym owner-authorized artifact projection[2m > [22m[2mprojects only digest-bound structure and numeric facts
App + packages — lint · typecheck · test · build · consume	UNKNOWN STEP	2026-08-14T04:41:42.4011751Z [22m[39mNodeSlide deck diversity gate (after 6 passes): Slides 4 and 5 are near-duplicates (similarity: 0.99)
App + packages — lint · typecheck · test · build · consume	UNKNOWN STEP	2026-08-14T04:41:42.4040579Z 
App + packages — lint · typecheck · test · build · consume	UNKNOWN STEP	2026-08-14T04:41:42.4769368Z [90mstderr[2m | convex/lib/nodeslideGymArtifactEvidence.test.ts[2m > [22m[2mNodeGym owner-authorized artifact projection[2m > [22m[2mfails closed when compiler or persisted render lineage is forged
App + packages — lint · typecheck · test · build · consume	UNKNOWN STEP	2026-08-14T04:41:42.4811740Z [22m[39mNodeSlide deck diversity gate (after 6 passes): Slides 4 and 5 are near-duplicates (similarity: 0.99)
App + packages — lint · typecheck · test · build · consume	UNKNOWN STEP	2026-08-14T04:41:42.4830975Z 
App + packages — lint · typecheck · test · build · consume	UNKNOWN STEP	2026-08-14T04:41:42.5092909Z [90mstderr[2m | convex/lib/nodeslideGymArtifactEvidence.test.ts[2m > [22m[2mNodeGym owner-authorized artifact projection[2m > [22m[2minvalidates the whole authored group after chart or text edits
App + packages — lint · typecheck · test · build · consume	UNKNOWN STEP	2026-08-14T04:41:42.5111775Z [22m[39mNodeSlide deck diversity gate (after 6 passes): Slides 4 and 5 are near-duplicates (similarity: 0.99)
App + packages — lint · typecheck · test · build · consume	UNKNOWN STEP	2026-08-14T04:41:42.5120735Z 
App + packages — lint · typecheck · test · build · consume	UNKNOWN STEP	2026-08-14T04:41:42.5277053Z [90mstderr[2m | convex/lib/nodeslideGymArtifactEvidence.test.ts[2m > [22m[2mNodeGym owner-authorized artifact projection[2m > [22m[2mrejects a caller-selected source alias absent from persisted authored provenance
App + packages — lint · typecheck · test · build · consume	UNKNOWN STEP	2026-08-14T04:41:42.5280182Z [22m[39mNodeSlide deck diversity gate (after 6 passes): Slides 4 and 5 are near-duplicates (similarity: 0.99)
App + packages — lint · typecheck · test · build · consume	UNKNOWN STEP	2026-08-14T04:41:42.5291258Z 
App + packages — lint · typecheck · test · build · consume	UNKNOWN STEP	2026-08-14T04:41:42.5553186Z [90mstderr[2m | convex/lib/nodeslideGymArtifactEvidence.test.ts[2m > [22m[2mNodeGym owner-authorized artifact projection[2m > [22m[2maccepts a Gym alias only when a digest-verified bound attachment contains that identity
App + packages — lint · typecheck · test · build · consume	UNKNOWN STEP	2026-08-14T04:41:42.5556402Z [22m[39mNodeSlide deck diversity gate (after 6 passes): Slides 4 and 5 are near-duplicates (similarity: 0.99)
App + packages — lint · typecheck · test · build · consume	UNKNOWN STEP	2026-08-14T04:41:42.5565944Z 
App + packages — lint · typecheck · test · build · consume	UNKNOWN STEP	2026-08-14T04:41:42.5567113Z  [32m✓[39m convex/lib/nodeslideGymArtifactEvidence.test.ts [2m([22m[2m5 tests[22m[2m)[22m[32m 262[2mms[22m[39m
App + packages — lint · typecheck · test · build · consume	UNKNOWN STEP	2026-08-14T04:41:42.7910142Z  [32m✓[39m scripts/production-workflows.test.mjs [2m([22m[2m4 tests[22m[2m)[22m[32m 35[2mms[22m[39m
App + packages — lint · typecheck · test · build · consume	UNKNOWN STEP	2026-08-14T04:41:43.0237672Z  [32m✓[39m src/domains/nodeslide/inspector/DesignInspectorImageSearch.test.tsx [2m([22m[2m8 tests[22m[2m)[22m[33m 1734[2mms[22m[39m
App + packages — lint · typecheck · test · build · consume	UNKNOWN STEP	2026-08-14T04:41:43.0239709Z      [33m[2m✓[22m[39m sends the exact consent receipt and fills alt text plus credit on selection [33m 389[2mms[22m[39m
App + packages — lint · typecheck · test · build · consume	UNKNOWN STEP	2026-08-14T04:41:43.0241705Z      [33m[2m✓[22m[39m labels BYOK-generated assets as illustrative and non-evidentiary [33m 338[2mms[22m[39m
App + packages — lint · typecheck · test · build · consume	UNKNOWN STEP	2026-08-14T04:41:43.1281600Z  [32m✓[39m convex/lib/nodeslideErasureContract.test.ts [2m([22m[2m12 tests[22m[2m)[22m[32m 24[2mms[22m[39m
App + packages — lint · typecheck · test · build · consume	UNKNOWN STEP	2026-08-14T04:41:43.1942813Z  [32m✓[39m convex/nodeslideDeckCi.test.ts [2m([22m[2m6 tests[22m[2m)[22m[33m 569[2mms[22m[39m
App + packages — lint · typecheck · test · build · consume	UNKNOWN STEP	2026-08-14T04:41:43.4754452Z  [32m✓[39m convex/lib/nodeslideAnalysisKernel.test.ts [2m([22m[2m9 tests[22m[2m)[22m[32m 54[2mms[22m[39m
App + packages — lint · typecheck · test · build · consume	UNKNOWN STEP	2026-08-14T04:41:43.5029041Z  [32m✓[39m convex/nodeslidePptxSync.test.ts [2m([22m[2m6 tests[22m[2m)[22m[32m 121[2mms[22m[39m
App + packages — lint · typecheck · test · build · consume	UNKNOWN STEP	2026-08-14T04:41:44.1958962Z  [32m✓[39m convex/lib/nodeslideRoutedEditPlanner.test.ts [2m([22m[2m7 tests[22m[2m)[22m[32m 87[2mms[22m[39m
App + packages — lint · typecheck · test · build · consume	UNKNOWN STEP	2026-08-14T04:41:45.0492183Z  [32m✓[39m convex/nodeslideJobRuntime.test.ts [2m([22m[2m12 tests[22m[2m | [22m[33m1 skipped[39m[2m)[22m[32m 16[2mms[22m[39m
App + packages — lint · typecheck · test · build · consume	UNKNOWN STEP	2026-08-14T04:41:45.5041563Z  [32m✓[39m src/domains/nodeslide/session/AgentSessionProvider.test.tsx [2m([22m[2m8 tests[22m[2m)[22m[33m 590[2mms[22m[39m
App + packages — lint · typecheck · test · build · consume	UNKNOWN STEP	2026-08-14T04:41:45.7102081Z  [32m✓[39m scripts/tests/nodeslide-taste-judge.test.mjs [2m([22m[2m4 tests[22m[2m)[22m[32m 80[2mms[22m[39m
App + packages — lint · typecheck · test · build · consume	UNKNOWN STEP	2026-08-14T04:41:45.7511808Z  [32m✓[39m convex/nodeslideModelPricing.test.ts [2m([22m[2m22 tests[22m[2m)[22m[32m 20[2mms[22m[39m
App + packages — lint · typecheck · test · build · consume	UNKNOWN STEP	2026-08-14T04:41:46.1999350Z  [32m✓[39m convex/lib/nodeslideDeckRepl.test.ts [2m([22m[2m9 tests[22m[2m)[22m[32m 194[2mms[22m[39m
App + packages — lint · typecheck · test · build · consume	UNKNOWN STEP	2026-08-14T04:41:46.3211777Z  [32m✓[39m scripts/build-atlas-v3-native.test.mjs [2m([22m[2m18 tests[22m[2m)[22m[33m 2796[2mms[22m[39m
App + packages — lint · typecheck · test · build · consume	UNKNOWN STEP	2026-08-14T04:41:46.3241780Z      [33m[2m✓[22m[39m emits the native parts the deck claims [33m 566[2mms[22m[39m
App + packages — lint · typecheck · test · build · consume	UNKNOWN STEP	2026-08-14T04:41:46.3271625Z      [33m[2m✓[22m[39m emits a REAL c:dateAx time axis, so progression.timeline is satisfiable at all [33m 481[2mms[22m[39m
App + packages — lint · typecheck · test · build · consume	UNKNOWN STEP	2026-08-14T04:41:46.3281596Z      [33m[2m✓[22m[39m binds evidence claims to external source relationships, not decorative text [33m 468[2mms[22m[39m
App + packages — lint · typecheck · test · build · consume	UNKNOWN STEP	2026-08-14T04:41:46.3301331Z      [33m[2m✓[22m[39m emits a REAL p:timing build sequence for motion, not a poster frame [33m 433[2mms[22m[39m
App + packages — lint · typecheck · test · build · consume	UNKNOWN STEP	2026-08-14T04:41:46.3311871Z      [33m[2m✓[22m[39m emits N-1 transitions for N states — the first is visible at slide entry [33m 397[2mms[22m[39m
App + packages — lint · typecheck · test · build · consume	UNKNOWN STEP	2026-08-14T04:41:46.3313731Z      [33m[2m✓[22m[39m keeps every emitted slide part tag-balanced [33m 417[2mms[22m[39m
App + packages — lint · typecheck · test · build · consume	UNKNOWN STEP	2026-08-14T04:41:46.4237706Z  [32m✓[39m packages/gym-core/src/routing.test.ts [2m([22m[2m8 tests[22m[2m)[22m[32m 26[2mms[22m[39m
App + packages — lint · typecheck · test · build · consume	UNKNOWN STEP	2026-08-14T04:41:46.6549310Z  [32m✓[39m convex/lib/nodeslideStoryBench.test.ts [2m([22m[2m11 tests[22m[2m)[22m[32m 87[2mms[22m[39m
App + packages — lint · typecheck · test · build · consume	UNKNOWN STEP	2026-08-14T04:41:46.7267258Z  [32m✓[39m scripts/tests/nodeslide-tastebench.test.mjs [2m([22m[2m6 tests[22m[2m)[22m[32m 79[2mms[22m[39m
App + packages — lint · typecheck · test · build · consume	UNKNOWN STEP	2026-08-14T04:41:47.0531865Z  [32m✓[39m convex/nodeslideGoogleAuth.test.ts [2m([22m[2m5 tests[22m[2m)[22m[32m 30[2mms[22m[39m
App + packages — lint · typecheck · test · build · consume	UNKNOWN STEP	2026-08-14T04:41:47.5024936Z  [32m✓[39m convex/lib/nodeslideStoryContext.test.ts [2m([22m[2m7 tests[22m[2m)[22m[32m 144[2mms[22m[39m
App + packages — lint · typecheck · test · build · consume	UNKNOWN STEP	2026-08-14T04:41:47.8157092Z  [32m✓[39m convex/lib/nodeslideSourceLineage.test.ts [2m([22m[2m6 tests[22m[2m | [22m[33m1 skipped[39m[2m)[22m[32m 10[2mms[22m[39m
App + packages — lint · typecheck · test · build · consume	UNKNOWN STEP	2026-08-14T04:41:48.1914860Z  [32m✓[39m scripts/tests/nodeslide-benchmark-producer.test.mjs [2m([22m[2m6 tests[22m[2m)[22m[32m 43[2mms[22m[39m
App + packages — lint · typecheck · test · build · consume	UNKNOWN STEP	2026-08-14T04:41:48.5287761Z  [32m✓[39m convex/lib/nodeslideManagedKernel.test.ts [2m([22m[2m10 tests[22m[2m)[22m[32m 75[2mms[22m[39m
App + packages — lint · typecheck · test · build · consume	UNKNOWN STEP	2026-08-14T04:41:48.7790224Z  [32m✓[39m shared/nodeslideArtifactRegistry.test.ts [2m([22m[2m8 tests[22m[2m)[22m[32m 36[2mms[22m[39m
App + packages — lint · typecheck · test · build · consume	UNKNOWN STEP	2026-08-14T04:41:48.9157022Z  [32m✓[39m scripts/artifact-atlas-v3-pptx-receipt.test.mjs [2m([22m[2m11 tests[22m[2m)[22m[33m 1967[2mms[22m[39m
App + packages — lint · typecheck · test · build · consume	UNKNOWN STEP	2026-08-14T04:41:48.9161524Z      [33m[2m✓[22m[39m integration-verifies the actual deck, candidate, recipe, composition, and embedded assets [33m 412[2mms[22m[39m
App + packages — lint · typecheck · test · build · consume	UNKNOWN STEP	2026-08-14T04:41:48.9163257Z      [33m[2m✓[22m[39m rejects a tampered slide-42 embedded screenshot [33m 310[2mms[22m[39m
App + packages — lint · typecheck · test · build · consume	UNKNOWN STEP	2026-08-14T04:41:49.1436679Z  [32m✓[39m src/domains/nodeslide/components/NodeBookWorkspacePanel.test.tsx [2m([22m[2m5 tests[22m[2m)[22m[33m 1902[2mms[22m[39m
App + packages — lint · typecheck · test · build · consume	UNKNOWN STEP	2026-08-14T04:41:49.1439443Z      [33m[2m✓[22m[39m lets a reviewer navigate deck ? slide ? elements and render the canonical graph artifact [33m 404[2mms[22m[39m
App + packages — lint · typecheck · test · build · consume	UNKNOWN STEP	2026-08-14T04:41:49.1441985Z      [33m[2m✓[22m[39m renders all six portable NodeBook visual kinds inside the real NodeSlide host mount [33m 1404[2mms[22m[39m
App + packages — lint · typecheck · test · build · consume	UNKNOWN STEP	2026-08-14T04:41:49.1972466Z  [32m✓[39m packages/convex/src/convexAdapter.test.ts [2m([22m[2m6 tests[22m[2m)[22m[32m 19[2mms[22m[39m
App + packages — lint · typecheck · test · build · consume	UNKNOWN STEP	2026-08-14T04:41:49.4262009Z  [32m✓[39m convex/nodeslideBudgetLedger.test.ts [2m([22m[2m8 tests[22m[2m)[22m[32m 16[2mms[22m[39m
App + packages — lint · typecheck · test · build · consume	UNKNOWN STEP	2026-08-14T04:41:49.5592990Z  [32m✓[39m src/domains/nodeslide/slidelang/jsonEdit.test.ts [2m([22m[2m7 tests[22m[2m)[22m[32m 57[2mms[22m[39m
App + packages — lint · typecheck · test · build · consume	UNKNOWN STEP	2026-08-14T04:41:49.6548130Z  [32m✓[39m scripts/production-fixture-retention.test.mjs [2m([22m[2m7 tests[22m[2m)[22m[32m 20[2mms[22m[39m
App + packages — lint · typecheck · test · build · consume	UNKNOWN STEP	2026-08-14T04:41:49.7286632Z  [32m✓[39m convex/lib/nodeslideAgenticAction.test.ts [2m([22m[2m8 tests[22m[2m)[22m[32m 144[2mms[22m[39m
App + packages — lint · typecheck · test · build · consume	UNKNOWN STEP	2026-08-14T04:41:49.7842316Z  [32m✓[39m convex/lib/nodeslideRoomReady.test.ts [2m([22m[2m17 tests[22m[2m)[22m[32m 10[2mms[22m[39m
App + packages — lint · typecheck · test · build · consume	UNKNOWN STEP	2026-08-14T04:41:49.8647601Z  [32m✓[39m shared/nodeslideGym.test.ts [2m([22m[2m4 tests[22m[2m)[22m[32m 13[2mms[22m[39m
App + packages — lint · typecheck · test · build · consume	UNKNOWN STEP	2026-08-14T04:41:49.9786572Z  [32m✓[39m convex/lib/nodeslideRoutingReceipt.test.ts [2m([22m[2m10 tests[22m[2m)[22m[32m 17[2mms[22m[39m
App + packages — lint · typecheck · test · build · consume	UNKNOWN STEP	2026-08-14T04:41:50.2350437Z  [32m✓[39m src/domains/nodeslide/components/shell/editorActions.test.ts [2m([22m[2m11 tests[22m[2m)[22m[32m 30[2mms[22m[39m
App + packages — lint · typecheck · test · build · consume	UNKNOWN STEP	2026-08-14T04:41:50.3018321Z  [32m✓[39m scripts/tests/pptx-transition-normalize.test.mjs [2m([22m[2m16 tests[22m[2m)[22m[32m 196[2mms[22m[39m
App + packages — lint · typecheck · test · build · consume	UNKNOWN STEP	2026-08-14T04:41:50.4834431Z  [32m✓[39m convex/nodeslideAgentEvidenceWiring.test.ts [2m([22m[2m8 tests[22m[2m)[22m[32m 27[2mms[22m[39m
App + packages — lint · typecheck · test · build · consume	UNKNOWN STEP	2026-08-14T04:41:50.5962925Z  [32m✓[39m src/domains/nodeslide/integrations/externalChangeSet.test.ts [2m([22m[2m8 tests[22m[2m)[22m[32m 62[2mms[22m[39m
App + packages — lint · typecheck · test · build · consume	UNKNOWN STEP	2026-08-14T04:41:50.7082551Z  [32m✓[39m shared/nodeslideSessionGrant.test.ts [2m([22m[2m12 tests[22m[2m)[22m[32m 16[2mms[22m[39m
App + packages — lint · typecheck · test · build · consume	UNKNOWN STEP	2026-08-14T04:41:50.8028803Z  [32m✓[39m packages/recipelang/src/recipelang.scenario.test.ts [2m([22m[2m7 tests[22m[2m)[22m[32m 223[2mms[22m[39m
App + packages — lint · typecheck · test · build · consume	UNKNOWN STEP	2026-08-14T04:41:50.8327415Z  [32m✓[39m src/domains/nodeslide/editorStateIntegrity.test.ts [2m([22m[2m13 tests[22m[2m)[22m[32m 12[2mms[22m[39m
App + packages — lint · typecheck · test · build · consume	UNKNOWN STEP	2026-08-14T04:41:50.9433006Z  [32m✓[39m shared/nodeslideEvidence.test.ts [2m([22m[2m18 tests[22m[2m)[22m[32m 17[2mms[22m[39m
App + packages — lint · typecheck · test · build · consume	UNKNOWN STEP	2026-08-14T04:41:51.0882260Z  [32m✓[39m convex/lib/nodeslideImageSearch.test.ts [2m([22m[2m12 tests[22m[2m)[22m[32m 60[2mms[22m[39m
App + packages — lint · typecheck · test · build · consume	UNKNOWN STEP	2026-08-14T04:41:51.2113840Z find: ‘.tmp’: No such file or directory
App + packages — lint · typecheck · test · build · consume	UNKNOWN STEP	2026-08-14T04:41:51.2195042Z find: ‘.tmp’: No such file or directory
App + packages — lint · typecheck · test · build · consume	UNKNOWN STEP	2026-08-14T04:41:51.2265787Z [90mstdout[2m | api/share.http.test.ts[2m > [22m[2mthe share route over real HTTP[2m > [22m[2mreturns the published deck as HTML a reader can consume without JavaScript
App + packages — lint · typecheck · test · build · consume	UNKNOWN STEP	2026-08-14T04:41:51.2277687Z [22m[39m[share-projection] published: status=200 bytes=14954 visible-body-text-chars=2526
App + packages — lint · typecheck · test · build · consume	UNKNOWN STEP	2026-08-14T04:41:51.2278671Z 
App + packages — lint · typecheck · test · build · consume	UNKNOWN STEP	2026-08-14T04:41:51.2382293Z [90mstdout[2m | api/share.http.test.ts[2m > [22m[2mthe share route over real HTTP[2m > [22m[2mrefuses a slug the publication query does not resolve
App + packages — lint · typecheck · test · build · consume	UNKNOWN STEP	2026-08-14T04:41:51.2400811Z [22m[39m[share-projection] revoked: status=404 bytes=2008 visible-body-text-chars=161
App + packages — lint · typecheck · test · build · consume	UNKNOWN STEP	2026-08-14T04:41:51.2440313Z 
App + packages — lint · typecheck · test · build · consume	UNKNOWN STEP	2026-08-14T04:41:51.2498959Z  [32m✓[39m api/share.http.test.ts [2m([22m[2m2 tests[22m[2m)[22m[32m 105[2mms[22m[39m
App + packages — lint · typecheck · test · build · consume	UNKNOWN STEP	2026-08-14T04:41:51.2742096Z  [32m✓[39m scripts/tests/playwright-trace.test.mjs [2m([22m[2m12 tests[22m[2m | [22m[33m5 skipped[39m[2m)[22m[32m 47[2mms[22m[39m
App + packages — lint · typecheck · test · build · consume	UNKNOWN STEP	2026-08-14T04:41:51.4892425Z  [32m✓[39m scripts/tests/asset-provenance.test.mjs [2m([22m[2m17 tests[22m[2m)[22m[32m 17[2mms[22m[39m
App + packages — lint · typecheck · test · build · consume	UNKNOWN STEP	2026-08-14T04:41:51.6752232Z  [32m✓[39m convex/lib/nodeslideCandidate.test.ts [2m([22m[2m4 tests[22m[2m)[22m[32m 271[2mms[22m[39m
App + packages — lint · typecheck · test · build · consume	UNKNOWN STEP	2026-08-14T04:41:51.9148877Z  [32m✓[39m convex/lib/nodeslideShadowComparison.test.ts [2m([22m[2m6 tests[22m[2m)[22m[32m 125[2mms[22m[39m
App + packages — lint · typecheck · test · build · consume	UNKNOWN STEP	2026-08-14T04:41:51.9662972Z  [32m✓[39m convex/lib/nodeslideDurableSessionState.test.ts [2m([22m[2m4 tests[22m[2m)[22m[32m 115[2mms[22m[39m
App + packages — lint · typecheck · test · build · consume	UNKNOWN STEP	2026-08-14T04:41:52.1701819Z  [32m✓[39m scripts/tests/semantic-primacy.test.mjs [2m([22m[2m18 tests[22m[2m)[22m[32m 15[2mms[22m[39m
App + packages — lint · typecheck · test · build · consume	UNKNOWN STEP	2026-08-14T04:41:52.4222501Z  [32m✓[39m scripts/tests/nodeslide-atlas-topology-gate.test.mjs [2m([22m[2m21 tests[22m[2m)[22m[32m 22[2mms[22m[39m
App + packages — lint · typecheck · test · build · consume	UNKNOWN STEP	2026-08-14T04:41:52.6627224Z  [32m✓[39m packages/backend/src/authorization.test.ts [2m([22m[2m7 tests[22m[2m)[22m[32m 11[2mms[22m[39m
App + packages — lint · typecheck · test · build · consume	UNKNOWN STEP	2026-08-14T04:41:52.8111435Z [90mstderr[2m | src/domains/nodeslide/slidelang/artifactSpecExport.test.ts[2m > [22m[2mArtifactSpec export gate[2m > [22m[2mexports native waterfall marks as semantic HTML and editable PowerPoint shapes
App + packages — lint · typecheck · test · build · consume	UNKNOWN STEP	2026-08-14T04:41:52.8113582Z [22m[39mNodeSlide deck diversity gate (after 6 passes): Slides 4 and 5 are near-duplicates (similarity: 0.99)
App + packages — lint · typecheck · test · build · consume	UNKNOWN STEP	2026-08-14T04:41:52.8114171Z 
App + packages — lint · typecheck · test · build · consume	UNKNOWN STEP	2026-08-14T04:41:52.8163648Z  [32m✓[39m src/domains/nodeslide/slidelang/artifactSpecExport.test.ts [2m([22m[2m3 tests[22m[2m)[22m[33m 511[2mms[22m[39m
App + packages — lint · typecheck · test · build · consume	UNKNOWN STEP	2026-08-14T04:41:52.9079074Z  [32m✓[39m scripts/nodeslide-conformance.test.mjs [2m([22m[2m15 tests[22m[2m)[22m[32m 14[2mms[22m[39m
App + packages — lint · typecheck · test · build · consume	UNKNOWN STEP	2026-08-14T04:41:53.0475779Z  [32m✓[39m scripts/tests/motion-oracle.test.mjs [2m([22m[2m14 tests[22m[2m)[22m[32m 18[2mms[22m[39m
App + packages — lint · typecheck · test · build · consume	UNKNOWN STEP	2026-08-14T04:41:53.2538345Z  [32m✓[39m convex/nodeslideDerivedErasure.test.ts [2m([22m[2m22 tests[22m[2m)[22m[32m 14[2mms[22m[39m
App + packages — lint · typecheck · test · build · consume	UNKNOWN STEP	2026-08-14T04:41:54.3712515Z  [32m✓[39m src/domains/nodeslide/inspector/AiInspector.proposalOrigin.test.tsx [2m([22m[2m5 tests[22m[2m)[22m[33m 962[2mms[22m[39m
App + packages — lint · typecheck · test · build · consume	UNKNOWN STEP	2026-08-14T04:41:54.3714851Z      [33m[2m✓[22m[39m publishes deterministic-fallback authorship as an attribute on the variation card [33m 417[2mms[22m[39m
App + packages — lint · typecheck · test · build · consume	UNKNOWN STEP	2026-08-14T04:41:54.8941927Z  [32m✓[39m src/domains/nodeslide/inspector/DeckCiStatus.test.tsx [2m([22m[2m13 tests[22m[2m)[22m[33m 418[2mms[22m[39m
App + packages — lint · typecheck · test · build · consume	UNKNOWN STEP	2026-08-14T04:41:54.9052067Z  [32m✓[39m scripts/tests/nodeslide-benchmark-gate.test.mjs [2m([22m[2m7 tests[22m[2m)[22m[32m 229[2mms[22m[39m
App + packages — lint · typecheck · test · build · consume	UNKNOWN STEP	2026-08-14T04:41:55.2482607Z  [32m✓[39m src/domains/nodeslide/inspector/ExportMyDataAction.test.tsx [2m([22m[2m9 tests[22m[2m)[22m[33m 333[2mms[22m[39m
App + packages — lint · typecheck · test · build · consume	UNKNOWN STEP	2026-08-14T04:41:55.5062000Z  [32m✓[39m convex/lib/nodeslideAssistantStream.test.ts [2m([22m[2m9 tests[22m[2m)[22m[32m 19[2mms[22m[39m
App + packages — lint · typecheck · test · build · consume	UNKNOWN STEP	2026-08-14T04:41:55.7112318Z  [32m✓[39m convex/nodeslideGoogleSlidesRuntime.test.ts [2m([22m[2m7 tests[22m[2m)[22m[32m 17[2mms[22m[39m
App + packages — lint · typecheck · test · build · consume	UNKNOWN STEP	2026-08-14T04:41:55.7640480Z  [32m✓[39m convex/lib/nodeslideRoutedProposeEdit.test.ts [2m([22m[2m1 test[22m[2m)[22m[32m 58[2mms[22m[39m
App + packages — lint · typecheck · test · build · consume	UNKNOWN STEP	2026-08-14T04:41:55.9751140Z  [32m✓[39m shared/nodeslideDeckDirection.test.ts [2m([22m[2m14 tests[22m[2m)[22m[32m 13[2mms[22m[39m
App + packages — lint · typecheck · test · build · consume	UNKNOWN STEP	2026-08-14T04:41:56.0722178Z  [32m✓[39m src/domains/nodeslide/signature/signatureBounds.test.ts [2m([22m[2m10 tests[22m[2m)[22m[33m 963[2mms[22m[39m
App + packages — lint · typecheck · test · build · consume	UNKNOWN STEP	2026-08-14T04:41:56.0724389Z      [33m[2m✓[22m[39m bounds token output to retained evidence under adversarial distinct-value input [33m 751[2mms[22m[39m
App + packages — lint · typecheck · test · build · consume	UNKNOWN STEP	2026-08-14T04:41:56.2522556Z  [32m✓[39m scripts/tests/docs-citations.test.mjs [2m([22m[2m5 tests[22m[2m)[22m[32m 75[2mms[22m[39m
App + packages — lint · typecheck · test · build · consume	UNKNOWN STEP	2026-08-14T04:41:56.3880830Z  [32m✓[39m convex/lib/nodeslidePreferenceRetention.test.ts [2m([22m[2m6 tests[22m[2m)[22m[32m 101[2mms[22m[39m
App + packages — lint · typecheck · test · build · consume	UNKNOWN STEP	2026-08-14T04:41:57.0924551Z  [32m✓[39m src/domains/nodeslide/uiContract.test.ts [2m([22m[2m10 tests[22m[2m)[22m[32m 20[2mms[22m[39m
App + packages — lint · typecheck · test · build · consume	UNKNOWN STEP	2026-08-14T04:41:57.2185444Z  [32m✓[39m convex/nodeslideDuplicateDeck.test.ts [2m([22m[2m3 tests[22m[2m)[22m[33m 422[2mms[22m[39m
App + packages — lint · typecheck · test · build · consume	UNKNOWN STEP	2026-08-14T04:41:57.2211814Z      [33m[2m✓[22m[39m persists a fully re-identified copy owned by the new key [33m 338[2mms[22m[39m
App + packages — lint · typecheck · test · build · consume	UNKNOWN STEP	2026-08-14T04:41:57.4389791Z  [32m✓[39m convex/lib/nodeslideDeckScopeAccess.test.ts [2m([22m[2m5 tests[22m[2m)[22m[32m 17[2mms[22m[39m
App + packages — lint · typecheck · test · build · consume	UNKNOWN STEP	2026-08-14T04:41:58.0257779Z  [32m✓[39m convex/lib/nodeslideBudgetedProvider.test.ts [2m([22m[2m7 tests[22m[2m)[22m[32m 32[2mms[22m[39m
App + packages — lint · typecheck · test · build · consume	UNKNOWN STEP	2026-08-14T04:41:58.3839756Z  [32m✓[39m scripts/tests/dedupe-media.test.mjs [2m([22m[2m8 tests[22m[2m)[22m[32m 38[2mms[22m[39m
App + packages — lint · typecheck · test · build · consume	UNKNOWN STEP	2026-08-14T04:41:58.5907400Z  [32m✓[39m packages/react-headless/src/deckNavigation.test.tsx [2m([22m[2m11 tests[22m[2m)[22m[32m 47[2mms[22m[39m
App + packages — lint · typecheck · test · build · consume	UNKNOWN STEP	2026-08-14T04:41:58.6962158Z  [32m✓[39m scripts/artifact-atlas-coverage.test.mjs [2m([22m[2m12 tests[22m[2m)[22m[32m 57[2mms[22m[39m
App + packages — lint · typecheck · test · build · consume	UNKNOWN STEP	2026-08-14T04:41:59.0332309Z  [32m✓[39m packages/client-http/src/httpAdapter.test.ts [2m([22m[2m4 tests[22m[2m)[22m[32m 46[2mms[22m[39m
App + packages — lint · typecheck · test · build · consume	UNKNOWN STEP	2026-08-14T04:41:59.2255360Z  [32m✓[39m scripts/tests/nodeslide-landing-a11y.test.mjs [2m([22m[2m7 tests[22m[2m)[22m[32m 9[2mms[22m[39m
App + packages — lint · typecheck · test · build · consume	UNKNOWN STEP	2026-08-14T04:41:59.4189418Z  [32m✓[39m src/domains/nodeslide/atlas/AtlasGallery.test.tsx [2m([22m[2m13 tests[22m[2m)[22m[33m 1576[2mms[22m[39m
App + packages — lint · typecheck · test · build · consume	UNKNOWN STEP	2026-08-14T04:41:59.4191810Z      [33m[2m✓[22m[39m narrows to the architecture archetype when the builder describes the job [33m 471[2mms[22m[39m
App + packages — lint · typecheck · test · build · consume	UNKNOWN STEP	2026-08-14T04:41:59.4986426Z  [32m✓[39m scripts/tests/function-bundle-gate.test.mjs [2m([22m[2m10 tests[22m[2m)[22m[33m 671[2mms[22m[39m
App + packages — lint · typecheck · test · build · consume	UNKNOWN STEP	2026-08-14T04:41:59.6662550Z [90mstderr[2m | shared/nodeslideLayoutScenarios.test.ts[2m > [22m[2mNodeSlide layout scenarios (measured stacking + collision gate)[2m > [22m[2mmaterializes a long-copy slide (600-char body + 3 bullets + chart) with zero collisions
App + packages — lint · typecheck · test · build · consume	UNKNOWN STEP	2026-08-14T04:41:59.6664579Z [22m[39mNodeSlide deck diversity gate: Slides 3 and 4 are near-duplicates (similarity: 0.98) (no alternates available)
App + packages — lint · typecheck · test · build · consume	UNKNOWN STEP	2026-08-14T04:41:59.6665177Z 
App + packages — lint · typecheck · test · build · consume	UNKNOWN STEP	2026-08-14T04:41:59.7153426Z [90mstderr[2m | shared/nodeslideLayoutScenarios.test.ts[2m > [22m[2mNodeSlide layout scenarios (measured stacking + collision gate)[2m > [22m[2mregression: opening slide with a visual no longer collides body and bullets (shipped bug)
App + packages — lint · typecheck · test · build · consume	UNKNOWN STEP	2026-08-14T04:41:59.7156028Z [22m[39mNodeSlide deck diversity gate (after 6 passes): Slides 3 and 4 are near-duplicates (similarity: 0.98)
App + packages — lint · typecheck · test · build · consume	UNKNOWN STEP	2026-08-14T04:41:59.7156747Z 
App + packages — lint · typecheck · test · build · consume	UNKNOWN STEP	2026-08-14T04:41:59.7377486Z  [32m✓[39m scripts/model-fleet-receipt-core.test.mjs [2m([22m[2m8 tests[22m[2m)[22m[32m 16[2mms[22m[39m
App + packages — lint · typecheck · test · build · consume	UNKNOWN STEP	2026-08-14T04:41:59.7507967Z  [32m✓[39m shared/nodeslideLayoutScenarios.test.ts [2m([22m[2m3 tests[22m[2m)[22m[32m 243[2mms[22m[39m
App + packages — lint · typecheck · test · build · consume	UNKNOWN STEP	2026-08-14T04:42:00.0394394Z  [32m✓[39m shared/nodeslidePptxLink.test.ts [2m([22m[2m4 tests[22m[2m)[22m[32m 57[2mms[22m[39m
App + packages — lint · typecheck · test · build · consume	UNKNOWN STEP	2026-08-14T04:42:00.3795414Z  [32m✓[39m scripts/artifact-atlas.test.mjs [2m([22m[2m6 tests[22m[2m)[22m[32m 80[2mms[22m[39m
App + packages — lint · typecheck · test · build · consume	UNKNOWN STEP	2026-08-14T04:42:00.4274503Z  [32m✓[39m convex/lib/nodeslideConsentUi.test.tsx [2m([22m[2m6 tests[22m[2m)[22m[32m 69[2mms[22m[39m
App + packages — lint · typecheck · test · build · consume	UNKNOWN STEP	2026-08-14T04:42:00.8634056Z  [32m✓[39m src/domains/nodeslide/openui/openUiMaterialAgentInteractions.test.ts [2m([22m[2m11 tests[22m[2m)[22m[32m 179[2mms[22m[39m
App + packages — lint · typecheck · test · build · consume	UNKNOWN STEP	2026-08-14T04:42:00.9004497Z [90mstderr[2m | convex/lib/nodeslideCreationCompletion.test.ts[2m > [22m[2mNodeSlide creation completion boundary[2m > [22m[2mturns a misaligned risk chart into an explicit evidence gap instead of aborting creation
App + packages — lint · typecheck · test · build · consume	UNKNOWN STEP	2026-08-14T04:42:00.9031768Z [22m[39mNodeSlide deck diversity gate (after 7 passes): Slides 3 and 4 are near-duplicates (similarity: 0.97)
App + packages — lint · typecheck · test · build · consume	UNKNOWN STEP	2026-08-14T04:42:00.9055722Z 
App + packages — lint · typecheck · test · build · consume	UNKNOWN STEP	2026-08-14T04:42:00.9366792Z [90mstderr[2m | convex/lib/nodeslideCreationCompletion.test.ts[2m > [22m[2mNodeSlide creation completion boundary[2m > [22m[2mquarantines a risk matrix with missing axis anchors instead of aborting creation
App + packages — lint · typecheck · test · build · consume	UNKNOWN STEP	2026-08-14T04:42:00.9369328Z [22m[39mNodeSlide deck diversity gate (after 7 passes): Slides 3 and 4 are near-duplicates (similarity: 0.97)
App + packages — lint · typecheck · test · build · consume	UNKNOWN STEP	2026-08-14T04:42:00.9370401Z 
App + packages — lint · typecheck · test · build · consume	UNKNOWN STEP	2026-08-14T04:42:01.0450663Z  [32m✓[39m convex/lib/nodeslideCreationCompletion.test.ts [2m([22m[2m4 tests[22m[2m)[22m[32m 270[2mms[22m[39m
App + packages — lint · typecheck · test · build · consume	UNKNOWN STEP	2026-08-14T04:42:01.5232769Z  [32m✓[39m convex/nodeslideAgentRecovery.test.ts [2m([22m[2m3 tests[22m[2m)[22m[32m 241[2mms[22m[39m
App + packages — lint · typecheck · test · build · consume	UNKNOWN STEP	2026-08-14T04:42:01.9422322Z  [32m✓[39m src/domains/nodeslide/components/NodeSlideLanding.stagedWait.test.tsx [2m([22m[2m4 tests[22m[2m)[22m[33m 841[2mms[22m[39m
App + packages — lint · typecheck · test · build · consume	UNKNOWN STEP	2026-08-14T04:42:01.9475496Z      [33m[2m✓[22m[39m advances honest stage copy on elapsed time with a visible timer [33m 338[2mms[22m[39m
App + packages — lint · typecheck · test · build · consume	UNKNOWN STEP	2026-08-14T04:42:02.1328618Z  [32m✓[39m convex/lib/nodeslideTraceUi.test.tsx [2m([22m[2m5 tests[22m[2m)[22m[32m 79[2mms[22m[39m
App + packages — lint · typecheck · test · build · consume	UNKNOWN STEP	2026-08-14T04:42:02.1647375Z  [32m✓[39m convex/lib/nodeslideModelFleetProbe.test.ts [2m([22m[2m5 tests[22m[2m)[22m[32m 13[2mms[22m[39m
App + packages — lint · typecheck · test · build · consume	UNKNOWN STEP	2026-08-14T04:42:02.3960171Z  [32m✓[39m convex/lib/nodeslideClaimEvidenceReceipt.test.ts [2m([22m[2m5 tests[22m[2m)[22m[32m 44[2mms[22m[39m
App + packages — lint · typecheck · test · build · consume	UNKNOWN STEP	2026-08-14T04:42:02.4962859Z  [32m✓[39m scripts/deck-gym.test.mjs [2m([22m[2m6 tests[22m[2m)[22m[32m 70[2mms[22m[39m
App + packages — lint · typecheck · test · build · consume	UNKNOWN STEP	2026-08-14T04:42:02.6812228Z  [32m✓[39m scripts/tests/claim-trace-binding.test.mjs [2m([22m[2m11 tests[22m[2m)[22m[32m 11[2mms[22m[39m
App + packages — lint · typecheck · test · build · consume	UNKNOWN STEP	2026-08-14T04:42:02.8053976Z  [32m✓[39m shared/nodeslideAtlasReceipts.test.ts [2m([22m[2m13 tests[22m[2m)[22m[32m 37[2mms[22m[39m
App + packages — lint · typecheck · test · build · consume	UNKNOWN STEP	2026-08-14T04:42:03.1400849Z  [32m✓[39m src/lib/sessionIdentity.entropy.test.ts [2m([22m[2m7 tests[22m[2m)[22m[32m 86[2mms[22m[39m
App + packages — lint · typecheck · test · build · consume	UNKNOWN STEP	2026-08-14T04:42:03.2872252Z  [32m✓[39m shared/nodeslideGeometryChecks.test.ts [2m([22m[2m5 tests[22m[2m)[22m[32m 267[2mms[22m[39m
App + packages — lint · typecheck · test · build · consume	UNKNOWN STEP	2026-08-14T04:42:03.4521899Z  [32m✓[39m convex/lib/nodeslideSourceRevision.test.ts [2m([22m[2m5 tests[22m[2m)[22m[32m 36[2mms[22m[39m
App + packages — lint · typecheck · test · build · consume	UNKNOWN STEP	2026-08-14T04:42:03.5302006Z  [32m✓[39m scripts/tests/trace-provenance.test.mjs [2m([22m[2m13 tests[22m[2m)[22m[32m 15[2mms[22m[39m
App + packages — lint · typecheck · test · build · consume	UNKNOWN STEP	2026-08-14T04:42:04.0552149Z  [32m✓[39m src/domains/nodeslide/inspector/DesignInspector.test.tsx [2m([22m[2m6 tests[22m[2m)[22m[32m 25[2mms[22m[39m
App + packages — lint · typecheck · test · build · consume	UNKNOWN STEP	2026-08-14T04:42:04.0903539Z [90mstderr[2m | convex/nodeslideArtifactSpec.test.ts[2m > [22m[2mNodeSlide owner-only Gym ArtifactSpec endpoint[2m > [22m[2mdenies another capability, returns redacted evidence, and rejects forged lineage
App + packages — lint · typecheck · test · build · consume	UNKNOWN STEP	2026-08-14T04:42:04.0931712Z [22m[39mNodeSlide deck diversity gate (after 6 passes): Slides 4 and 5 are near-duplicates (similarity: 0.99)
App + packages — lint · typecheck · test · build · consume	UNKNOWN STEP	2026-08-14T04:42:04.0953161Z 
App + packages — lint · typecheck · test · build · consume	UNKNOWN STEP	2026-08-14T04:42:04.2696889Z  [32m✓[39m convex/nodeslideArtifactSpec.test.ts [2m([22m[2m1 test[22m[2m)[22m[32m 297[2mms[22m[39m
App + packages — lint · typecheck · test · build · consume	UNKNOWN STEP	2026-08-14T04:42:04.4888715Z  [32m✓[39m convex/lib/nodeslideSemanticEvaluation.patch.test.ts [2m([22m[2m3 tests[22m[2m)[22m[32m 123[2mms[22m[39m
App + packages — lint · typecheck · test · build · consume	UNKNOWN STEP	2026-08-14T04:42:04.5046343Z  [32m✓[39m convex/lib/nodeslideGoogleOAuth.test.ts [2m([22m[2m7 tests[22m[2m)[22m[32m 22[2mms[22m[39m
App + packages — lint · typecheck · test · build · consume	UNKNOWN STEP	2026-08-14T04:42:04.7011973Z  [32m✓[39m scripts/tests/knockout-primacy.test.mjs [2m([22m[2m11 tests[22m[2m)[22m[32m 10[2mms[22m[39m
App + packages — lint · typecheck · test · build · consume	UNKNOWN STEP	2026-08-14T04:42:04.9340566Z  [32m✓[39m src/domains/nodeslide/components/nodeBookGraphProjection.test.ts [2m([22m[2m7 tests[22m[2m)[22m[32m 19[2mms[22m[39m
App + packages — lint · typecheck · test · build · consume	UNKNOWN STEP	2026-08-14T04:42:05.2171347Z  [32m✓[39m convex/lib/nodeslideWorkflowCandidate.test.ts [2m([22m[2m2 tests[22m[2m)[22m[32m 11[2mms[22m[39m
App + packages — lint · typecheck · test · build · consume	UNKNOWN STEP	2026-08-14T04:42:05.6913622Z  [32m✓[39m convex/lib/nodeslideExecutionTrace.test.ts [2m([22m[2m6 tests[22m[2m)[22m[32m 160[2mms[22m[39m
App + packages — lint · typecheck · test · build · consume	UNKNOWN STEP	2026-08-14T04:42:06.0275965Z  [32m✓[39m shared/nodeslideAuthoringQuality.test.ts [2m([22m[2m2 tests[22m[2m)[22m[32m 71[2mms[22m[39m
App + packages — lint · typecheck · test · build · consume	UNKNOWN STEP	2026-08-14T04:42:06.2842420Z  [32m✓[39m shared/nodeslideLayoutMetrics.test.ts [2m([22m[2m12 tests[22m[2m)[22m[32m 15[2mms[22m[39m
App + packages — lint · typecheck · test · build · consume	UNKNOWN STEP	2026-08-14T04:42:06.5834558Z  [32m✓[39m scripts/tests/nodeslide-journey-proof.test.mjs [2m([22m[2m4 tests[22m[2m)[22m[32m 41[2mms[22m[39m
App + packages — lint · typecheck · test · build · consume	UNKNOWN STEP	2026-08-14T04:42:06.7642876Z  [32m✓[39m src/domains/nodeslide/inspector/VersionsInspector.directionChange.test.tsx [2m([22m[2m6 tests[22m[2m)[22m[33m 672[2mms[22m[39m
App + packages — lint · typecheck · test · build · consume	UNKNOWN STEP	2026-08-14T04:42:06.7645945Z      [33m[2m✓[22m[39m warns instead of restoring when the version predates the active direction [33m 353[2mms[22m[39m
App + packages — lint · typecheck · test · build · consume	UNKNOWN STEP	2026-08-14T04:42:07.3861967Z  [32m✓[39m scripts/immutable-upgrade-consumer-core.test.mjs [2m([22m[2m3 tests[22m[2m)[22m[33m 5236[2mms[22m[39m
App + packages — lint · typecheck · test · build · consume	UNKNOWN STEP	2026-08-14T04:42:07.3864200Z      [33m[2m✓[22m[39m typechecks and executes an isolated installed package [33m 2162[2mms[22m[39m
App + packages — lint · typecheck · test · build · consume	UNKNOWN STEP	2026-08-14T04:42:07.3866221Z      [33m[2m✓[22m[39m rejects a valid npm tarball whose declaration passes but runtime entry is broken [33m 3052[2mms[22m[39m
App + packages — lint · typecheck · test · build · consume	UNKNOWN STEP	2026-08-14T04:42:07.5820181Z  [32m✓[39m shared/nodeslideMotionEvidence.test.ts [2m([22m[2m7 tests[22m[2m)[22m[32m 21[2mms[22m[39m
App + packages — lint · typecheck · test · build · consume	UNKNOWN STEP	2026-08-14T04:42:07.8076343Z  [32m✓[39m convex/lib/nodeslideVariationUi.test.tsx [2m([22m[2m3 tests[22m[2m)[22m[32m 293[2mms[22m[39m
App + packages — lint · typecheck · test · build · consume	UNKNOWN STEP	2026-08-14T04:42:08.0434482Z  [32m✓[39m scripts/tests/artifact-fidelity.test.mjs [2m([22m[2m13 tests[22m[2m)[22m[32m 15[2mms[22m[39m
App + packages — lint · typecheck · test · build · consume	UNKNOWN STEP	2026-08-14T04:42:08.1233044Z [90mstderr[2m | convex/lib/nodeslideSyntheticCreationFault.test.ts[2m > [22m[2mdevelopment-only synthetic creation repair demo[2m > [22m[2mproves the real second provider pass repairs the materialized chart omission
App + packages — lint · typecheck · test · build · consume	UNKNOWN STEP	2026-08-14T04:42:08.1322407Z [22m[39mNodeSlide deck diversity gate: Only 3 distinct composition families used (minimum: 4) (no alternates available)
App + packages — lint · typecheck · test · build · consume	UNKNOWN STEP	2026-08-14T04:42:08.1323422Z 
App + packages — lint · typecheck · test · build · consume	UNKNOWN STEP	2026-08-14T04:42:08.2655751Z [90mstderr[2m | convex/lib/nodeslideSyntheticCreationFault.test.ts[2m > [22m[2mdevelopment-only synthetic creation repair demo[2m > [22m[2mkeeps the visibly faulted pass when revision fails instead of faking a repair
App + packages — lint · typecheck · test · build · consume	UNKNOWN STEP	2026-08-14T04:42:08.2671676Z [22m[39mNodeSlide deck diversity gate: Only 3 distinct composition families used (minimum: 4) (no alternates available)
App + packages — lint · typecheck · test · build · consume	UNKNOWN STEP	2026-08-14T04:42:08.2700419Z 
App + packages — lint · typecheck · test · build · consume	UNKNOWN STEP	2026-08-14T04:42:08.2711696Z  [32m✓[39m convex/lib/nodeslideSyntheticCreationFault.test.ts [2m([22m[2m5 tests[22m[2m)[22m[33m 325[2mms[22m[39m
App + packages — lint · typecheck · test · build · consume	UNKNOWN STEP	2026-08-14T04:42:08.5158024Z  [32m✓[39m shared/nodeslideSemanticIssues.test.ts [2m([22m[2m6 tests[22m[2m)[22m[32m 12[2mms[22m[39m
App + packages — lint · typecheck · test · build · consume	UNKNOWN STEP	2026-08-14T04:42:09.7902374Z  [32m✓[39m src/domains/nodeslide/components/ApproverReviewView.test.tsx [2m([22m[2m7 tests[22m[2m)[22m[33m 1191[2mms[22m[39m
App + packages — lint · typecheck · test · build · consume	UNKNOWN STEP	2026-08-14T04:42:09.7951817Z      [33m[2m✓[22m[39m gates on a pasted capability and never reads it from the URL [33m 404[2mms[22m[39m
App + packages — lint · typecheck · test · build · consume	UNKNOWN STEP	2026-08-14T04:42:10.0631856Z  [32m✓[39m scripts/tests/evidence-binding.test.mjs [2m([22m[2m17 tests[22m[2m)[22m[32m 13[2mms[22m[39m
App + packages — lint · typecheck · test · build · consume	UNKNOWN STEP	2026-08-14T04:42:10.2342314Z  [32m✓[39m src/domains/nodeslide/components/SlideRenderer.charts.test.tsx [2m([22m[2m7 tests[22m[2m)[22m[32m 246[2mms[22m[39m
App + packages — lint · typecheck · test · build · consume	UNKNOWN STEP	2026-08-14T04:42:10.3831865Z  [32m✓[39m shared/nodeslideLayers.test.ts [2m([22m[2m2 tests[22m[2m)[22m[32m 47[2mms[22m[39m
App + packages — lint · typecheck · test · build · consume	UNKNOWN STEP	2026-08-14T04:42:10.4497379Z  [32m✓[39m shared/nodeslideArtifactGeometry.test.ts [2m([22m[2m4 tests[22m[2m)[22m[32m 10[2mms[22m[39m
App + packages — lint · typecheck · test · build · consume	UNKNOWN STEP	2026-08-14T04:42:10.6532516Z  [32m✓[39m packages/gym-core/src/checkpoint.test.ts [2m([22m[2m4 tests[22m[2m)[22m[32m 12[2mms[22m[39m
App + packages — lint · typecheck · test · build · consume	UNKNOWN STEP	2026-08-14T04:42:10.7622274Z  [32m✓[39m scripts/tests/emit-atlas-receipts-preference.test.mjs [2m([22m[2m6 tests[22m[2m)[22m[32m 32[2mms[22m[39m
App + packages — lint · typecheck · test · build · consume	UNKNOWN STEP	2026-08-14T04:42:10.8928075Z  [32m✓[39m shared/nodeslideJourneyProof.test.ts [2m([22m[2m4 tests[22m[2m)[22m[32m 27[2mms[22m[39m
App + packages — lint · typecheck · test · build · consume	UNKNOWN STEP	2026-08-14T04:42:11.1388973Z  [32m✓[39m scripts/node-gym-ui-evidence-core.test.mjs [2m([22m[2m4 tests[22m[2m)[22m[32m 12[2mms[22m[39m
App + packages — lint · typecheck · test · build · consume	UNKNOWN STEP	2026-08-14T04:42:12.4515306Z  [32m✓[39m src/domains/nodeslide/components/SlideRenderer.images.test.tsx [2m([22m[2m3 tests[22m[2m)[22m[32m 257[2mms[22m[39m
App + packages — lint · typecheck · test · build · consume	UNKNOWN STEP	2026-08-14T04:42:12.9712296Z  [32m✓[39m src/domains/nodeslide/inspector/AiInspector.composerSeed.test.tsx [2m([22m[2m5 tests[22m[2m)[22m[33m 3051[2mms[22m[39m
App + packages — lint · typecheck · test · build · consume	UNKNOWN STEP	2026-08-14T04:42:12.9763293Z      [33m[2m✓[22m[39m seeds the composer when a pattern is chosen after mount [33m 518[2mms[22m[39m
App + packages — lint · typecheck · test · build · consume	UNKNOWN STEP	2026-08-14T04:42:12.9777075Z      [33m[2m✓[22m[39m seeds again when the SAME pattern is chosen twice [33m 1230[2mms[22m[39m
App + packages — lint · typecheck · test · build · consume	UNKNOWN STEP	2026-08-14T04:42:12.9778971Z      [33m[2m✓[22m[39m leaves a draft alone when no pattern is chosen [33m 959[2mms[22m[39m
App + packages — lint · typecheck · test · build · consume	UNKNOWN STEP	2026-08-14T04:42:13.2958110Z  [32m✓[39m convex/lib/nodeslideAuthority.test.ts [2m([22m[2m4 tests[22m[2m)[22m[32m 62[2mms[22m[39m
App + packages — lint · typecheck · test · build · consume	UNKNOWN STEP	2026-08-14T04:42:13.6730560Z  [32m✓[39m packages/react-headless/src/proposalReview.test.ts [2m([22m[2m5 tests[22m[2m)[22m[32m 27[2mms[22m[39m
App + packages — lint · typecheck · test · build · consume	UNKNOWN STEP	2026-08-14T04:42:14.3665966Z  [32m✓[39m src/domains/nodeslide/inspector/AiInspector.advancedPopover.test.tsx [2m([22m[2m3 tests[22m[2m)[22m[33m 1381[2mms[22m[39m
App + packages — lint · typecheck · test · build · consume	UNKNOWN STEP	2026-08-14T04:42:14.3668565Z      [33m[2m✓[22m[39m keeps advanced controls out of the way until the footer trigger opens them [33m 531[2mms[22m[39m
App + packages — lint · typecheck · test · build · consume	UNKNOWN STEP	2026-08-14T04:42:14.3670602Z      [33m[2m✓[22m[39m controls inside the popover still fire: policy selects and provider flip [33m 533[2mms[22m[39m
App + packages — lint · typecheck · test · build · consume	UNKNOWN STEP	2026-08-14T04:42:14.3672222Z      [33m[2m✓[22m[39m closes from the labelled close button and restores the trigger state [33m 314[2mms[22m[39m
App + packages — lint · typecheck · test · build · consume	UNKNOWN STEP	2026-08-14T04:42:15.1510864Z  [32m✓[39m convex/lib/nodeslideTasteMismatch.test.ts [2m([22m[2m4 tests[22m[2m)[22m[33m 408[2mms[22m[39m
App + packages — lint · typecheck · test · build · consume	UNKNOWN STEP	2026-08-14T04:42:15.2959841Z  [32m✓[39m src/domains/nodeslide/inspector/AiInspector.openUiWiring.test.tsx [2m([22m[2m4 tests[22m[2m)[22m[33m 953[2mms[22m[39m
App + packages — lint · typecheck · test · build · consume	UNKNOWN STEP	2026-08-14T04:42:15.3001601Z      [33m[2m✓[22m[39m opens the visual material lab from the live composer button [33m 811[2mms[22m[39m
App + packages — lint · typecheck · test · build · consume	UNKNOWN STEP	2026-08-14T04:42:15.3662535Z  [32m✓[39m shared/nodeslideProposalOrigin.test.ts [2m([22m[2m5 tests[22m[2m)[22m[32m 12[2mms[22m[39m
App + packages — lint · typecheck · test · build · consume	UNKNOWN STEP	2026-08-14T04:42:15.6911660Z  [32m✓[39m convex/lib/nodeslideEditShadowPlanner.test.ts [2m([22m[2m6 tests[22m[2m)[22m[32m 125[2mms[22m[39m
App + packages — lint · typecheck · test · build · consume	UNKNOWN STEP	2026-08-14T04:42:16.1072211Z  [32m✓[39m src/domains/nodeslide/openui/OpenUiMaterialWorkbench.test.tsx [2m([22m[2m4 tests[22m[2m)[22m[33m 537[2mms[22m[39m
App + packages — lint · typecheck · test · build · consume	UNKNOWN STEP	2026-08-14T04:42:16.1151850Z      [33m[2m✓[22m[39m routes the allowlisted OpenUI action into exactly one unapplied proposal [33m 339[2mms[22m[39m
App + packages — lint · typecheck · test · build · consume	UNKNOWN STEP	2026-08-14T04:42:16.3409643Z  [32m✓[39m scripts/tests/knockout-surgery.test.mjs [2m([22m[2m8 tests[22m[2m)[22m[32m 11[2mms[22m[39m
App + packages — lint · typecheck · test · build · consume	UNKNOWN STEP	2026-08-14T04:42:16.5381990Z  [32m✓[39m scripts/artifact-spec-core.test.mjs [2m([22m[2m4 tests[22m[2m)[22m[32m 12[2mms[22m[39m
App + packages — lint · typecheck · test · build · consume	UNKNOWN STEP	2026-08-14T04:42:16.8313743Z  [32m✓[39m convex/workflows.test.ts [2m([22m[2m5 tests[22m[2m)[22m[32m 8[2mms[22m[39m
App + packages — lint · typecheck · test · build · consume	UNKNOWN STEP	2026-08-14T04:42:17.2310440Z  [32m✓[39m convex/lib/nodeslideLiveDeckRepl.test.ts [2m([22m[2m3 tests[22m[2m)[22m[32m 105[2mms[22m[39m
App + packages — lint · typecheck · test · build · consume	UNKNOWN STEP	2026-08-14T04:42:17.2426348Z  [32m✓[39m src/domains/nodeslide/components/SlideRenderer.math.test.tsx [2m([22m[2m5 tests[22m[2m)[22m[32m 111[2mms[22m[39m
App + packages — lint · typecheck · test · build · consume	UNKNOWN STEP	2026-08-14T04:42:17.4191641Z  [32m✓[39m convex/lib/nodeslidePublishApprovalPolicy.test.ts [2m([22m[2m8 tests[22m[2m)[22m[32m 7[2mms[22m[39m
App + packages — lint · typecheck · test · build · consume	UNKNOWN STEP	2026-08-14T04:42:17.5832013Z  [32m✓[39m api/share.test.ts [2m([22m[2m5 tests[22m[2m)[22m[32m 13[2mms[22m[39m
App + packages — lint · typecheck · test · build · consume	UNKNOWN STEP	2026-08-14T04:42:17.8804118Z  [32m✓[39m convex/lib/nodeslideModelPicker.test.tsx [2m([22m[2m1 test[22m[2m)[22m[33m 611[2mms[22m[39m
App + packages — lint · typecheck · test · build · consume	UNKNOWN STEP	2026-08-14T04:42:17.8841827Z      [33m[2m✓[22m[39m renders every offered agent model plus the deterministic fallback when opened [33m 607[2mms[22m[39m
App + packages — lint · typecheck · test · build · consume	UNKNOWN STEP	2026-08-14T04:42:18.0956373Z  [32m✓[39m convex/lib/nodeslideUploadPolicy.test.ts [2m([22m[2m11 tests[22m[2m)[22m[32m 12[2mms[22m[39m
App + packages — lint · typecheck · test · build · consume	UNKNOWN STEP	2026-08-14T04:42:18.5269656Z  [32m✓[39m src/domains/nodeslide/inspector/InspectorPanel.test.ts [2m([22m[2m6 tests[22m[2m)[22m[32m 9[2mms[22m[39m
App + packages — lint · typecheck · test · build · consume	UNKNOWN STEP	2026-08-14T04:42:20.1052122Z  [32m✓[39m src/domains/nodeslide/components/DeleteDeckDialog.test.tsx [2m([22m[2m6 tests[22m[2m)[22m[33m 372[2mms[22m[39m
App + packages — lint · typecheck · test · build · consume	UNKNOWN STEP	2026-08-14T04:42:20.2082492Z  [32m✓[39m src/domains/nodeslide/components/shell/EditorFeedback.test.tsx [2m([22m[2m6 tests[22m[2m)[22m[32m 108[2mms[22m[39m
App + packages — lint · typecheck · test · build · consume	UNKNOWN STEP	2026-08-14T04:42:20.2403338Z  [32m✓[39m scripts/tests/nodeslide-roadshow-anchors.test.tsx [2m([22m[2m2 tests[22m[2m)[22m[33m 976[2mms[22m[39m
App + packages — lint · typecheck · test · build · consume	UNKNOWN STEP	2026-08-14T04:42:20.2419573Z      [33m[2m✓[22m[39m matches the element-selection chip the recorder waits for [33m 695[2mms[22m[39m
App + packages — lint · typecheck · test · build · consume	UNKNOWN STEP	2026-08-14T04:42:20.4732215Z  [32m✓[39m scripts/artifact-atlas-attribution.test.mjs [2m([22m[2m6 tests[22m[2m)[22m[32m 20[2mms[22m[39m
App + packages — lint · typecheck · test · build · consume	UNKNOWN STEP	2026-08-14T04:42:20.4813208Z  [32m✓[39m scripts/immutable-package-set.test.ts [2m([22m[2m4 tests[22m[2m)[22m[32m 44[2mms[22m[39m
App + packages — lint · typecheck · test · build · consume	UNKNOWN STEP	2026-08-14T04:42:20.6217405Z  [32m✓[39m convex/lib/nodeslideSignatureProfiles.test.ts [2m([22m[2m3 tests[22m[2m)[22m[32m 209[2mms[22m[39m
App + packages — lint · typecheck · test · build · consume	UNKNOWN STEP	2026-08-14T04:42:20.6872062Z  [32m✓[39m convex/lib/nodeslideProviderConsent.test.ts [2m([22m[2m2 tests[22m[2m)[22m[32m 12[2mms[22m[39m
App + packages — lint · typecheck · test · build · consume	UNKNOWN STEP	2026-08-14T04:42:20.9796647Z  [32m✓[39m scripts/artifact-atlas-v2.test.mjs [2m([22m[2m5 tests[22m[2m)[22m[32m 31[2mms[22m[39m
App + packages — lint · typecheck · test · build · consume	UNKNOWN STEP	2026-08-14T04:42:21.2098216Z  [32m✓[39m convex/lib/nodeslideArtifactArena.test.ts [2m([22m[2m4 tests[22m[2m)[22m[32m 9[2mms[22m[39m
App + packages — lint · typecheck · test · build · consume	UNKNOWN STEP	2026-08-14T04:42:21.2902331Z  [32m✓[39m convex/lib/nodeslideJobJournal.test.ts [2m([22m[2m3 tests[22m[2m)[22m[33m 607[2mms[22m[39m
App + packages — lint · typecheck · test · build · consume	UNKNOWN STEP	2026-08-14T04:42:21.2931817Z      [33m[2m✓[22m[39m does not silently overwrite a reused entry id and enforces the model bound [33m 572[2mms[22m[39m
App + packages — lint · typecheck · test · build · consume	UNKNOWN STEP	2026-08-14T04:42:21.4913879Z  [32m✓[39m convex/lib/nodeslideAgenticControls.test.ts [2m([22m[2m4 tests[22m[2m)[22m[32m 25[2mms[22m[39m
App + packages — lint · typecheck · test · build · consume	UNKNOWN STEP	2026-08-14T04:42:21.9628728Z  [32m✓[39m src/domains/nodeslide/openui/openUiMaterials.test.ts [2m([22m[2m6 tests[22m[2m)[22m[32m 31[2mms[22m[39m
App + packages — lint · typecheck · test · build · consume	UNKNOWN STEP	2026-08-14T04:42:22.1885380Z [90mstderr[2m | convex/lib/nodeslideCreationTraceTiming.test.ts[2m > [22m[2mNodeSlide creation trace timing[2m > [22m[2mpersists action-observed elapsed time for a real created deck
App + packages — lint · typecheck · test · build · consume	UNKNOWN STEP	2026-08-14T04:42:22.1962240Z [22m[39mNodeSlide deck diversity gate: Slides 4 and 5 are near-duplicates (similarity: 0.99) (no alternates available)
App + packages — lint · typecheck · test · build · consume	UNKNOWN STEP	2026-08-14T04:42:22.1986337Z 
App + packages — lint · typecheck · test · build · consume	UNKNOWN STEP	2026-08-14T04:42:22.2004310Z  [32m✓[39m convex/lib/nodeslideJobValidators.test.ts [2m([22m[2m2 tests[22m[2m)[22m[32m 16[2mms[22m[39m
App + packages — lint · typecheck · test · build · consume	UNKNOWN STEP	2026-08-14T04:42:22.2952080Z  [32m✓[39m convex/lib/nodeslideCreationTraceTiming.test.ts [2m([22m[2m7 tests[22m[2m)[22m[33m 318[2mms[22m[39m
App + packages — lint · typecheck · test · build · consume	UNKNOWN STEP	2026-08-14T04:42:22.2961524Z      [33m[2m✓[22m[39m persists action-observed elapsed time for a real created deck [33m 310[2mms[22m[39m
App + packages — lint · typecheck · test · build · consume	UNKNOWN STEP	2026-08-14T04:42:22.4818165Z  [32m✓[39m convex/lib/nodeslideRoutingPolicy.test.ts [2m([22m[2m6 tests[22m[2m)[22m[32m 10[2mms[22m[39m
App + packages — lint · typecheck · test · build · consume	UNKNOWN STEP	2026-08-14T04:42:22.6049553Z  [32m✓[39m scripts/build-atlas-native-pptx.test.mjs [2m([22m[2m6 tests[22m[2m)[22m[32m 103[2mms[22m[39m
App + packages — lint · typecheck · test · build · consume	UNKNOWN STEP	2026-08-14T04:42:23.0202555Z  [32m✓[39m convex/lib/nodeslideGymShadow.test.ts [2m([22m[2m3 tests[22m[2m)[22m[32m 207[2mms[22m[39m
App + packages — lint · typecheck · test · build · consume	UNKNOWN STEP	2026-08-14T04:42:23.1956341Z  [32m✓[39m src/domains/nodeslide/inspector/AiInspector.consentPosture.test.tsx [2m([22m[2m3 tests[22m[2m)[22m[33m 715[2mms[22m[39m
App + packages — lint · typecheck · test · build · consume	UNKNOWN STEP	2026-08-14T04:42:23.1959250Z      [33m[2m✓[22m[39m labels web egress as per-send and carries the current answer in aria-pressed [33m 429[2mms[22m[39m
App + packages — lint · typecheck · test · build · consume	UNKNOWN STEP	2026-08-14T04:42:23.2570193Z  [32m✓[39m convex/lib/nodeslideArtifactPresence.test.ts [2m([22m[2m5 tests[22m[2m)[22m[33m 355[2mms[22m[39m
App + packages — lint · typecheck · test · build · consume	UNKNOWN STEP	2026-08-14T04:42:23.4115949Z  [32m✓[39m src/domains/nodeslide/nodeslideUserError.test.ts [2m([22m[2m5 tests[22m[2m)[22m[32m 9[2mms[22m[39m
App + packages — lint · typecheck · test · build · consume	UNKNOWN STEP	2026-08-14T04:42:23.4911347Z  [32m✓[39m convex/lib/nodeslideDeckFork.test.ts [2m([22m[2m2 tests[22m[2m)[22m[32m 171[2mms[22m[39m
App + packages — lint · typecheck · test · build · consume	UNKNOWN STEP	2026-08-14T04:42:23.5983355Z  [32m✓[39m scripts/tests/workspace-build-depth.test.mjs [2m([22m[2m2 tests[22m[2m)[22m[32m 5[2mms[22m[39m
App + packages — lint · typecheck · test · build · consume	UNKNOWN STEP	2026-08-14T04:42:23.6732212Z  [32m✓[39m convex/lib/nodeslideDeckCiAuthoringQuality.test.ts [2m([22m[2m2 tests[22m[2m)[22m[32m 122[2mms[22m[39m
App + packages — lint · typecheck · test · build · consume	UNKNOWN STEP	2026-08-14T04:42:23.7358691Z  [32m✓[39m scripts/tests/nodeslide-authoring-meta.test.mjs [2m([22m[2m3 tests[22m[2m)[22m[32m 24[2mms[22m[39m
App + packages — lint · typecheck · test · build · consume	UNKNOWN STEP	2026-08-14T04:42:23.9367193Z  [32m✓[39m shared/nodeslideAuthoringPolicy.test.ts [2m([22m[2m4 tests[22m[2m)[22m[32m 59[2mms[22m[39m
App + packages — lint · typecheck · test · build · consume	UNKNOWN STEP	2026-08-14T04:42:23.9755950Z  [32m✓[39m convex/lib/nodeslidePatchOperationWire.test.ts [2m([22m[2m2 tests[22m[2m)[22m[32m 8[2mms[22m[39m
App + packages — lint · typecheck · test · build · consume	UNKNOWN STEP	2026-08-14T04:42:24.1461552Z  [32m✓[39m convex/lib/nodeslideQuota.test.ts [2m([22m[2m3 tests[22m[2m)[22m[32m 11[2mms[22m[39m
App + packages — lint · typecheck · test · build · consume	UNKNOWN STEP	2026-08-14T04:42:24.1982310Z  [32m✓[39m src/domains/nodeslide/inspector/TraceInspector.test.ts [2m([22m[2m3 tests[22m[2m)[22m[32m 6[2mms[22m[39m
App + packages — lint · typecheck · test · build · consume	UNKNOWN STEP	2026-08-14T04:42:24.2162718Z  [32m✓[39m scripts/tests/nodeslide-competitive-benchmark.test.mjs [2m([22m[2m3 tests[22m[2m)[22m[32m 21[2mms[22m[39m
App + packages — lint · typecheck · test · build · consume	UNKNOWN STEP	2026-08-14T04:42:24.3309114Z  [32m✓[39m src/domains/nodeslide/session/studioMount.test.ts [2m([22m[2m5 tests[22m[2m)[22m[32m 6[2mms[22m[39m
App + packages — lint · typecheck · test · build · consume	UNKNOWN STEP	2026-08-14T04:42:24.5502631Z  [32m✓[39m convex/lib/nodeslideMultiAgent.test.ts [2m([22m[2m9 tests[22m[2m)[22m[32m 11[2mms[22m[39m
App + packages — lint · typecheck · test · build · consume	UNKNOWN STEP	2026-08-14T04:42:24.5962826Z  [32m✓[39m src/domains/nodeslide/components/ProjectDialog.consent.test.ts [2m([22m[2m4 tests[22m[2m)[22m[32m 6[2mms[22m[39m
App + packages — lint · typecheck · test · build · consume	UNKNOWN STEP	2026-08-14T04:42:24.6500764Z  [32m✓[39m convex/lib/nodeslideAgenticTelemetry.test.ts [2m([22m[2m3 tests[22m[2m)[22m[32m 128[2mms[22m[39m
App + packages — lint · typecheck · test · build · consume	UNKNOWN STEP	2026-08-14T04:42:24.8021372Z  [32m✓[39m convex/lib/nodeslideOtlp.test.ts [2m([22m[2m2 tests[22m[2m)[22m[32m 7[2mms[22m[39m
App + packages — lint · typecheck · test · build · consume	UNKNOWN STEP	2026-08-14T04:42:24.8508194Z  [32m✓[39m convex/lib/nodeslideDesignPlan.test.ts [2m([22m[2m3 tests[22m[2m)[22m[32m 14[2mms[22m[39m
App + packages — lint · typecheck · test · build · consume	UNKNOWN STEP	2026-08-14T04:42:24.8637649Z  [32m✓[39m shared/nodeslideSlideCount.test.ts [2m([22m[2m18 tests[22m[2m)[22m[32m 14[2mms[22m[39m
App + packages — lint · typecheck · test · build · consume	UNKNOWN STEP	2026-08-14T04:42:25.0481757Z  [32m✓[39m scripts/tests/nodeslide-motion-evidence-integration.test.mjs [2m([22m[2m3 tests[22m[2m)[22m[32m 11[2mms[22m[39m
App + packages — lint · typecheck · test · build · consume	UNKNOWN STEP	2026-08-14T04:42:25.0652509Z  [32m✓[39m packages/convex/src/governance.test.ts [2m([22m[2m2 tests[22m[2m)[22m[32m 8[2mms[22m[39m
App + packages — lint · typecheck · test · build · consume	UNKNOWN STEP	2026-08-14T04:42:25.3077005Z  [32m✓[39m convex/lib/nodeslideMemory.test.ts [2m([22m[2m2 tests[22m[2m)[22m[32m 10[2mms[22m[39m
App + packages — lint · typecheck · test · build · consume	UNKNOWN STEP	2026-08-14T04:42:25.5633436Z  [32m✓[39m convex/lib/nodeslideLiveRenderRepair.test.ts [2m([22m[2m3 tests[22m[2m)[22m[33m 419[2mms[22m[39m
App + packages — lint · typecheck · test · build · consume	UNKNOWN STEP	2026-08-14T04:42:25.8111749Z  [32m✓[39m convex/lib/nodeslidePdfExtraction.test.ts [2m([22m[2m3 tests[22m[2m)[22m[32m 258[2mms[22m[39m
App + packages — lint · typecheck · test · build · consume	UNKNOWN STEP	2026-08-14T04:42:26.0217908Z  [32m✓[39m shared/nodeslideDurableSession.test.ts [2m([22m[2m3 tests[22m[2m)[22m[32m 9[2mms[22m[39m
App + packages — lint · typecheck · test · build · consume	UNKNOWN STEP	2026-08-14T04:42:26.1841081Z  [32m✓[39m convex/nodeslideJobControl.test.ts [2m([22m[2m7 tests[22m[2m)[22m[32m 7[2mms[22m[39m
App + packages — lint · typecheck · test · build · consume	UNKNOWN STEP	2026-08-14T04:42:26.3477140Z  [32m✓[39m convex/nodeslideJobWorkflow.test.ts [2m([22m[2m4 tests[22m[2m)[22m[32m 12[2mms[22m[39m
App + packages — lint · typecheck · test · build · consume	UNKNOWN STEP	2026-08-14T04:42:26.3945705Z  [32m✓[39m src/lib/sessionImageGeneration.test.ts [2m([22m[2m3 tests[22m[2m)[22m[32m 12[2mms[22m[39m
App + packages — lint · typecheck · test · build · consume	UNKNOWN STEP	2026-08-14T04:42:26.8824908Z  [32m✓[39m src/domains/nodeslide/components/StudioToolbar.test.tsx [2m([22m[2m1 test[22m[2m)[22m[32m 35[2mms[22m[39m
App + packages — lint · typecheck · test · build · consume	UNKNOWN STEP	2026-08-14T04:42:27.0986334Z  [32m✓[39m scripts/tests/nodeslide-benchmark-workflow.test.mjs [2m([22m[2m3 tests[22m[2m)[22m[32m 8[2mms[22m[39m
App + packages — lint · typecheck · test · build · consume	UNKNOWN STEP	2026-08-14T04:42:27.1762801Z  [32m✓[39m packages/react-headless/src/reactHeadless.test.tsx [2m([22m[2m2 tests[22m[2m)[22m[32m 92[2mms[22m[39m
App + packages — lint · typecheck · test · build · consume	UNKNOWN STEP	2026-08-14T04:42:27.4368904Z  [32m✓[39m convex/lib/nodeslidePropagation.test.ts [2m([22m[2m1 test[22m[2m)[22m[32m 30[2mms[22m[39m
App + packages — lint · typecheck · test · build · consume	UNKNOWN STEP	2026-08-14T04:42:27.6442372Z  [32m✓[39m convex/lib/nodeslideDeckDiversity.test.ts [2m([22m[2m1 test[22m[2m)[22m[32m 5[2mms[22m[39m
App + packages — lint · typecheck · test · build · consume	UNKNOWN STEP	2026-08-14T04:42:27.9647830Z  [32m✓[39m src/domains/nodeslide/components/DeploymentUpdateBoundary.test.tsx [2m([22m[2m2 tests[22m[2m)[22m[32m 233[2mms[22m[39m
App + packages — lint · typecheck · test · build · consume	UNKNOWN STEP	2026-08-14T04:42:28.0738180Z  [32m✓[39m src/domains/nodeslide/components/NodeSlideConnectionsDialog.test.ts [2m([22m[2m3 tests[22m[2m)[22m[32m 8[2mms[22m[39m
App + packages — lint · typecheck · test · build · consume	UNKNOWN STEP	2026-08-14T04:42:28.2222834Z  [32m✓[39m convex/lib/nodeslideAddedImageUrl.test.ts [2m([22m[2m5 tests[22m[2m)[22m[32m 8[2mms[22m[39m
App + packages — lint · typecheck · test · build · consume	UNKNOWN STEP	2026-08-14T04:42:28.2956171Z  [32m✓[39m scripts/artifact-atlas-v2-issue-ledger.test.mjs [2m([22m[2m2 tests[22m[2m)[22m[32m 22[2mms[22m[39m
App + packages — lint · typecheck · test · build · consume	UNKNOWN STEP	2026-08-14T04:42:28.4305372Z  [32m✓[39m src/domains/nodeslide/clientArtifactAuthorship.test.ts [2m([22m[2m1 test[22m[2m)[22m[32m 6[2mms[22m[39m
App + packages — lint · typecheck · test · build · consume	UNKNOWN STEP	2026-08-14T04:42:28.5360985Z  [32m✓[39m scripts/build-artifact-arena-capabilities.test.mjs [2m([22m[2m2 tests[22m[2m)[22m[32m 23[2mms[22m[39m
App + packages — lint · typecheck · test · build · consume	UNKNOWN STEP	2026-08-14T04:42:28.7672041Z  [32m✓[39m convex/lib/nodeslideCreationTelemetry.test.ts [2m([22m[2m4 tests[22m[2m)[22m[32m 10[2mms[22m[39m
App + packages — lint · typecheck · test · build · consume	UNKNOWN STEP	2026-08-14T04:42:28.8385302Z  [32m✓[39m src/domains/nodeslide/components/NodeBookArtifactPanel.test.tsx [2m([22m[2m2 tests[22m[2m)[22m[32m 272[2mms[22m[39m
App + packages — lint · typecheck · test · build · consume	UNKNOWN STEP	2026-08-14T04:42:29.0447818Z  [32m✓[39m scripts/node-gym-redaction-core.test.mjs [2m([22m[2m3 tests[22m[2m)[22m[32m 6[2mms[22m[39m
App + packages — lint · typecheck · test · build · consume	UNKNOWN STEP	2026-08-14T04:42:29.2168483Z  [32m✓[39m src/domains/nodeslide/components/NodeSlideMemoryDialog.test.tsx [2m([22m[2m1 test[22m[2m)[22m[32m 26[2mms[22m[39m
App + packages — lint · typecheck · test · build · consume	UNKNOWN STEP	2026-08-14T04:42:29.2752683Z  [32m✓[39m scripts/model-capability-ledger.test.mjs [2m([22m[2m2 tests[22m[2m)[22m[32m 6[2mms[22m[39m
App + packages — lint · typecheck · test · build · consume	UNKNOWN STEP	2026-08-14T04:42:29.4601919Z  [32m✓[39m convex/lib/nodeslideIds.test.ts [2m([22m[2m4 tests[22m[2m)[22m[32m 8[2mms[22m[39m
App + packages — lint · typecheck · test · build · consume	UNKNOWN STEP	2026-08-14T04:42:29.5116324Z  [32m✓[39m packages/engine/src/migrations.test.ts [2m([22m[2m2 tests[22m[2m)[22m[32m 6[2mms[22m[39m
App + packages — lint · typecheck · test · build · consume	UNKNOWN STEP	2026-08-14T04:42:29.7022280Z  [32m✓[39m scripts/verify-deployed-html.test.ts [2m([22m[2m4 tests[22m[2m)[22m[32m 17[2mms[22m[39m
App + packages — lint · typecheck · test · build · consume	UNKNOWN STEP	2026-08-14T04:42:29.8418359Z  [32m✓[39m convex/nodeslideSourceRefresh.test.ts [2m([22m[2m3 tests[22m[2m)[22m[32m 9[2mms[22m[39m
App + packages — lint · typecheck · test · build · consume	UNKNOWN STEP	2026-08-14T04:42:29.8745402Z  [32m✓[39m src/domains/nodeslide/components/SlideRenderer.typography.test.tsx [2m([22m[2m1 test[22m[2m)[22m[32m 51[2mms[22m[39m
App + packages — lint · typecheck · test · build · consume	UNKNOWN STEP	2026-08-14T04:42:29.9248796Z  [32m✓[39m scripts/convex-log-capture-core.test.mjs [2m([22m[2m8 tests[22m[2m)[22m[32m 7[2mms[22m[39m
App + packages — lint · typecheck · test · build · consume	UNKNOWN STEP	2026-08-14T04:42:30.0572245Z  [32m✓[39m shared/nodeslideAttachments.test.ts [2m([22m[2m2 tests[22m[2m)[22m[32m 5[2mms[22m[39m
App + packages — lint · typecheck · test · build · consume	UNKNOWN STEP	2026-08-14T04:42:30.0830262Z  [32m✓[39m shared/nodeslideAuthoringWorkflow.test.ts [2m([22m[2m2 tests[22m[2m)[22m[32m 51[2mms[22m[39m
App + packages — lint · typecheck · test · build · consume	UNKNOWN STEP	2026-08-14T04:42:30.2992022Z  [32m✓[39m convex/lib/nodeslideData.test.ts [2m([22m[2m1 test[22m[2m)[22m[32m 6[2mms[22m[39m
App + packages — lint · typecheck · test · build · consume	UNKNOWN STEP	2026-08-14T04:42:30.3606994Z  [32m✓[39m convex/lib/nodeslideDataAttachment.test.ts [2m([22m[2m6 tests[22m[2m)[22m[32m 31[2mms[22m[39m
App + packages — lint · typecheck · test · build · consume	UNKNOWN STEP	2026-08-14T04:42:30.8464779Z  [32m✓[39m src/domains/nodeslide/components/PublicationDialog.test.tsx [2m([22m[2m1 test[22m[2m)[22m[32m 24[2mms[22m[39m
App + packages — lint · typecheck · test · build · consume	UNKNOWN STEP	2026-08-14T04:42:30.8622023Z  [32m✓[39m convex/lib/nodeslideProviderJson.test.ts [2m([22m[2m3 tests[22m[2m)[22m[32m 20[2mms[22m[39m
App + packages — lint · typecheck · test · build · consume	UNKNOWN STEP	2026-08-14T04:42:31.0752029Z  [32m✓[39m scripts/build-recipelang-reference.test.mjs [2m([22m[2m2 tests[22m[2m)[22m[32m 10[2mms[22m[39m
App + packages — lint · typecheck · test · build · consume	UNKNOWN STEP	2026-08-14T04:42:31.2812921Z  [32m✓[39m scripts/tests/deck-reference-corpus.test.mjs [2m([22m[2m3 tests[22m[2m)[22m[32m 8[2mms[22m[39m
App + packages — lint · typecheck · test · build · consume	UNKNOWN STEP	2026-08-14T04:42:31.5012609Z  [32m✓[39m scripts/extract-vercel-deployment-url.test.ts [2m([22m[2m3 tests[22m[2m)[22m[32m 7[2mms[22m[39m
App + packages — lint · typecheck · test · build · consume	UNKNOWN STEP	2026-08-14T04:42:31.5620652Z  [32m✓[39m convex/nodeslideCreateRunIdentity.test.ts [2m([22m[2m3 tests[22m[2m)[22m[32m 8[2mms[22m[39m
App + packages — lint · typecheck · test · build · consume	UNKNOWN STEP	2026-08-14T04:42:31.7935203Z  [32m✓[39m convex/lib/nodeslideProductionLogging.test.ts [2m([22m[2m1 test[22m[2m)[22m[32m 5[2mms[22m[39m
App + packages — lint · typecheck · test · build · consume	UNKNOWN STEP	2026-08-14T04:42:31.9742473Z  [32m✓[39m src/domains/nodeslide/components/OwnerCapabilityRecoveryDialog.test.tsx [2m([22m[2m2 tests[22m[2m)[22m[32m 20[2mms[22m[39m
App + packages — lint · typecheck · test · build · consume	UNKNOWN STEP	2026-08-14T04:42:32.1016676Z  [32m✓[39m src/domains/nodeslide/components/ArtifactLabDialog.test.tsx [2m([22m[2m2 tests[22m[2m)[22m[33m 771[2mms[22m[39m
App + packages — lint · typecheck · test · build · consume	UNKNOWN STEP	2026-08-14T04:42:32.1018914Z      [33m[2m✓[22m[39m switches among all three evidence modes [33m 536[2mms[22m[39m
App + packages — lint · typecheck · test · build · consume	UNKNOWN STEP	2026-08-14T04:42:32.2226815Z  [32m✓[39m packages/cli/src/generate.model-effort.test.ts [2m([22m[2m4 tests[22m[2m)[22m[32m 62[2mms[22m[39m
App + packages — lint · typecheck · test · build · consume	UNKNOWN STEP	2026-08-14T04:42:32.2299255Z  [32m✓[39m scripts/refresh-artifact-atlas-v2-specs.test.mjs [2m([22m[2m1 test[22m[2m)[22m[32m 31[2mms[22m[39m
App + packages — lint · typecheck · test · build · consume	UNKNOWN STEP	2026-08-14T04:42:32.2732710Z  [32m✓[39m scripts/vercel-openverse-csp.test.ts [2m([22m[2m1 test[22m[2m)[22m[32m 3[2mms[22m[39m
App + packages — lint · typecheck · test · build · consume	UNKNOWN STEP	2026-08-14T04:42:32.4038363Z  [32m✓[39m convex/lib/nodeslideCreateScale.test.ts [2m([22m[2m2 tests[22m[2m)[22m[32m 7[2mms[22m[39m
App + packages — lint · typecheck · test · build · consume	UNKNOWN STEP	2026-08-14T04:42:32.5122326Z  [32m✓[39m scripts/tests/code-tours.test.mjs [2m([22m[2m1 test[22m[2m)[22m[32m 110[2mms[22m[39m
App + packages — lint · typecheck · test · build · consume	UNKNOWN STEP	2026-08-14T04:42:32.6195925Z  [32m✓[39m convex/lib/nodeslideAccess.test.ts [2m([22m[2m2 tests[22m[2m)[22m[32m 13[2mms[22m[39m
App + packages — lint · typecheck · test · build · consume	UNKNOWN STEP	2026-08-14T04:42:32.6211407Z  [32m✓[39m packages/react-headless/src/ssr.test.tsx [2m([22m[2m1 test[22m[2m)[22m[32m 13[2mms[22m[39m
App + packages — lint · typecheck · test · build · consume	UNKNOWN STEP	2026-08-14T04:42:32.7036117Z  [32m✓[39m src/domains/nodeslide/components/overlayPrimitives.test.ts [2m([22m[2m1 test[22m[2m)[22m[32m 6[2mms[22m[39m
App + packages — lint · typecheck · test · build · consume	UNKNOWN STEP	2026-08-14T04:42:32.7781090Z  [32m✓[39m convex/lib/nodeslideMutationContract.test.ts [2m([22m[2m1 test[22m[2m)[22m[32m 3[2mms[22m[39m
App + packages — lint · typecheck · test · build · consume	UNKNOWN STEP	2026-08-14T04:42:32.7891584Z 
App + packages — lint · typecheck · test · build · consume	UNKNOWN STEP	2026-08-14T04:42:32.7912989Z [2m Test Files [22m [1m[32m316 passed[39m[22m[90m (316)[39m
App + packages — lint · typecheck · test · build · consume	UNKNOWN STEP	2026-08-14T04:42:32.7936477Z [2m      Tests [22m [1m[32m2812 passed[39m[22m[2m | [22m[33m7 skipped[39m[90m (2819)[39m
App + packages — lint · typecheck · test · build · consume	UNKNOWN STEP	2026-08-14T04:42:32.7937807Z [2m   Start at [22m 04:41:10
App + packages — lint · typecheck · test · build · consume	UNKNOWN STEP	2026-08-14T04:42:32.7941814Z [2m   Duration [22m 82.10s[2m (transform 14.87s, setup 0ms, import 58.56s, tests 95.27s, environment 34.63s)[22m
App + packages — lint · typecheck · test · build · consume	UNKNOWN STEP	2026-08-14T04:42:32.7944024Z 
App + packages — lint · typecheck · test · build · consume	UNKNOWN STEP	2026-08-14T04:42:33.0268888Z 
App + packages — lint · typecheck · test · build · consume	UNKNOWN STEP	2026-08-14T04:42:33.0270285Z > @nodeslide/external-agent@0.2.2 test
App + packages — lint · typecheck · test · build · consume	UNKNOWN STEP	2026-08-14T04:42:33.0271070Z > vitest run --config vitest.config.ts
App + packages — lint · typecheck · test · build · consume	UNKNOWN STEP	2026-08-14T04:42:33.0271421Z 
App + packages — lint · typecheck · test · build · consume	UNKNOWN STEP	2026-08-14T04:42:33.3169471Z 
App + packages — lint · typecheck · test · build · consume	UNKNOWN STEP	2026-08-14T04:42:33.3172253Z [1m[30m[46m RUN [49m[39m[22m [36mv4.1.10 [39m[90m/home/runner/work/NodeSlide/NodeSlide/packages/external-agent[39m
App + packages — lint · typecheck · test · build · consume	UNKNOWN STEP	2026-08-14T04:42:33.3172875Z 
App + packages — lint · typecheck · test · build · consume	UNKNOWN STEP	2026-08-14T04:42:34.0154041Z  [32m✓[39m src/index.test.ts [2m([22m[2m11 tests[22m[2m)[22m[32m 85[2mms[22m[39m
App + packages — lint · typecheck · test · build · consume	UNKNOWN STEP	2026-08-14T04:42:34.0192839Z 
App + packages — lint · typecheck · test · build · consume	UNKNOWN STEP	2026-08-14T04:42:34.0198052Z [2m Test Files [22m [1m[32m1 passed[39m[22m[90m (1)[39m
App + packages — lint · typecheck · test · build · consume	UNKNOWN STEP	2026-08-14T04:42:34.0199016Z [2m      Tests [22m [1m[32m11 passed[39m[22m[90m (11)[39m
App + packages — lint · typecheck · test · build · consume	UNKNOWN STEP	2026-08-14T04:42:34.0199727Z [2m   Start at [22m 04:42:33
App + packages — lint · typecheck · test · build · consume	UNKNOWN STEP	2026-08-14T04:42:34.0201127Z [2m   Duration [22m 696ms[2m (transform 408ms, setup 0ms, import 484ms, tests 85ms, environment 0ms)[22m
App + packages — lint · typecheck · test · build · consume	UNKNOWN STEP	2026-08-14T04:42:34.0202952Z 
App + packages — lint · typecheck · test · build · consume	UNKNOWN STEP	2026-08-14T04:42:34.0426192Z 
App + packages — lint · typecheck · test · build · consume	UNKNOWN STEP	2026-08-14T04:42:34.0426730Z > @nodekit/gym-core@0.1.0 test
App + packages — lint · typecheck · test · build · consume	UNKNOWN STEP	2026-08-14T04:42:34.0427189Z > vitest run src/index.test.ts
App + packages — lint · typecheck · test · build · consume	UNKNOWN STEP	2026-08-14T04:42:34.0427382Z 
App + packages — lint · typecheck · test · build · consume	UNKNOWN STEP	2026-08-14T04:42:34.3144695Z 
App + packages — lint · typecheck · test · build · consume	UNKNOWN STEP	2026-08-14T04:42:34.3147278Z [1m[30m[46m RUN [49m[39m[22m [36mv4.1.10 [39m[90m/home/runner/work/NodeSlide/NodeSlide/packages/gym-core[39m
App + packages — lint · typecheck · test · build · consume	UNKNOWN STEP	2026-08-14T04:42:34.3148193Z 
App + packages — lint · typecheck · test · build · consume	UNKNOWN STEP	2026-08-14T04:42:34.5949595Z  [32m✓[39m src/index.test.ts [2m([22m[2m5 tests[22m[2m)[22m[32m 13[2mms[22m[39m
App + packages — lint · typecheck · test · build · consume	UNKNOWN STEP	2026-08-14T04:42:34.5987453Z 
App + packages — lint · typecheck · test · build · consume	UNKNOWN STEP	2026-08-14T04:42:34.5992842Z [2m Test Files [22m [1m[32m1 passed[39m[22m[90m (1)[39m
App + packages — lint · typecheck · test · build · consume	UNKNOWN STEP	2026-08-14T04:42:34.5993832Z [2m      Tests [22m [1m[32m5 passed[39m[22m[90m (5)[39m
App + packages — lint · typecheck · test · build · consume	UNKNOWN STEP	2026-08-14T04:42:34.5994566Z [2m   Start at [22m 04:42:34
App + packages — lint · typecheck · test · build · consume	UNKNOWN STEP	2026-08-14T04:42:34.5995686Z [2m   Duration [22m 276ms[2m (transform 109ms, setup 0ms, import 133ms, tests 13ms, environment 0ms)[22m
App + packages — lint · typecheck · test · build · consume	UNKNOWN STEP	2026-08-14T04:42:34.5996963Z 
App + packages — lint · typecheck · test · build · consume	UNKNOWN STEP	2026-08-14T04:42:34.6377685Z 
App + packages — lint · typecheck · test · build · consume	UNKNOWN STEP	2026-08-14T04:42:34.6378286Z > @nodeslide/recipelang@0.2.2 test
App + packages — lint · typecheck · test · build · consume	UNKNOWN STEP	2026-08-14T04:42:34.6378807Z > vitest run --passWithNoTests
App + packages — lint · typecheck · test · build · consume	UNKNOWN STEP	2026-08-14T04:42:34.6379043Z 
App + packages — lint · typecheck · test · build · consume	UNKNOWN STEP	2026-08-14T04:42:34.9301639Z 
App + packages — lint · typecheck · test · build · consume	UNKNOWN STEP	2026-08-14T04:42:34.9304278Z [1m[30m[46m RUN [49m[39m[22m [36mv4.1.10 [39m[90m/home/runner/work/NodeSlide/NodeSlide/packages/recipelang[39m
App + packages — lint · typecheck · test · build · consume	UNKNOWN STEP	2026-08-14T04:42:34.9305100Z 
App + packages — lint · typecheck · test · build · consume	UNKNOWN STEP	2026-08-14T04:42:35.4056979Z  [32m✓[39m src/recipelang.scenario.test.ts [2m([22m[2m7 tests[22m[2m)[22m[32m 149[2mms[22m[39m
App + packages — lint · typecheck · test · build · consume	UNKNOWN STEP	2026-08-14T04:42:35.4088391Z 
App + packages — lint · typecheck · test · build · consume	UNKNOWN STEP	2026-08-14T04:42:35.4094343Z [2m Test Files [22m [1m[32m1 passed[39m[22m[90m (1)[39m
App + packages — lint · typecheck · test · build · consume	UNKNOWN STEP	2026-08-14T04:42:35.4095279Z [2m      Tests [22m [1m[32m7 passed[39m[22m[90m (7)[39m
App + packages — lint · typecheck · test · build · consume	UNKNOWN STEP	2026-08-14T04:42:35.4095974Z [2m   Start at [22m 04:42:34
App + packages — lint · typecheck · test · build · consume	UNKNOWN STEP	2026-08-14T04:42:35.4096894Z [2m   Duration [22m 471ms[2m (transform 142ms, setup 0ms, import 197ms, tests 149ms, environment 0ms)[22m
App + packages — lint · typecheck · test · build · consume	UNKNOWN STEP	2026-08-14T04:42:35.4098881Z 
App + packages — lint · typecheck · test · build · consume	UNKNOWN STEP	2026-08-14T04:42:35.4314939Z 
App + packages — lint · typecheck · test · build · consume	UNKNOWN STEP	2026-08-14T04:42:35.4315502Z > nodeslide-mcp@0.2.2 test
App + packages — lint · typecheck · test · build · consume	UNKNOWN STEP	2026-08-14T04:42:35.4315924Z > vitest run --passWithNoTests
App + packages — lint · typecheck · test · build · consume	UNKNOWN STEP	2026-08-14T04:42:35.4316126Z 
App + packages — lint · typecheck · test · build · consume	UNKNOWN STEP	2026-08-14T04:42:35.7054961Z 
App + packages — lint · typecheck · test · build · consume	UNKNOWN STEP	2026-08-14T04:42:35.7056858Z [1m[30m[46m RUN [49m[39m[22m [36mv4.1.10 [39m[90m/home/runner/work/NodeSlide/NodeSlide/mcp[39m
App + packages — lint · typecheck · test · build · consume	UNKNOWN STEP	2026-08-14T04:42:35.7057556Z 
App + packages — lint · typecheck · test · build · consume	UNKNOWN STEP	2026-08-14T04:42:36.1863041Z  [32m✓[39m src/lib/recipeLangTools.test.ts [2m([22m[2m2 tests[22m[2m)[22m[32m 41[2mms[22m[39m
App + packages — lint · typecheck · test · build · consume	UNKNOWN STEP	2026-08-14T04:42:36.5822441Z  [32m✓[39m src/lib/localDeckTools.test.ts [2m([22m[2m3 tests[22m[2m)[22m[32m 84[2mms[22m[39m
App + packages — lint · typecheck · test · build · consume	UNKNOWN STEP	2026-08-14T04:42:36.6323902Z  [32m✓[39m src/lib/nodeslidePatchOperationSchema.test.ts [2m([22m[2m4 tests[22m[2m)[22m[32m 8[2mms[22m[39m
App + packages — lint · typecheck · test · build · consume	UNKNOWN STEP	2026-08-14T04:42:36.6436553Z  [32m✓[39m src/lib/nodeslideTools.test.ts [2m([22m[2m10 tests[22m[2m)[22m[32m 16[2mms[22m[39m
App + packages — lint · typecheck · test · build · consume	UNKNOWN STEP	2026-08-14T04:42:36.6460280Z 
App + packages — lint · typecheck · test · build · consume	UNKNOWN STEP	2026-08-14T04:42:36.6465150Z [2m Test Files [22m [1m[32m4 passed[39m[22m[90m (4)[39m
App + packages — lint · typecheck · test · build · consume	UNKNOWN STEP	2026-08-14T04:42:36.6466367Z [2m      Tests [22m [1m[32m19 passed[39m[22m[90m (19)[39m
App + packages — lint · typecheck · test · build · consume	UNKNOWN STEP	2026-08-14T04:42:36.6467368Z [2m   Start at [22m 04:42:35
App + packages — lint · typecheck · test · build · consume	UNKNOWN STEP	2026-08-14T04:42:36.6469056Z [2m   Duration [22m 933ms[2m (transform 1.33s, setup 0ms, import 1.91s, tests 150ms, environment 1ms)[22m
App + packages — lint · typecheck · test · build · consume	UNKNOWN STEP	2026-08-14T04:42:36.6471069Z 
App + packages — lint · typecheck · test · build · consume	UNKNOWN STEP	2026-08-14T04:42:36.6862371Z ##[group]Run npm run build
App + packages — lint · typecheck · test · build · consume	UNKNOWN STEP	2026-08-14T04:42:36.6862678Z [36;1mnpm run build[0m
App + packages — lint · typecheck · test · build · consume	UNKNOWN STEP	2026-08-14T04:42:36.6898597Z shell: /usr/bin/bash -e {0}
App + packages — lint · typecheck · test · build · consume	UNKNOWN STEP	2026-08-14T04:42:36.6898856Z env:
App + packages — lint · typecheck · test · build · consume	UNKNOWN STEP	2026-08-14T04:42:36.6899126Z   VITE_CONVEX_URL: https://ci-placeholder.convex.cloud
App + packages — lint · typecheck · test · build · consume	UNKNOWN STEP	2026-08-14T04:42:36.6899530Z   VITE_CONVEX_SITE_URL: https://ci-placeholder.convex.site
App + packages — lint · typecheck · test · build · consume	UNKNOWN STEP	2026-08-14T04:42:36.6900100Z ##[endgroup]
App + packages — lint · typecheck · test · build · consume	UNKNOWN STEP	2026-08-14T04:42:36.7881711Z 
App + packages — lint · typecheck · test · build · consume	UNKNOWN STEP	2026-08-14T04:42:36.7882221Z > nodeslide@0.1.0 build
App + packages — lint · typecheck · test · build · consume	UNKNOWN STEP	2026-08-14T04:42:36.7883018Z > npm run packages:build && npm run recipelang:reference && tsc -b && vite build
App + packages — lint · typecheck · test · build · consume	UNKNOWN STEP	2026-08-14T04:42:36.7883457Z 
App + packages — lint · typecheck · test · build · consume	UNKNOWN STEP	2026-08-14T04:42:36.8895809Z 
App + packages — lint · typecheck · test · build · consume	UNKNOWN STEP	2026-08-14T04:42:36.8896439Z > nodeslide@0.1.0 packages:build
App + packages — lint · typecheck · test · build · consume	UNKNOWN STEP	2026-08-14T04:42:36.8901022Z > npm run build --workspace @nodekit/gym-core && npm run build --workspace @nodeslide/contracts && npm run build --workspace @nodeslide/engine && npm run build --workspace @nodeslide/backend && npm run build --workspace @nodeslide/testing && npm run build --workspace @nodeslide/agent && npm run build --workspace @nodeslide/client-http && npm run build --workspace @nodeslide/react-headless && npm run build --workspace @nodeslide/react && npm run build --workspace @nodeslide/convex && npm run build --workspace @nodeslide/registry && npm run build --workspace @nodeslide/recipelang && npm run build --workspace @nodeslide/cli && npm run build --workspace @nodeslide/external-agent && npm run build --workspace nodeslide-mcp
App + packages — lint · typecheck · test · build · consume	UNKNOWN STEP	2026-08-14T04:42:36.8904341Z 
App + packages — lint · typecheck · test · build · consume	UNKNOWN STEP	2026-08-14T04:42:37.0133577Z 
App + packages — lint · typecheck · test · build · consume	UNKNOWN STEP	2026-08-14T04:42:37.0134307Z > @nodekit/gym-core@0.1.0 build
App + packages — lint · typecheck · test · build · consume	UNKNOWN STEP	2026-08-14T04:42:37.0135169Z > tsup src/index.ts --format esm --dts --clean --sourcemap
App + packages — lint · typecheck · test · build · consume	UNKNOWN STEP	2026-08-14T04:42:37.0135572Z 
App + packages — lint · typecheck · test · build · consume	UNKNOWN STEP	2026-08-14T04:42:37.3228468Z [34mCLI[39m Building entry: src/index.ts
App + packages — lint · typecheck · test · build · consume	UNKNOWN STEP	2026-08-14T04:42:37.3239017Z [34mCLI[39m Using tsconfig: tsconfig.json
App + packages — lint · typecheck · test · build · consume	UNKNOWN STEP	2026-08-14T04:42:37.3240475Z [34mCLI[39m tsup v8.5.1
App + packages — lint · typecheck · test · build · consume	UNKNOWN STEP	2026-08-14T04:42:37.3281961Z [34mCLI[39m Target: es2022
App + packages — lint · typecheck · test · build · consume	UNKNOWN STEP	2026-08-14T04:42:37.3295230Z [34mCLI[39m Cleaning output folder
App + packages — lint · typecheck · test · build · consume	UNKNOWN STEP	2026-08-14T04:42:37.3305534Z [34mESM[39m Build start
App + packages — lint · typecheck · test · build · consume	UNKNOWN STEP	2026-08-14T04:42:37.3557777Z [32mESM[39m [1mdist/index.js     [22m[32m42.30 KB[39m
App + packages — lint · typecheck · test · build · consume	UNKNOWN STEP	2026-08-14T04:42:37.3559020Z [32mESM[39m [1mdist/index.js.map [22m[32m82.67 KB[39m
App + packages — lint · typecheck · test · build · consume	UNKNOWN STEP	2026-08-14T04:42:37.3560185Z [32mESM[39m ⚡️ Build success in 25ms
App + packages — lint · typecheck · test · build · consume	UNKNOWN STEP	2026-08-14T04:42:37.6246672Z [34mDTS[39m Build start
App + packages — lint · typecheck · test · build · consume	UNKNOWN STEP	2026-08-14T04:42:39.4012594Z [32mDTS[39m ⚡️ Build success in 1777ms
App + packages — lint · typecheck · test · build · consume	UNKNOWN STEP	2026-08-14T04:42:39.4014555Z [32mDTS[39m [1mdist/index.d.ts [22m[32m16.67 KB[39m
App + packages — lint · typecheck · test · build · consume	UNKNOWN STEP	2026-08-14T04:42:39.5709052Z 
App + packages — lint · typecheck · test · build · consume	UNKNOWN STEP	2026-08-14T04:42:39.5709685Z > @nodeslide/contracts@0.2.2 build
App + packages — lint · typecheck · test · build · consume	UNKNOWN STEP	2026-08-14T04:42:39.5710809Z > tsup src/index.ts --format esm --dts --clean --sourcemap
App + packages — lint · typecheck · test · build · consume	UNKNOWN STEP	2026-08-14T04:42:39.5711290Z 
App + packages — lint · typecheck · test · build · consume	UNKNOWN STEP	2026-08-14T04:42:39.8634072Z [34mCLI[39m Building entry: src/index.ts
App + packages — lint · typecheck · test · build · consume	UNKNOWN STEP	2026-08-14T04:42:39.8645197Z [34mCLI[39m Using tsconfig: tsconfig.json
App + packages — lint · typecheck · test · build · consume	UNKNOWN STEP	2026-08-14T04:42:39.8646839Z [34mCLI[39m tsup v8.5.1
App + packages — lint · typecheck · test · build · consume	UNKNOWN STEP	2026-08-14T04:42:39.8688482Z [34mCLI[39m Target: es2022
App + packages — lint · typecheck · test · build · consume	UNKNOWN STEP	2026-08-14T04:42:39.8702024Z [34mCLI[39m Cleaning output folder
App + packages — lint · typecheck · test · build · consume	UNKNOWN STEP	2026-08-14T04:42:39.8712259Z [34mESM[39m Build start
App + packages — lint · typecheck · test · build · consume	UNKNOWN STEP	2026-08-14T04:42:39.9050202Z [32mESM[39m [1mdist/index.js     [22m[32m59.63 KB[39m
App + packages — lint · typecheck · test · build · consume	UNKNOWN STEP	2026-08-14T04:42:39.9051501Z [32mESM[39m [1mdist/index.js.map [22m[32m142.91 KB[39m
App + packages — lint · typecheck · test · build · consume	UNKNOWN STEP	2026-08-14T04:42:39.9052313Z [32mESM[39m ⚡️ Build success in 33ms
App + packages — lint · typecheck · test · build · consume	UNKNOWN STEP	2026-08-14T04:42:40.1621222Z [34mDTS[39m Build start
App + packages — lint · typecheck · test · build · consume	UNKNOWN STEP	2026-08-14T04:42:42.4633455Z [32mDTS[39m ⚡️ Build success in 2301ms
App + packages — lint · typecheck · test · build · consume	UNKNOWN STEP	2026-08-14T04:42:42.4634517Z [32mDTS[39m [1mdist/index.d.ts [22m[32m88.73 KB[39m
App + packages — lint · typecheck · test · build · consume	UNKNOWN STEP	2026-08-14T04:42:42.6365462Z 
App + packages — lint · typecheck · test · build · consume	UNKNOWN STEP	2026-08-14T04:42:42.6366191Z > @nodeslide/engine@0.2.2 build
App + packages — lint · typecheck · test · build · consume	UNKNOWN STEP	2026-08-14T04:42:42.6367085Z > tsup src/index.ts --format esm --dts --clean --sourcemap --external @nodeslide/contracts
App + packages — lint · typecheck · test · build · consume	UNKNOWN STEP	2026-08-14T04:42:42.6367566Z 
App + packages — lint · typecheck · test · build · consume	UNKNOWN STEP	2026-08-14T04:42:42.9360184Z [34mCLI[39m Building entry: src/index.ts
App + packages — lint · typecheck · test · build · consume	UNKNOWN STEP	2026-08-14T04:42:42.9370562Z [34mCLI[39m Using tsconfig: tsconfig.json
App + packages — lint · typecheck · test · build · consume	UNKNOWN STEP	2026-08-14T04:42:42.9372734Z [34mCLI[39m tsup v8.5.1
App + packages — lint · typecheck · test · build · consume	UNKNOWN STEP	2026-08-14T04:42:42.9415971Z [34mCLI[39m Target: es2022
App + packages — lint · typecheck · test · build · consume	UNKNOWN STEP	2026-08-14T04:42:42.9429346Z [34mCLI[39m Cleaning output folder
App + packages — lint · typecheck · test · build · consume	UNKNOWN STEP	2026-08-14T04:42:42.9440502Z [34mESM[39m Build start
App + packages — lint · typecheck · test · build · consume	UNKNOWN STEP	2026-08-14T04:42:43.0029341Z [32mESM[39m [1mdist/index.js     [22m[32m208.94 KB[39m
App + packages — lint · typecheck · test · build · consume	UNKNOWN STEP	2026-08-14T04:42:43.0030707Z [32mESM[39m [1mdist/index.js.map [22m[32m520.85 KB[39m
App + packages — lint · typecheck · test · build · consume	UNKNOWN STEP	2026-08-14T04:42:43.0031559Z [32mESM[39m ⚡️ Build success in 59ms
App + packages — lint · typecheck · test · build · consume	UNKNOWN STEP	2026-08-14T04:42:43.2388720Z [34mDTS[39m Build start
App + packages — lint · typecheck · test · build · consume	UNKNOWN STEP	2026-08-14T04:42:46.2649784Z [32mDTS[39m ⚡️ Build success in 3026ms
App + packages — lint · typecheck · test · build · consume	UNKNOWN STEP	2026-08-14T04:42:46.2650992Z [32mDTS[39m [1mdist/index.d.ts [22m[32m24.24 KB[39m
App + packages — lint · typecheck · test · build · consume	UNKNOWN STEP	2026-08-14T04:42:46.4395530Z 
App + packages — lint · typecheck · test · build · consume	UNKNOWN STEP	2026-08-14T04:42:46.4396483Z > @nodeslide/backend@0.2.2 build
App + packages — lint · typecheck · test · build · consume	UNKNOWN STEP	2026-08-14T04:42:46.4397338Z > tsup src/index.ts --format esm --dts --clean --sourcemap --external @nodeslide/contracts
App + packages — lint · typecheck · test · build · consume	UNKNOWN STEP	2026-08-14T04:42:46.4397854Z 
App + packages — lint · typecheck · test · build · consume	UNKNOWN STEP	2026-08-14T04:42:46.7432973Z [34mCLI[39m Building entry: src/index.ts
App + packages — lint · typecheck · test · build · consume	UNKNOWN STEP	2026-08-14T04:42:46.7443493Z [34mCLI[39m Using tsconfig: tsconfig.json
App + packages — lint · typecheck · test · build · consume	UNKNOWN STEP	2026-08-14T04:42:46.7445106Z [34mCLI[39m tsup v8.5.1
App + packages — lint · typecheck · test · build · consume	UNKNOWN STEP	2026-08-14T04:42:46.7487172Z [34mCLI[39m Target: es2022
App + packages — lint · typecheck · test · build · consume	UNKNOWN STEP	2026-08-14T04:42:46.7500279Z [34mCLI[39m Cleaning output folder
App + packages — lint · typecheck · test · build · consume	UNKNOWN STEP	2026-08-14T04:42:46.7510452Z [34mESM[39m Build start
App + packages — lint · typecheck · test · build · consume	UNKNOWN STEP	2026-08-14T04:42:46.7748622Z [32mESM[39m [1mdist/index.js     [22m[32m14.35 KB[39m
App + packages — lint · typecheck · test · build · consume	UNKNOWN STEP	2026-08-14T04:42:46.7750166Z [32mESM[39m [1mdist/index.js.map [22m[32m35.04 KB[39m
App + packages — lint · typecheck · test · build · consume	UNKNOWN STEP	2026-08-14T04:42:46.7751244Z [32mESM[39m ⚡️ Build success in 24ms
App + packages — lint · typecheck · test · build · consume	UNKNOWN STEP	2026-08-14T04:42:47.0379289Z [34mDTS[39m Build start
App + packages — lint · typecheck · test · build · consume	UNKNOWN STEP	2026-08-14T04:42:49.1763935Z [32mDTS[39m ⚡️ Build success in 2138ms
App + packages — lint · typecheck · test · build · consume	UNKNOWN STEP	2026-08-14T04:42:49.1767664Z [32mDTS[39m [1mdist/index.d.ts [22m[32m13.31 KB[39m
App + packages — lint · typecheck · test · build · consume	UNKNOWN STEP	2026-08-14T04:42:49.3410018Z 
App + packages — lint · typecheck · test · build · consume	UNKNOWN STEP	2026-08-14T04:42:49.3410583Z > @nodeslide/testing@0.2.2 build
App + packages — lint · typecheck · test · build · consume	UNKNOWN STEP	2026-08-14T04:42:49.3411764Z > tsup src/index.ts --format esm --dts --clean --sourcemap --external @nodeslide/backend --external @nodeslide/contracts --external @nodeslide/engine
App + packages — lint · typecheck · test · build · consume	UNKNOWN STEP	2026-08-14T04:42:49.3412503Z 
App + packages — lint · typecheck · test · build · consume	UNKNOWN STEP	2026-08-14T04:42:49.6411209Z [34mCLI[39m Building entry: src/index.ts
App + packages — lint · typecheck · test · build · consume	UNKNOWN STEP	2026-08-14T04:42:49.6422478Z [34mCLI[39m Using tsconfig: tsconfig.json
App + packages — lint · typecheck · test · build · consume	UNKNOWN STEP	2026-08-14T04:42:49.6424391Z [34mCLI[39m tsup v8.5.1
App + packages — lint · typecheck · test · build · consume	UNKNOWN STEP	2026-08-14T04:42:49.6466421Z [34mCLI[39m Target: es2022
App + packages — lint · typecheck · test · build · consume	UNKNOWN STEP	2026-08-14T04:42:49.6480755Z [34mCLI[39m Cleaning output folder
App + packages — lint · typecheck · test · build · consume	UNKNOWN STEP	2026-08-14T04:42:49.6491673Z [34mESM[39m Build start
App + packages — lint · typecheck · test · build · consume	UNKNOWN STEP	2026-08-14T04:42:49.6794046Z [32mESM[39m [1mdist/index.js     [22m[32m37.36 KB[39m
App + packages — lint · typecheck · test · build · consume	UNKNOWN STEP	2026-08-14T04:42:49.6794882Z [32mESM[39m [1mdist/index.js.map [22m[32m70.53 KB[39m
App + packages — lint · typecheck · test · build · consume	UNKNOWN STEP	2026-08-14T04:42:49.6795500Z [32mESM[39m ⚡️ Build success in 29ms
App + packages — lint · typecheck · test · build · consume	UNKNOWN STEP	2026-08-14T04:42:49.9434247Z [34mDTS[39m Build start
App + packages — lint · typecheck · test · build · consume	UNKNOWN STEP	2026-08-14T04:42:53.0626884Z [32mDTS[39m ⚡️ Build success in 3120ms
App + packages — lint · typecheck · test · build · consume	UNKNOWN STEP	2026-08-14T04:42:53.0628151Z [32mDTS[39m [1mdist/index.d.ts [22m[32m6.04 KB[39m
App + packages — lint · typecheck · test · build · consume	UNKNOWN STEP	2026-08-14T04:42:53.2510937Z 
App + packages — lint · typecheck · test · build · consume	UNKNOWN STEP	2026-08-14T04:42:53.2511545Z > @nodeslide/agent@0.2.2 build
App + packages — lint · typecheck · test · build · consume	UNKNOWN STEP	2026-08-14T04:42:53.2512923Z > tsup src/index.ts --format esm --dts --clean --sourcemap --external @nodeslide/backend --external @nodeslide/contracts
App + packages — lint · typecheck · test · build · consume	UNKNOWN STEP	2026-08-14T04:42:53.2513807Z 
App + packages — lint · typecheck · test · build · consume	UNKNOWN STEP	2026-08-14T04:42:53.5537946Z [34mCLI[39m Building entry: src/index.ts
App + packages — lint · typecheck · test · build · consume	UNKNOWN STEP	2026-08-14T04:42:53.5549708Z [34mCLI[39m Using tsconfig: tsconfig.json
App + packages — lint · typecheck · test · build · consume	UNKNOWN STEP	2026-08-14T04:42:53.5551949Z [34mCLI[39m tsup v8.5.1
App + packages — lint · typecheck · test · build · consume	UNKNOWN STEP	2026-08-14T04:42:53.5596312Z [34mCLI[39m Target: es2022
App + packages — lint · typecheck · test · build · consume	UNKNOWN STEP	2026-08-14T04:42:53.5610921Z [34mCLI[39m Cleaning output folder
App + packages — lint · typecheck · test · build · consume	UNKNOWN STEP	2026-08-14T04:42:53.5621744Z [34mESM[39m Build start
App + packages — lint · typecheck · test · build · consume	UNKNOWN STEP	2026-08-14T04:42:53.5811849Z [32mESM[39m [1mdist/index.js     [22m[32m2.98 KB[39m
App + packages — lint · typecheck · test · build · consume	UNKNOWN STEP	2026-08-14T04:42:53.5813277Z [32mESM[39m [1mdist/index.js.map [22m[32m7.66 KB[39m
App + packages — lint · typecheck · test · build · consume	UNKNOWN STEP	2026-08-14T04:42:53.5814420Z [32mESM[39m ⚡️ Build success in 18ms
App + packages — lint · typecheck · test · build · consume	UNKNOWN STEP	2026-08-14T04:42:53.8459294Z [34mDTS[39m Build start
App + packages — lint · typecheck · test · build · consume	UNKNOWN STEP	2026-08-14T04:42:55.9961609Z [32mDTS[39m ⚡️ Build success in 2149ms
App + packages — lint · typecheck · test · build · consume	UNKNOWN STEP	2026-08-14T04:42:55.9962271Z [32mDTS[39m [1mdist/index.d.ts [22m[32m3.04 KB[39m
App + packages — lint · typecheck · test · build · consume	UNKNOWN STEP	2026-08-14T04:42:56.1807424Z 
App + packages — lint · typecheck · test · build · consume	UNKNOWN STEP	2026-08-14T04:42:56.1808403Z > @nodeslide/client-http@0.2.2 build
App + packages — lint · typecheck · test · build · consume	UNKNOWN STEP	2026-08-14T04:42:56.1809548Z > tsup src/index.ts --format esm --dts --clean --sourcemap --external @nodeslide/backend --external @nodeslide/contracts
App + packages — lint · typecheck · test · build · consume	UNKNOWN STEP	2026-08-14T04:42:56.1810476Z 
App + packages — lint · typecheck · test · build · consume	UNKNOWN STEP	2026-08-14T04:42:56.4798672Z [34mCLI[39m Building entry: src/index.ts
App + packages — lint · typecheck · test · build · consume	UNKNOWN STEP	2026-08-14T04:42:56.4809615Z [34mCLI[39m Using tsconfig: tsconfig.json
App + packages — lint · typecheck · test · build · consume	UNKNOWN STEP	2026-08-14T04:42:56.4811479Z [34mCLI[39m tsup v8.5.1
App + packages — lint · typecheck · test · build · consume	UNKNOWN STEP	2026-08-14T04:42:56.4853853Z [34mCLI[39m Target: es2022
App + packages — lint · typecheck · test · build · consume	UNKNOWN STEP	2026-08-14T04:42:56.4867607Z [34mCLI[39m Cleaning output folder
App + packages — lint · typecheck · test · build · consume	UNKNOWN STEP	2026-08-14T04:42:56.4878655Z [34mESM[39m Build start
App + packages — lint · typecheck · test · build · consume	UNKNOWN STEP	2026-08-14T04:42:56.5097384Z [32mESM[39m [1mdist/index.js     [22m[32m7.04 KB[39m
App + packages — lint · typecheck · test · build · consume	UNKNOWN STEP	2026-08-14T04:42:56.5098311Z [32mESM[39m [1mdist/index.js.map [22m[32m15.24 KB[39m
App + packages — lint · typecheck · test · build · consume	UNKNOWN STEP	2026-08-14T04:42:56.5099042Z [32mESM[39m ⚡️ Build success in 22ms
App + packages — lint · typecheck · test · build · consume	UNKNOWN STEP	2026-08-14T04:42:56.7763883Z [34mDTS[39m Build start
App + packages — lint · typecheck · test · build · consume	UNKNOWN STEP	2026-08-14T04:42:58.9610769Z [32mDTS[39m ⚡️ Build success in 2185ms
App + packages — lint · typecheck · test · build · consume	UNKNOWN STEP	2026-08-14T04:42:58.9615985Z [32mDTS[39m [1mdist/index.d.ts [22m[32m3.39 KB[39m
App + packages — lint · typecheck · test · build · consume	UNKNOWN STEP	2026-08-14T04:42:59.1449072Z 
App + packages — lint · typecheck · test · build · consume	UNKNOWN STEP	2026-08-14T04:42:59.1449744Z > @nodeslide/react-headless@0.2.2 build
App + packages — lint · typecheck · test · build · consume	UNKNOWN STEP	2026-08-14T04:42:59.1451484Z > tsup src/index.ts --format esm --dts --clean --sourcemap --external react --external react/jsx-runtime --external @nodeslide/backend --external @nodeslide/contracts --external @nodeslide/engine
App + packages — lint · typecheck · test · build · consume	UNKNOWN STEP	2026-08-14T04:42:59.1452458Z 
App + packages — lint · typecheck · test · build · consume	UNKNOWN STEP	2026-08-14T04:42:59.4484418Z [34mCLI[39m Building entry: src/index.ts
App + packages — lint · typecheck · test · build · consume	UNKNOWN STEP	2026-08-14T04:42:59.4496214Z [34mCLI[39m Using tsconfig: tsconfig.json
App + packages — lint · typecheck · test · build · consume	UNKNOWN STEP	2026-08-14T04:42:59.4497694Z [34mCLI[39m tsup v8.5.1
App + packages — lint · typecheck · test · build · consume	UNKNOWN STEP	2026-08-14T04:42:59.4540443Z [34mCLI[39m Target: es2022
App + packages — lint · typecheck · test · build · consume	UNKNOWN STEP	2026-08-14T04:42:59.4555907Z [34mCLI[39m Cleaning output folder
App + packages — lint · typecheck · test · build · consume	UNKNOWN STEP	2026-08-14T04:42:59.4566867Z [34mESM[39m Build start
App + packages — lint · typecheck · test · build · consume	UNKNOWN STEP	2026-08-14T04:42:59.4785975Z [32mESM[39m [1mdist/index.js     [22m[32m8.93 KB[39m
App + packages — lint · typecheck · test · build · consume	UNKNOWN STEP	2026-08-14T04:42:59.4790793Z [32mESM[39m [1mdist/index.js.map [22m[32m19.75 KB[39m
App + packages — lint · typecheck · test · build · consume	UNKNOWN STEP	2026-08-14T04:42:59.4791557Z [32mESM[39m ⚡️ Build success in 22ms
App + packages — lint · typecheck · test · build · consume	UNKNOWN STEP	2026-08-14T04:42:59.7433713Z [34mDTS[39m Build start
App + packages — lint · typecheck · test · build · consume	UNKNOWN STEP	2026-08-14T04:43:02.6848169Z [32mDTS[39m ⚡️ Build success in 2942ms
App + packages — lint · typecheck · test · build · consume	UNKNOWN STEP	2026-08-14T04:43:02.6849635Z [32mDTS[39m [1mdist/index.d.ts [22m[32m5.12 KB[39m
App + packages — lint · typecheck · test · build · consume	UNKNOWN STEP	2026-08-14T04:43:02.8622886Z 
App + packages — lint · typecheck · test · build · consume	UNKNOWN STEP	2026-08-14T04:43:02.8623487Z > @nodeslide/react@0.2.2 build
App + packages — lint · typecheck · test · build · consume	UNKNOWN STEP	2026-08-14T04:43:02.8624944Z > tsup src/index.ts --format esm --dts --clean --sourcemap --external react --external react/jsx-runtime --external @nodeslide/backend --external @nodeslide/contracts --external @nodeslide/react-headless
App + packages — lint · typecheck · test · build · consume	UNKNOWN STEP	2026-08-14T04:43:02.8625950Z 
App + packages — lint · typecheck · test · build · consume	UNKNOWN STEP	2026-08-14T04:43:03.1650334Z [34mCLI[39m Building entry: src/index.ts
App + packages — lint · typecheck · test · build · consume	UNKNOWN STEP	2026-08-14T04:43:03.1659678Z [34mCLI[39m Using tsconfig: tsconfig.json
App + packages — lint · typecheck · test · build · consume	UNKNOWN STEP	2026-08-14T04:43:03.1661847Z [34mCLI[39m tsup v8.5.1
App + packages — lint · typecheck · test · build · consume	UNKNOWN STEP	2026-08-14T04:43:03.1704805Z [34mCLI[39m Target: es2022
App + packages — lint · typecheck · test · build · consume	UNKNOWN STEP	2026-08-14T04:43:03.1719002Z [34mCLI[39m Cleaning output folder
App + packages — lint · typecheck · test · build · consume	UNKNOWN STEP	2026-08-14T04:43:03.1731071Z [34mESM[39m Build start
App + packages — lint · typecheck · test · build · consume	UNKNOWN STEP	2026-08-14T04:43:03.2003668Z [32mESM[39m [1mdist/index.js     [22m[32m25.43 KB[39m
App + packages — lint · typecheck · test · build · consume	UNKNOWN STEP	2026-08-14T04:43:03.2005078Z [32mESM[39m [1mdist/index.js.map [22m[32m43.24 KB[39m
App + packages — lint · typecheck · test · build · consume	UNKNOWN STEP	2026-08-14T04:43:03.2006056Z [32mESM[39m ⚡️ Build success in 28ms
App + packages — lint · typecheck · test · build · consume	UNKNOWN STEP	2026-08-14T04:43:03.4577488Z [34mDTS[39m Build start
App + packages — lint · typecheck · test · build · consume	UNKNOWN STEP	2026-08-14T04:43:06.8391849Z [32mDTS[39m ⚡️ Build success in 3382ms
App + packages — lint · typecheck · test · build · consume	UNKNOWN STEP	2026-08-14T04:43:06.8393081Z [32mDTS[39m [1mdist/index.d.ts [22m[32m6.13 KB[39m
App + packages — lint · typecheck · test · build · consume	UNKNOWN STEP	2026-08-14T04:43:07.0139315Z 
App + packages — lint · typecheck · test · build · consume	UNKNOWN STEP	2026-08-14T04:43:07.0140146Z > @nodeslide/convex@0.2.2 build
App + packages — lint · typecheck · test · build · consume	UNKNOWN STEP	2026-08-14T04:43:07.0144383Z > tsup src/index.ts src/capabilityHost.ts src/react.tsx src/component.ts src/componentSchema.ts --format esm --dts --clean --sourcemap --external react --external react/jsx-runtime --external convex --external convex/browser --external convex/server --external convex/values --external @nodeslide/backend --external @nodeslide/contracts --external @nodeslide/engine --external @nodeslide/react --external @nodeslide/react-headless && tsc -p tsconfig.component.json
App + packages — lint · typecheck · test · build · consume	UNKNOWN STEP	2026-08-14T04:43:07.0147405Z 
App + packages — lint · typecheck · test · build · consume	UNKNOWN STEP	2026-08-14T04:43:07.3125092Z [34mCLI[39m Building entry: src/capabilityHost.ts, src/component.ts, src/componentSchema.ts, src/index.ts, src/react.tsx
App + packages — lint · typecheck · test · build · consume	UNKNOWN STEP	2026-08-14T04:43:07.3134291Z [34mCLI[39m Using tsconfig: tsconfig.json
App + packages — lint · typecheck · test · build · consume	UNKNOWN STEP	2026-08-14T04:43:07.3136386Z [34mCLI[39m tsup v8.5.1
App + packages — lint · typecheck · test · build · consume	UNKNOWN STEP	2026-08-14T04:43:07.3179460Z [34mCLI[39m Target: es2022
App + packages — lint · typecheck · test · build · consume	UNKNOWN STEP	2026-08-14T04:43:07.3188542Z [34mCLI[39m Cleaning output folder
App + packages — lint · typecheck · test · build · consume	UNKNOWN STEP	2026-08-14T04:43:07.3199547Z [34mESM[39m Build start
App + packages — lint · typecheck · test · build · consume	UNKNOWN STEP	2026-08-14T04:43:07.3481591Z [32mESM[39m [1mdist/capabilityHost.js      [22m[32m333.00 B[39m
App + packages — lint · typecheck · test · build · consume	UNKNOWN STEP	2026-08-14T04:43:07.3482427Z [32mESM[39m [1mdist/componentSchema.js     [22m[32m2.00 KB[39m
App + packages — lint · typecheck · test · build · consume	UNKNOWN STEP	2026-08-14T04:43:07.3483015Z [32mESM[39m [1mdist/index.js               [22m[32m968.00 B[39m
App + packages — lint · typecheck · test · build · consume	UNKNOWN STEP	2026-08-14T04:43:07.3483568Z [32mESM[39m [1mdist/react.js               [22m[32m2.74 KB[39m
App + packages — lint · typecheck · test · build · consume	UNKNOWN STEP	2026-08-14T04:43:07.3484135Z [32mESM[39m [1mdist/chunk-3QWBEMVX.js      [22m[32m6.97 KB[39m
App + packages — lint · typecheck · test · build · consume	UNKNOWN STEP	2026-08-14T04:43:07.3484688Z [32mESM[39m [1mdist/chunk-U3H4RHYN.js      [22m[32m5.02 KB[39m
App + packages — lint · typecheck · test · build · consume	UNKNOWN STEP	2026-08-14T04:43:07.3485242Z [32mESM[39m [1mdist/component.js           [22m[32m4.56 KB[39m
App + packages — lint · typecheck · test · build · consume	UNKNOWN STEP	2026-08-14T04:43:07.3485782Z [32mESM[39m [1mdist/capabilityHost.js.map  [22m[32m71.00 B[39m
App + packages — lint · typecheck · test · build · consume	UNKNOWN STEP	2026-08-14T04:43:07.3486318Z [32mESM[39m [1mdist/componentSchema.js.map [22m[32m4.31 KB[39m
App + packages — lint · typecheck · test · build · consume	UNKNOWN STEP	2026-08-14T04:43:07.3486874Z [32mESM[39m [1mdist/chunk-3QWBEMVX.js.map  [22m[32m16.95 KB[39m
App + packages — lint · typecheck · test · build · consume	UNKNOWN STEP	2026-08-14T04:43:07.3487407Z [32mESM[39m [1mdist/index.js.map           [22m[32m71.00 B[39m
App + packages — lint · typecheck · test · build · consume	UNKNOWN STEP	2026-08-14T04:43:07.3487930Z [32mESM[39m [1mdist/react.js.map           [22m[32m5.67 KB[39m
App + packages — lint · typecheck · test · build · consume	UNKNOWN STEP	2026-08-14T04:43:07.3488453Z [32mESM[39m [1mdist/chunk-U3H4RHYN.js.map  [22m[32m13.57 KB[39m
App + packages — lint · typecheck · test · build · consume	UNKNOWN STEP	2026-08-14T04:43:07.3488986Z [32mESM[39m [1mdist/component.js.map       [22m[32m10.80 KB[39m
App + packages — lint · typecheck · test · build · consume	UNKNOWN STEP	2026-08-14T04:43:07.3489440Z [32mESM[39m ⚡️ Build success in 28ms
App + packages — lint · typecheck · test · build · consume	UNKNOWN STEP	2026-08-14T04:43:07.6111670Z [34mDTS[39m Build start
App + packages — lint · typecheck · test · build · consume	UNKNOWN STEP	2026-08-14T04:43:12.9146090Z [32mDTS[39m ⚡️ Build success in 5304ms
App + packages — lint · typecheck · test · build · consume	UNKNOWN STEP	2026-08-14T04:43:12.9148321Z [32mDTS[39m [1mdist/component.d.ts       [22m[32m2.63 KB[39m
App + packages — lint · typecheck · test · build · consume	UNKNOWN STEP	2026-08-14T04:43:12.9149315Z [32mDTS[39m [1mdist/componentSchema.d.ts [22m[32m176.00 B[39m
App + packages — lint · typecheck · test · build · consume	UNKNOWN STEP	2026-08-14T04:43:12.9150557Z [32mDTS[39m [1mdist/react.d.ts           [22m[32m1.18 KB[39m
App + packages — lint · typecheck · test · build · consume	UNKNOWN STEP	2026-08-14T04:43:12.9151491Z [32mDTS[39m [1mdist/index.d.ts           [22m[32m7.26 KB[39m
App + packages — lint · typecheck · test · build · consume	UNKNOWN STEP	2026-08-14T04:43:12.9152329Z [32mDTS[39m [1mdist/capabilityHost.d.ts  [22m[32m5.45 KB[39m
App + packages — lint · typecheck · test · build · consume	UNKNOWN STEP	2026-08-14T04:43:15.3173330Z 
App + packages — lint · typecheck · test · build · consume	UNKNOWN STEP	2026-08-14T04:43:15.3173970Z > @nodeslide/registry@0.2.2 build
App + packages — lint · typecheck · test · build · consume	UNKNOWN STEP	2026-08-14T04:43:15.3174957Z > tsup src/index.ts --format esm --dts --clean --sourcemap --platform node
App + packages — lint · typecheck · test · build · consume	UNKNOWN STEP	2026-08-14T04:43:15.3175536Z 
App + packages — lint · typecheck · test · build · consume	UNKNOWN STEP	2026-08-14T04:43:15.6117216Z [34mCLI[39m Building entry: src/index.ts
App + packages — lint · typecheck · test · build · consume	UNKNOWN STEP	2026-08-14T04:43:15.6128140Z [34mCLI[39m Using tsconfig: tsconfig.json
App + packages — lint · typecheck · test · build · consume	UNKNOWN STEP	2026-08-14T04:43:15.6129675Z [34mCLI[39m tsup v8.5.1
App + packages — lint · typecheck · test · build · consume	UNKNOWN STEP	2026-08-14T04:43:15.6172946Z [34mCLI[39m Target: es2022
App + packages — lint · typecheck · test · build · consume	UNKNOWN STEP	2026-08-14T04:43:15.6186149Z [34mCLI[39m Cleaning output folder
App + packages — lint · typecheck · test · build · consume	UNKNOWN STEP	2026-08-14T04:43:15.6196973Z [34mESM[39m Build start
App + packages — lint · typecheck · test · build · consume	UNKNOWN STEP	2026-08-14T04:43:15.6401653Z [32mESM[39m [1mdist/index.js     [22m[32m2.58 KB[39m
App + packages — lint · typecheck · test · build · consume	UNKNOWN STEP	2026-08-14T04:43:15.6402623Z [32mESM[39m [1mdist/index.js.map [22m[32m4.87 KB[39m
App + packages — lint · typecheck · test · build · consume	UNKNOWN STEP	2026-08-14T04:43:15.6403381Z [32mESM[39m ⚡️ Build success in 20ms
App + packages — lint · typecheck · test · build · consume	UNKNOWN STEP	2026-08-14T04:43:15.9071956Z [34mDTS[39m Build start
App + packages — lint · typecheck · test · build · consume	UNKNOWN STEP	2026-08-14T04:43:17.1567571Z [32mDTS[39m ⚡️ Build success in 1250ms
App + packages — lint · typecheck · test · build · consume	UNKNOWN STEP	2026-08-14T04:43:17.1568409Z [32mDTS[39m [1mdist/index.d.ts [22m[32m1.13 KB[39m
App + packages — lint · typecheck · test · build · consume	UNKNOWN STEP	2026-08-14T04:43:17.3134385Z 
App + packages — lint · typecheck · test · build · consume	UNKNOWN STEP	2026-08-14T04:43:17.3135049Z > @nodeslide/recipelang@0.2.2 build
App + packages — lint · typecheck · test · build · consume	UNKNOWN STEP	2026-08-14T04:43:17.3135958Z > tsup src/index.ts src/cli.ts --format esm --platform node --dts --clean --sourcemap
App + packages — lint · typecheck · test · build · consume	UNKNOWN STEP	2026-08-14T04:43:17.3136421Z 
App + packages — lint · typecheck · test · build · consume	UNKNOWN STEP	2026-08-14T04:43:17.6094503Z [34mCLI[39m Building entry: src/cli.ts, src/index.ts
App + packages — lint · typecheck · test · build · consume	UNKNOWN STEP	2026-08-14T04:43:17.6104848Z [34mCLI[39m Using tsconfig: tsconfig.json
App + packages — lint · typecheck · test · build · consume	UNKNOWN STEP	2026-08-14T04:43:17.6106418Z [34mCLI[39m tsup v8.5.1
App + packages — lint · typecheck · test · build · consume	UNKNOWN STEP	2026-08-14T04:43:17.6149488Z [34mCLI[39m Target: es2022
App + packages — lint · typecheck · test · build · consume	UNKNOWN STEP	2026-08-14T04:43:17.6158669Z [34mCLI[39m Cleaning output folder
App + packages — lint · typecheck · test · build · consume	UNKNOWN STEP	2026-08-14T04:43:17.6169304Z [34mESM[39m Build start
App + packages — lint · typecheck · test · build · consume	UNKNOWN STEP	2026-08-14T04:43:17.6486237Z [32mESM[39m [1mdist/cli.js                [22m[32m6.33 KB[39m
App + packages — lint · typecheck · test · build · consume	UNKNOWN STEP	2026-08-14T04:43:17.6487203Z [32mESM[39m [1mdist/index.js              [22m[32m1012.00 B[39m
App + packages — lint · typecheck · test · build · consume	UNKNOWN STEP	2026-08-14T04:43:17.6487974Z [32mESM[39m [1mdist/chunk-U37KJOEV.js     [22m[32m33.41 KB[39m
App + packages — lint · typecheck · test · build · consume	UNKNOWN STEP	2026-08-14T04:43:17.6488847Z [32mESM[39m [1mdist/cli.js.map            [22m[32m11.57 KB[39m
App + packages — lint · typecheck · test · build · consume	UNKNOWN STEP	2026-08-14T04:43:17.6489590Z [32mESM[39m [1mdist/index.js.map          [22m[32m71.00 B[39m
App + packages — lint · typecheck · test · build · consume	UNKNOWN STEP	2026-08-14T04:43:17.6490469Z [32mESM[39m [1mdist/chunk-U37KJOEV.js.map [22m[32m65.71 KB[39m
App + packages — lint · typecheck · test · build · consume	UNKNOWN STEP	2026-08-14T04:43:17.6491078Z [32mESM[39m ⚡️ Build success in 32ms
App + packages — lint · typecheck · test · build · consume	UNKNOWN STEP	2026-08-14T04:43:17.9113062Z [34mDTS[39m Build start
App + packages — lint · typecheck · test · build · consume	UNKNOWN STEP	2026-08-14T04:43:20.0087563Z [32mDTS[39m ⚡️ Build success in 2098ms
App + packages — lint · typecheck · test · build · consume	UNKNOWN STEP	2026-08-14T04:43:20.0089665Z [32mDTS[39m [1mdist/cli.d.ts   [22m[32m20.00 B[39m
App + packages — lint · typecheck · test · build · consume	UNKNOWN STEP	2026-08-14T04:43:20.0091142Z [32mDTS[39m [1mdist/index.d.ts [22m[32m9.29 KB[39m
App + packages — lint · typecheck · test · build · consume	UNKNOWN STEP	2026-08-14T04:43:20.1783071Z 
App + packages — lint · typecheck · test · build · consume	UNKNOWN STEP	2026-08-14T04:43:20.1783558Z > @nodeslide/cli@0.2.2 build
App + packages — lint · typecheck · test · build · consume	UNKNOWN STEP	2026-08-14T04:43:20.1783944Z > tsup
App + packages — lint · typecheck · test · build · consume	UNKNOWN STEP	2026-08-14T04:43:20.1784123Z 
App + packages — lint · typecheck · test · build · consume	UNKNOWN STEP	2026-08-14T04:43:20.4976763Z [34mCLI[39m Building entry: src/cli.ts, src/index.ts
App + packages — lint · typecheck · test · build · consume	UNKNOWN STEP	2026-08-14T04:43:20.4982111Z [34mCLI[39m Using tsconfig: tsconfig.json
App + packages — lint · typecheck · test · build · consume	UNKNOWN STEP	2026-08-14T04:43:20.4984707Z [34mCLI[39m tsup v8.5.1
App + packages — lint · typecheck · test · build · consume	UNKNOWN STEP	2026-08-14T04:43:20.4985834Z [34mCLI[39m Using tsup config: /home/runner/work/NodeSlide/NodeSlide/packages/cli/tsup.config.ts
App + packages — lint · typecheck · test · build · consume	UNKNOWN STEP	2026-08-14T04:43:20.5029446Z [34mCLI[39m Target: es2022
App + packages — lint · typecheck · test · build · consume	UNKNOWN STEP	2026-08-14T04:43:20.5042379Z [34mCLI[39m Cleaning output folder
App + packages — lint · typecheck · test · build · consume	UNKNOWN STEP	2026-08-14T04:43:20.5056910Z [34mESM[39m Build start
App + packages — lint · typecheck · test · build · consume	UNKNOWN STEP	2026-08-14T04:43:20.6262352Z [32mESM[39m [1mdist/cli.js                [22m[32m611.47 KB[39m
App + packages — lint · typecheck · test · build · consume	UNKNOWN STEP	2026-08-14T04:43:20.6263609Z [32mESM[39m [1mdist/index.js              [22m[32m640.00 B[39m
App + packages — lint · typecheck · test · build · consume	UNKNOWN STEP	2026-08-14T04:43:20.6264731Z [32mESM[39m [1mdist/chunk-JI42SKRQ.js     [22m[32m26.87 KB[39m
App + packages — lint · typecheck · test · build · consume	UNKNOWN STEP	2026-08-14T04:43:20.6265867Z [32mESM[39m [1mdist/chunk-JI42SKRQ.js.map [22m[32m51.63 KB[39m
App + packages — lint · typecheck · test · build · consume	UNKNOWN STEP	2026-08-14T04:43:20.6267017Z [32mESM[39m [1mdist/index.js.map          [22m[32m71.00 B[39m
App + packages — lint · typecheck · test · build · consume	UNKNOWN STEP	2026-08-14T04:43:20.6268087Z [32mESM[39m [1mdist/cli.js.map            [22m[32m1.31 MB[39m
App + packages — lint · typecheck · test · build · consume	UNKNOWN STEP	2026-08-14T04:43:20.6268897Z [32mESM[39m ⚡️ Build success in 121ms
App + packages — lint · typecheck · test · build · consume	UNKNOWN STEP	2026-08-14T04:43:20.8123679Z [34mDTS[39m Build start
App + packages — lint · typecheck · test · build · consume	UNKNOWN STEP	2026-08-14T04:43:23.6403796Z [32mDTS[39m ⚡️ Build success in 2828ms
App + packages — lint · typecheck · test · build · consume	UNKNOWN STEP	2026-08-14T04:43:23.6404802Z [32mDTS[39m [1mdist/cli.d.ts   [22m[32m20.00 B[39m
App + packages — lint · typecheck · test · build · consume	UNKNOWN STEP	2026-08-14T04:43:23.6405645Z [32mDTS[39m [1mdist/index.d.ts [22m[32m4.34 KB[39m
App + packages — lint · typecheck · test · build · consume	UNKNOWN STEP	2026-08-14T04:43:23.8277087Z 
App + packages — lint · typecheck · test · build · consume	UNKNOWN STEP	2026-08-14T04:43:23.8277836Z > @nodeslide/external-agent@0.2.2 build
App + packages — lint · typecheck · test · build · consume	UNKNOWN STEP	2026-08-14T04:43:23.8278682Z > tsup src/index.ts src/cli.ts --format esm --platform node --dts --clean --sourcemap
App + packages — lint · typecheck · test · build · consume	UNKNOWN STEP	2026-08-14T04:43:23.8279165Z 
App + packages — lint · typecheck · test · build · consume	UNKNOWN STEP	2026-08-14T04:43:24.1291536Z [34mCLI[39m Building entry: src/cli.ts, src/index.ts
App + packages — lint · typecheck · test · build · consume	UNKNOWN STEP	2026-08-14T04:43:24.1302876Z [34mCLI[39m Using tsconfig: tsconfig.json
App + packages — lint · typecheck · test · build · consume	UNKNOWN STEP	2026-08-14T04:43:24.1304763Z [34mCLI[39m tsup v8.5.1
App + packages — lint · typecheck · test · build · consume	UNKNOWN STEP	2026-08-14T04:43:24.1346529Z [34mCLI[39m Target: es2022
App + packages — lint · typecheck · test · build · consume	UNKNOWN STEP	2026-08-14T04:43:24.1356084Z [34mCLI[39m Cleaning output folder
App + packages — lint · typecheck · test · build · consume	UNKNOWN STEP	2026-08-14T04:43:24.1367447Z [34mESM[39m Build start
App + packages — lint · typecheck · test · build · consume	UNKNOWN STEP	2026-08-14T04:43:24.2058800Z [32mESM[39m [1mdist/cli.js                [22m[32m6.93 KB[39m
App + packages — lint · typecheck · test · build · consume	UNKNOWN STEP	2026-08-14T04:43:24.2060152Z [32mESM[39m [1mdist/index.js              [22m[32m654.00 B[39m
App + packages — lint · typecheck · test · build · consume	UNKNOWN STEP	2026-08-14T04:43:24.2061188Z [32mESM[39m [1mdist/chunk-KJ3OYVQY.js     [22m[32m260.63 KB[39m
App + packages — lint · typecheck · test · build · consume	UNKNOWN STEP	2026-08-14T04:43:24.2062205Z [32mESM[39m [1mdist/cli.js.map            [22m[32m12.06 KB[39m
App + packages — lint · typecheck · test · build · consume	UNKNOWN STEP	2026-08-14T04:43:24.2063163Z [32mESM[39m [1mdist/index.js.map          [22m[32m71.00 B[39m
App + packages — lint · typecheck · test · build · consume	UNKNOWN STEP	2026-08-14T04:43:24.2064145Z [32mESM[39m [1mdist/chunk-KJ3OYVQY.js.map [22m[32m613.65 KB[39m
App + packages — lint · typecheck · test · build · consume	UNKNOWN STEP	2026-08-14T04:43:24.2064973Z [32mESM[39m ⚡️ Build success in 70ms
App + packages — lint · typecheck · test · build · consume	UNKNOWN STEP	2026-08-14T04:43:24.4370312Z [34mDTS[39m Build start
App + packages — lint · typecheck · test · build · consume	UNKNOWN STEP	2026-08-14T04:43:27.6683812Z [32mDTS[39m ⚡️ Build success in 3231ms
App + packages — lint · typecheck · test · build · consume	UNKNOWN STEP	2026-08-14T04:43:27.6687376Z [32mDTS[39m [1mdist/cli.d.ts   [22m[32m20.00 B[39m
App + packages — lint · typecheck · test · build · consume	UNKNOWN STEP	2026-08-14T04:43:27.6689106Z [32mDTS[39m [1mdist/index.d.ts [22m[32m18.96 KB[39m
App + packages — lint · typecheck · test · build · consume	UNKNOWN STEP	2026-08-14T04:43:27.8478168Z 
App + packages — lint · typecheck · test · build · consume	UNKNOWN STEP	2026-08-14T04:43:27.8478706Z > nodeslide-mcp@0.2.2 build
App + packages — lint · typecheck · test · build · consume	UNKNOWN STEP	2026-08-14T04:43:27.8480234Z > tsup src/index.ts --format esm --platform node --dts --clean --sourcemap
App + packages — lint · typecheck · test · build · consume	UNKNOWN STEP	2026-08-14T04:43:27.8480806Z 
App + packages — lint · typecheck · test · build · consume	UNKNOWN STEP	2026-08-14T04:43:28.1460664Z [34mCLI[39m Building entry: src/index.ts
App + packages — lint · typecheck · test · build · consume	UNKNOWN STEP	2026-08-14T04:43:28.1469595Z [34mCLI[39m Using tsconfig: tsconfig.json
App + packages — lint · typecheck · test · build · consume	UNKNOWN STEP	2026-08-14T04:43:28.1472006Z [34mCLI[39m tsup v8.5.1
App + packages — lint · typecheck · test · build · consume	UNKNOWN STEP	2026-08-14T04:43:28.1515406Z [34mCLI[39m Target: es2022
App + packages — lint · typecheck · test · build · consume	UNKNOWN STEP	2026-08-14T04:43:28.1528641Z [34mCLI[39m Cleaning output folder
App + packages — lint · typecheck · test · build · consume	UNKNOWN STEP	2026-08-14T04:43:28.1539295Z [34mESM[39m Build start
App + packages — lint · typecheck · test · build · consume	UNKNOWN STEP	2026-08-14T04:43:28.2442975Z [32mESM[39m [1mdist/index.js     [22m[32m388.75 KB[39m
App + packages — lint · typecheck · test · build · consume	UNKNOWN STEP	2026-08-14T04:43:28.2443989Z [32mESM[39m [1mdist/index.js.map [22m[32m881.42 KB[39m
App + packages — lint · typecheck · test · build · consume	UNKNOWN STEP	2026-08-14T04:43:28.2444780Z [32mESM[39m ⚡️ Build success in 91ms
App + packages — lint · typecheck · test · build · consume	UNKNOWN STEP	2026-08-14T04:43:28.4574902Z [34mDTS[39m Build start
App + packages — lint · typecheck · test · build · consume	UNKNOWN STEP	2026-08-14T04:43:33.7174858Z [32mDTS[39m ⚡️ Build success in 5261ms
App + packages — lint · typecheck · test · build · consume	UNKNOWN STEP	2026-08-14T04:43:33.7192097Z [32mDTS[39m [1mdist/index.d.ts [22m[32m20.00 B[39m
App + packages — lint · typecheck · test · build · consume	UNKNOWN STEP	2026-08-14T04:43:33.9085210Z 
App + packages — lint · typecheck · test · build · consume	UNKNOWN STEP	2026-08-14T04:43:33.9085866Z > nodeslide@0.1.0 recipelang:reference
App + packages — lint · typecheck · test · build · consume	UNKNOWN STEP	2026-08-14T04:43:33.9086435Z > node scripts/build-recipelang-reference.mjs
App + packages — lint · typecheck · test · build · consume	UNKNOWN STEP	2026-08-14T04:43:33.9086725Z 
App + packages — lint · typecheck · test · build · consume	UNKNOWN STEP	2026-08-14T04:43:34.0042272Z {"ok":true,"mode":"write","html":"/home/runner/work/NodeSlide/NodeSlide/public/recipelang/edge-data-contract.html","svg":"/home/runner/work/NodeSlide/NodeSlide/public/recipelang/edge-data-contract.svg","alignment":{"schemaVersion":"recipelang.alignment/v1","reference":"cooking-for-engineers-trn","passed":true,"checks":{"contiguousColumns":true,"leftToRight":true,"mergedSpanIntegrity":true,"outputConvergence":true,"rowBoundaryAlignment":true},"issues":[]}}
App + packages — lint · typecheck · test · build · consume	UNKNOWN STEP	2026-08-14T04:43:56.2171805Z [36mvite v6.4.3 [32mbuilding for production...[36m[39m
App + packages — lint · typecheck · test · build · consume	UNKNOWN STEP	2026-08-14T04:43:56.2556904Z [33m[1m(!) %VITE_GIT_SHA% is not defined in env variables found in /index.html. Is the variable mistyped?[22m[39m
App + packages — lint · typecheck · test · build · consume	UNKNOWN STEP	2026-08-14T04:43:56.2814139Z transforming...
App + packages — lint · typecheck · test · build · consume	UNKNOWN STEP	2026-08-14T04:44:11.8401918Z [32m✓[39m 4622 modules transformed.
App + packages — lint · typecheck · test · build · consume	UNKNOWN STEP	2026-08-14T04:44:14.5475596Z rendering chunks...
App + packages — lint · typecheck · test · build · consume	UNKNOWN STEP	2026-08-14T04:44:21.2432496Z computing gzip size...
App + packages — lint · typecheck · test · build · consume	UNKNOWN STEP	2026-08-14T04:44:21.4971260Z [2mdist/[22m[32mindex.html                                                   [39m[1m[2m    1.31 kB[22m[1m[22m[2m │ gzip:     0.59 kB[22m
App + packages — lint · typecheck · test · build · consume	UNKNOWN STEP	2026-08-14T04:44:21.4973402Z [2mdist/[22m[2massets/[22m[32mKaTeX_Size3-Regular-CTq5MqoE.woff                     [39m[1m[2m    4.42 kB[22m[1m[22m
App + packages — lint · typecheck · test · build · consume	UNKNOWN STEP	2026-08-14T04:44:21.4975389Z [2mdist/[22m[2massets/[22m[32mKaTeX_Size4-Regular-Dl5lxZxV.woff2                    [39m[1m[2m    4.93 kB[22m[1m[22m
App + packages — lint · typecheck · test · build · consume	UNKNOWN STEP	2026-08-14T04:44:21.4977293Z [2mdist/[22m[2massets/[22m[32mKaTeX_Size2-Regular-Dy4dx90m.woff2                    [39m[1m[2m    5.21 kB[22m[1m[22m
App + packages — lint · typecheck · test · build · consume	UNKNOWN STEP	2026-08-14T04:44:21.4979217Z [2mdist/[22m[2massets/[22m[32mKaTeX_Size1-Regular-mCD8mA8B.woff2                    [39m[1m[2m    5.47 kB[22m[1m[22m
App + packages — lint · typecheck · test · build · consume	UNKNOWN STEP	2026-08-14T04:44:21.4981450Z [2mdist/[22m[2massets/[22m[32mKaTeX_Size4-Regular-BF-4gkZK.woff                     [39m[1m[2m    5.98 kB[22m[1m[22m
App + packages — lint · typecheck · test · build · consume	UNKNOWN STEP	2026-08-14T04:44:21.4983345Z [2mdist/[22m[2massets/[22m[32mKaTeX_Size2-Regular-oD1tc_U0.woff                     [39m[1m[2m    6.19 kB[22m[1m[22m
App + packages — lint · typecheck · test · build · consume	UNKNOWN STEP	2026-08-14T04:44:21.4985131Z [2mdist/[22m[2massets/[22m[32mKaTeX_Size1-Regular-C195tn64.woff                     [39m[1m[2m    6.50 kB[22m[1m[22m
App + packages — lint · typecheck · test · build · consume	UNKNOWN STEP	2026-08-14T04:44:21.4987051Z [2mdist/[22m[2massets/[22m[32mKaTeX_Caligraphic-Regular-Di6jR-x-.woff2              [39m[1m[2m    6.91 kB[22m[1m[22m
App + packages — lint · typecheck · test · build · consume	UNKNOWN STEP	2026-08-14T04:44:21.4988849Z [2mdist/[22m[2massets/[22m[32mKaTeX_Caligraphic-Bold-Dq_IR9rO.woff2                 [39m[1m[2m    6.91 kB[22m[1m[22m
App + packages — lint · typecheck · test · build · consume	UNKNOWN STEP	2026-08-14T04:44:21.4990703Z [2mdist/[22m[2massets/[22m[32mgeist-cyrillic-ext-wght-normal-DjL33-gN.woff2         [39m[1m[2m    7.42 kB[22m[1m[22m
App + packages — lint · typecheck · test · build · consume	UNKNOWN STEP	2026-08-14T04:44:21.4993497Z [2mdist/[22m[2massets/[22m[32mjetbrains-mono-vietnamese-wght-normal-Bt-aOZkq.woff2  [39m[1m[2m    7.50 kB[22m[1m[22m
App + packages — lint · typecheck · test · build · consume	UNKNOWN STEP	2026-08-14T04:44:21.4995436Z [2mdist/[22m[2massets/[22m[32mKaTeX_Size3-Regular-DgpXs0kz.ttf                      [39m[1m[2m    7.59 kB[22m[1m[22m
App + packages — lint · typecheck · test · build · consume	UNKNOWN STEP	2026-08-14T04:44:21.4997212Z [2mdist/[22m[2massets/[22m[32mKaTeX_Caligraphic-Regular-CTRA-rTL.woff               [39m[1m[2m    7.66 kB[22m[1m[22m
App + packages — lint · typecheck · test · build · consume	UNKNOWN STEP	2026-08-14T04:44:21.4998968Z [2mdist/[22m[2massets/[22m[32mKaTeX_Caligraphic-Bold-BEiXGLvX.woff                  [39m[1m[2m    7.72 kB[22m[1m[22m
App + packages — lint · typecheck · test · build · consume	UNKNOWN STEP	2026-08-14T04:44:21.5000885Z [2mdist/[22m[2massets/[22m[32mgeist-vietnamese-wght-normal-6IgcOCM7.woff2           [39m[1m[2m    8.00 kB[22m[1m[22m
App + packages — lint · typecheck · test · build · consume	UNKNOWN STEP	2026-08-14T04:44:21.5002491Z [2mdist/[22m[2massets/[22m[32mjetbrains-mono-greek-wght-normal-Bw9x6K1M.woff2       [39m[1m[2m    9.00 kB[22m[1m[22m
App + packages — lint · typecheck · test · build · consume	UNKNOWN STEP	2026-08-14T04:44:21.5004066Z [2mdist/[22m[2massets/[22m[32mKaTeX_Script-Regular-D3wIWfF6.woff2                   [39m[1m[2m    9.64 kB[22m[1m[22m
App + packages — lint · typecheck · test · build · consume	UNKNOWN STEP	2026-08-14T04:44:21.5005578Z [2mdist/[22m[2massets/[22m[32mKaTeX_SansSerif-Regular-DDBCnlJ7.woff2                [39m[1m[2m   10.34 kB[22m[1m[22m
App + packages — lint · typecheck · test · build · consume	UNKNOWN STEP	2026-08-14T04:44:21.5007310Z [2mdist/[22m[2massets/[22m[32mKaTeX_Size4-Regular-DWFBv043.ttf                      [39m[1m[2m   10.36 kB[22m[1m[22m
App + packages — lint · typecheck · test · build · consume	UNKNOWN STEP	2026-08-14T04:44:21.5009012Z [2mdist/[22m[2massets/[22m[32mKaTeX_Script-Regular-D5yQViql.woff                    [39m[1m[2m   10.59 kB[22m[1m[22m
App + packages — lint · typecheck · test · build · consume	UNKNOWN STEP	2026-08-14T04:44:21.5010994Z [2mdist/[22m[2massets/[22m[32mKaTeX_Fraktur-Regular-CTYiF6lA.woff2                  [39m[1m[2m   11.32 kB[22m[1m[22m
App + packages — lint · typecheck · test · build · consume	UNKNOWN STEP	2026-08-14T04:44:21.5012713Z [2mdist/[22m[2massets/[22m[32mKaTeX_Fraktur-Bold-CL6g_b3V.woff2                     [39m[1m[2m   11.35 kB[22m[1m[22m
App + packages — lint · typecheck · test · build · consume	UNKNOWN STEP	2026-08-14T04:44:21.5014397Z [2mdist/[22m[2massets/[22m[32mKaTeX_Size2-Regular-B7gKUWhC.ttf                      [39m[1m[2m   11.51 kB[22m[1m[22m
App + packages — lint · typecheck · test · build · consume	UNKNOWN STEP	2026-08-14T04:44:21.5016215Z [2mdist/[22m[2massets/[22m[32mfraunces-vietnamese-wght-normal-CnvboYUG.woff2        [39m[1m[2m   11.57 kB[22m[1m[22m
App + packages — lint · typecheck · test · build · consume	UNKNOWN STEP	2026-08-14T04:44:21.5017966Z [2mdist/[22m[2massets/[22m[32mKaTeX_SansSerif-Italic-C3H0VqGB.woff2                 [39m[1m[2m   12.03 kB[22m[1m[22m
App + packages — lint · typecheck · test · build · consume	UNKNOWN STEP	2026-08-14T04:44:21.5019795Z [2mdist/[22m[2massets/[22m[32mjetbrains-mono-cyrillic-wght-normal-D73BlboJ.woff2    [39m[1m[2m   12.11 kB[22m[1m[22m
App + packages — lint · typecheck · test · build · consume	UNKNOWN STEP	2026-08-14T04:44:21.5021639Z [2mdist/[22m[2massets/[22m[32mKaTeX_SansSerif-Bold-D1sUS0GD.woff2                   [39m[1m[2m   12.22 kB[22m[1m[22m
App + packages — lint · typecheck · test · build · consume	UNKNOWN STEP	2026-08-14T04:44:21.5023336Z [2mdist/[22m[2massets/[22m[32mKaTeX_Size1-Regular-Dbsnue_I.ttf                      [39m[1m[2m   12.23 kB[22m[1m[22m
App + packages — lint · typecheck · test · build · consume	UNKNOWN STEP	2026-08-14T04:44:21.5024955Z [2mdist/[22m[2massets/[22m[32mKaTeX_SansSerif-Regular-CS6fqUqJ.woff                 [39m[1m[2m   12.32 kB[22m[1m[22m
App + packages — lint · typecheck · test · build · consume	UNKNOWN STEP	2026-08-14T04:44:21.5026733Z [2mdist/[22m[2massets/[22m[32mKaTeX_Caligraphic-Regular-wX97UBjC.ttf                [39m[1m[2m   12.34 kB[22m[1m[22m
App + packages — lint · typecheck · test · build · consume	UNKNOWN STEP	2026-08-14T04:44:21.5028334Z [2mdist/[22m[2massets/[22m[32mKaTeX_Caligraphic-Bold-ATXxdsX0.ttf                   [39m[1m[2m   12.37 kB[22m[1m[22m
App + packages — lint · typecheck · test · build · consume	UNKNOWN STEP	2026-08-14T04:44:21.5030164Z [2mdist/[22m[2massets/[22m[32mKaTeX_Fraktur-Regular-Dxdc4cR9.woff                   [39m[1m[2m   13.21 kB[22m[1m[22m
App + packages — lint · typecheck · test · build · consume	UNKNOWN STEP	2026-08-14T04:44:21.5032005Z [2mdist/[22m[2massets/[22m[32mKaTeX_Fraktur-Bold-BsDP51OF.woff                      [39m[1m[2m   13.30 kB[22m[1m[22m
App + packages — lint · typecheck · test · build · consume	UNKNOWN STEP	2026-08-14T04:44:21.5033752Z [2mdist/[22m[2massets/[22m[32mKaTeX_Typewriter-Regular-CO6r4hn1.woff2               [39m[1m[2m   13.57 kB[22m[1m[22m
App + packages — lint · typecheck · test · build · consume	UNKNOWN STEP	2026-08-14T04:44:21.5035624Z [2mdist/[22m[2massets/[22m[32mKaTeX_SansSerif-Italic-DN2j7dab.woff                  [39m[1m[2m   14.11 kB[22m[1m[22m
App + packages — lint · typecheck · test · build · consume	UNKNOWN STEP	2026-08-14T04:44:21.5037433Z [2mdist/[22m[2massets/[22m[32mKaTeX_SansSerif-Bold-DbIhKOiC.woff                    [39m[1m[2m   14.41 kB[22m[1m[22m
App + packages — lint · typecheck · test · build · consume	UNKNOWN STEP	2026-08-14T04:44:21.5039823Z [2mdist/[22m[2massets/[22m[32mgeist-cyrillic-wght-normal-BEAKL7Jp.woff2             [39m[1m[2m   15.08 kB[22m[1m[22m
App + packages — lint · typecheck · test · build · consume	UNKNOWN STEP	2026-08-14T04:44:21.5042646Z [2mdist/[22m[2massets/[22m[32mjetbrains-mono-latin-ext-wght-normal-DBQx-q_a.woff2   [39m[1m[2m   15.20 kB[22m[1m[22m
App + packages — lint · typecheck · test · build · consume	UNKNOWN STEP	2026-08-14T04:44:21.5044822Z [2mdist/[22m[2massets/[22m[32mKaTeX_Typewriter-Regular-C0xS9mPB.woff                [39m[1m[2m   16.03 kB[22m[1m[22m
App + packages — lint · typecheck · test · build · consume	UNKNOWN STEP	2026-08-14T04:44:21.5062840Z [2mdist/[22m[2massets/[22m[32mKaTeX_Math-BoldItalic-CZnvNsCZ.woff2                  [39m[1m[2m   16.40 kB[22m[1m[22m
App + packages — lint · typecheck · test · build · consume	UNKNOWN STEP	2026-08-14T04:44:21.5064711Z [2mdist/[22m[2massets/[22m[32mKaTeX_Math-Italic-t53AETM-.woff2                      [39m[1m[2m   16.44 kB[22m[1m[22m
App + packages — lint · typecheck · test · build · consume	UNKNOWN STEP	2026-08-14T04:44:21.5066577Z [2mdist/[22m[2massets/[22m[32mgeist-latin-ext-wght-normal-DC-KSUi6.woff2            [39m[1m[2m   16.51 kB[22m[1m[22m
App + packages — lint · typecheck · test · build · consume	UNKNOWN STEP	2026-08-14T04:44:21.5068431Z [2mdist/[22m[2massets/[22m[32mKaTeX_Script-Regular-C5JkGWo-.ttf                     [39m[1m[2m   16.65 kB[22m[1m[22m
App + packages — lint · typecheck · test · build · consume	UNKNOWN STEP	2026-08-14T04:44:21.5070467Z [2mdist/[22m[2massets/[22m[32mKaTeX_Main-BoldItalic-DxDJ3AOS.woff2                  [39m[1m[2m   16.78 kB[22m[1m[22m
App + packages — lint · typecheck · test · build · consume	UNKNOWN STEP	2026-08-14T04:44:21.5072315Z [2mdist/[22m[2massets/[22m[32mKaTeX_Main-Italic-NWA7e6Wa.woff2                      [39m[1m[2m   16.99 kB[22m[1m[22m
App + packages — lint · typecheck · test · build · consume	UNKNOWN STEP	2026-08-14T04:44:21.5074117Z [2mdist/[22m[2massets/[22m[32mKaTeX_Math-BoldItalic-iY-2wyZ7.woff                   [39m[1m[2m   18.67 kB[22m[1m[22m
App + packages — lint · typecheck · test · build · consume	UNKNOWN STEP	2026-08-14T04:44:21.5075898Z [2mdist/[22m[2massets/[22m[32mKaTeX_Math-Italic-DA0__PXp.woff                       [39m[1m[2m   18.75 kB[22m[1m[22m
App + packages — lint · typecheck · test · build · consume	UNKNOWN STEP	2026-08-14T04:44:21.5077712Z [2mdist/[22m[2massets/[22m[32mKaTeX_Main-BoldItalic-SpSLRI95.woff                   [39m[1m[2m   19.41 kB[22m[1m[22m
App + packages — lint · typecheck · test · build · consume	UNKNOWN STEP	2026-08-14T04:44:21.5079594Z [2mdist/[22m[2massets/[22m[32mKaTeX_SansSerif-Regular-BNo7hRIc.ttf                  [39m[1m[2m   19.44 kB[22m[1m[22m
App + packages — lint · typecheck · test · build · consume	UNKNOWN STEP	2026-08-14T04:44:21.5081670Z [2mdist/[22m[2massets/[22m[32mKaTeX_Fraktur-Regular-CB_wures.ttf                    [39m[1m[2m   19.57 kB[22m[1m[22m
App + packages — lint · typecheck · test · build · consume	UNKNOWN STEP	2026-08-14T04:44:21.5083488Z [2mdist/[22m[2massets/[22m[32mKaTeX_Fraktur-Bold-BdnERNNW.ttf                       [39m[1m[2m   19.58 kB[22m[1m[22m
App + packages — lint · typecheck · test · build · consume	UNKNOWN STEP	2026-08-14T04:44:21.5085302Z [2mdist/[22m[2massets/[22m[32mKaTeX_Main-Italic-BMLOBm91.woff                       [39m[1m[2m   19.68 kB[22m[1m[22m
App + packages — lint · typecheck · test · build · consume	UNKNOWN STEP	2026-08-14T04:44:21.5087131Z [2mdist/[22m[2massets/[22m[32mKaTeX_SansSerif-Italic-YYjJ1zSn.ttf                   [39m[1m[2m   22.36 kB[22m[1m[22m
App + packages — lint · typecheck · test · build · consume	UNKNOWN STEP	2026-08-14T04:44:21.5088979Z [2mdist/[22m[2massets/[22m[32mKaTeX_SansSerif-Bold-CFMepnvq.ttf                     [39m[1m[2m   24.50 kB[22m[1m[22m
App + packages — lint · typecheck · test · build · consume	UNKNOWN STEP	2026-08-14T04:44:21.5090933Z [2mdist/[22m[2massets/[22m[32mKaTeX_Main-Bold-Cx986IdX.woff2                        [39m[1m[2m   25.32 kB[22m[1m[22m
App + packages — lint · typecheck · test · build · consume	UNKNOWN STEP	2026-08-14T04:44:21.5092792Z [2mdist/[22m[2massets/[22m[32mKaTeX_Main-Regular-B22Nviop.woff2                     [39m[1m[2m   26.27 kB[22m[1m[22m
App + packages — lint · typecheck · test · build · consume	UNKNOWN STEP	2026-08-14T04:44:21.5094673Z [2mdist/[22m[2massets/[22m[32mKaTeX_Typewriter-Regular-D3Ib7_Hf.ttf                 [39m[1m[2m   27.56 kB[22m[1m[22m
App + packages — lint · typecheck · test · build · consume	UNKNOWN STEP	2026-08-14T04:44:21.5096526Z [2mdist/[22m[2massets/[22m[32mKaTeX_AMS-Regular-BQhdFMY1.woff2                      [39m[1m[2m   28.08 kB[22m[1m[22m
App + packages — lint · typecheck · test · build · consume	UNKNOWN STEP	2026-08-14T04:44:21.5098415Z [2mdist/[22m[2massets/[22m[32mgeist-latin-wght-normal-BgDaEnEv.woff2                [39m[1m[2m   29.40 kB[22m[1m[22m
App + packages — lint · typecheck · test · build · consume	UNKNOWN STEP	2026-08-14T04:44:21.5100464Z [2mdist/[22m[2massets/[22m[32mKaTeX_Main-Bold-Jm3AIy58.woff                         [39m[1m[2m   29.91 kB[22m[1m[22m
App + packages — lint · typecheck · test · build · consume	UNKNOWN STEP	2026-08-14T04:44:21.5102290Z [2mdist/[22m[2massets/[22m[32mKaTeX_Main-Regular-Dr94JaBh.woff                      [39m[1m[2m   30.77 kB[22m[1m[22m
App + packages — lint · typecheck · test · build · consume	UNKNOWN STEP	2026-08-14T04:44:21.5104119Z [2mdist/[22m[2massets/[22m[32mKaTeX_Math-BoldItalic-B3XSjfu4.ttf                    [39m[1m[2m   31.20 kB[22m[1m[22m
App + packages — lint · typecheck · test · build · consume	UNKNOWN STEP	2026-08-14T04:44:21.5106221Z [2mdist/[22m[2massets/[22m[32mKaTeX_Math-Italic-flOr_0UB.ttf                        [39m[1m[2m   31.31 kB[22m[1m[22m
App + packages — lint · typecheck · test · build · consume	UNKNOWN STEP	2026-08-14T04:44:21.5108262Z [2mdist/[22m[2massets/[22m[32mKaTeX_Main-BoldItalic-DzxPMmG6.ttf                    [39m[1m[2m   32.97 kB[22m[1m[22m
App + packages — lint · typecheck · test · build · consume	UNKNOWN STEP	2026-08-14T04:44:21.5110337Z [2mdist/[22m[2massets/[22m[32mKaTeX_AMS-Regular-DMm9YOAa.woff                       [39m[1m[2m   33.52 kB[22m[1m[22m
App + packages — lint · typecheck · test · build · consume	UNKNOWN STEP	2026-08-14T04:44:21.5112162Z [2mdist/[22m[2massets/[22m[32mKaTeX_Main-Italic-3WenGoN9.ttf                        [39m[1m[2m   33.58 kB[22m[1m[22m
App + packages — lint · typecheck · test · build · consume	UNKNOWN STEP	2026-08-14T04:44:21.5114099Z [2mdist/[22m[2massets/[22m[32mfraunces-latin-ext-wght-normal-Ca2vKHc0.woff2         [39m[1m[2m   33.58 kB[22m[1m[22m
App + packages — lint · typecheck · test · build · consume	UNKNOWN STEP	2026-08-14T04:44:21.5116093Z [2mdist/[22m[2massets/[22m[32mfraunces-latin-wght-normal-ukD16Tqj.woff2             [39m[1m[2m   36.62 kB[22m[1m[22m
App + packages — lint · typecheck · test · build · consume	UNKNOWN STEP	2026-08-14T04:44:21.5118084Z [2mdist/[22m[2massets/[22m[32mjetbrains-mono-latin-wght-normal-B9CIFXIH.woff2       [39m[1m[2m   40.40 kB[22m[1m[22m
App + packages — lint · typecheck · test · build · consume	UNKNOWN STEP	2026-08-14T04:44:21.5120241Z [2mdist/[22m[2massets/[22m[32mKaTeX_Main-Bold-waoOVXN0.ttf                          [39m[1m[2m   51.34 kB[22m[1m[22m
App + packages — lint · typecheck · test · build · consume	UNKNOWN STEP	2026-08-14T04:44:21.5122117Z [2mdist/[22m[2massets/[22m[32mKaTeX_Main-Regular-ypZvNtVU.ttf                       [39m[1m[2m   53.58 kB[22m[1m[22m
App + packages — lint · typecheck · test · build · consume	UNKNOWN STEP	2026-08-14T04:44:21.5123921Z [2mdist/[22m[2massets/[22m[32mKaTeX_AMS-Regular-DRggAlZN.ttf                        [39m[1m[2m   63.63 kB[22m[1m[22m
App + packages — lint · typecheck · test · build · consume	UNKNOWN STEP	2026-08-14T04:44:21.5125687Z [2mdist/[22m[2massets/[22m[32mpdf.min-BZTU-uUE.mjs                                  [39m[1m[2m  452.30 kB[22m[1m[22m
App + packages — lint · typecheck · test · build · consume	UNKNOWN STEP	2026-08-14T04:44:21.5127431Z [2mdist/[22m[2massets/[22m[32mpdf.worker.min-DEtVeC4l.mjs                           [39m[1m[2m1,255.07 kB[22m[1m[22m
App + packages — lint · typecheck · test · build · consume	UNKNOWN STEP	2026-08-14T04:44:21.5129458Z [2mdist/[22m[2massets/[22m[35mAtlasGallery-DETporHj.css                             [39m[1m[2m    5.77 kB[22m[1m[22m[2m │ gzip:     1.51 kB[22m
App + packages — lint · typecheck · test · build · consume	UNKNOWN STEP	2026-08-14T04:44:21.5131801Z [2mdist/[22m[2massets/[22m[35mvendor-i_i93lly.css                                   [39m[1m[2m   38.70 kB[22m[1m[22m[2m │ gzip:    11.27 kB[22m
App + packages — lint · typecheck · test · build · consume	UNKNOWN STEP	2026-08-14T04:44:21.5133912Z [2mdist/[22m[2massets/[22m[35mNodeSlideInspectorPanel-YXJSOb7s.css                  [39m[1m[2m   39.18 kB[22m[1m[22m[2m │ gzip:     7.33 kB[22m
App + packages — lint · typecheck · test · build · consume	UNKNOWN STEP	2026-08-14T04:44:21.5136056Z [2mdist/[22m[2massets/[22m[35mindex-D65MrrlC.css                                    [39m[1m[2m  265.10 kB[22m[1m[22m[2m │ gzip:    43.48 kB[22m
App + packages — lint · typecheck · test · build · consume	UNKNOWN STEP	2026-08-14T04:44:21.5137137Z [33m
App + packages — lint · typecheck · test · build · consume	UNKNOWN STEP	2026-08-14T04:44:21.5137808Z (!) Some chunks are larger than 500 kB after minification. Consider:
App + packages — lint · typecheck · test · build · consume	UNKNOWN STEP	2026-08-14T04:44:21.5138691Z - Using dynamic import() to code-split the application
App + packages — lint · typecheck · test · build · consume	UNKNOWN STEP	2026-08-14T04:44:21.5140400Z - Use build.rollupOptions.output.manualChunks to improve chunking: https://rollupjs.org/configuration-options/#output-manualchunks
App + packages — lint · typecheck · test · build · consume	UNKNOWN STEP	2026-08-14T04:44:21.5142182Z - Adjust chunk size limit for this warning via build.chunkSizeWarningLimit.[39m
App + packages — lint · typecheck · test · build · consume	UNKNOWN STEP	2026-08-14T04:44:21.5144316Z [2mdist/[22m[2massets/[22m[36m__vite-browser-external-BIHI7g3E.js                   [39m[1m[2m    0.09 kB[22m[1m[22m[2m │ gzip:     0.11 kB[22m[2m │ map:      0.21 kB[22m
App + packages — lint · typecheck · test · build · consume	UNKNOWN STEP	2026-08-14T04:44:21.5146884Z [2mdist/[22m[2massets/[22m[36mPdfEvidencePage-DSO9nAqZ.js                           [39m[1m[2m    3.79 kB[22m[1m[22m[2m │ gzip:     1.62 kB[22m[2m │ map:     12.83 kB[22m
App + packages — lint · typecheck · test · build · consume	UNKNOWN STEP	2026-08-14T04:44:21.5149338Z [2mdist/[22m[2massets/[22m[36mOpenUiMaterialWorkbench-BZLrSduh.js                   [39m[1m[2m    9.13 kB[22m[1m[22m[2m │ gzip:     3.67 kB[22m[2m │ map:     31.23 kB[22m
App + packages — lint · typecheck · test · build · consume	UNKNOWN STEP	2026-08-14T04:44:21.5151969Z [2mdist/[22m[2massets/[22m[36micons-w9xsQLEE.js                                     [39m[1m[2m   52.55 kB[22m[1m[22m[2m │ gzip:    10.64 kB[22m[2m │ map:    134.03 kB[22m
App + packages — lint · typecheck · test · build · consume	UNKNOWN STEP	2026-08-14T04:44:21.5154287Z [2mdist/[22m[2massets/[22m[36mopenui-BSul19oX.js                                    [39m[1m[2m   66.40 kB[22m[1m[22m[2m │ gzip:    22.73 kB[22m[2m │ map:    243.01 kB[22m
App + packages — lint · typecheck · test · build · consume	UNKNOWN STEP	2026-08-14T04:44:21.5157113Z [2mdist/[22m[2massets/[22m[36mconvex-9eQ2tRdh.js                                    [39m[1m[2m   71.31 kB[22m[1m[22m[2m │ gzip:    20.06 kB[22m[2m │ map:    255.63 kB[22m
App + packages — lint · typecheck · test · build · consume	UNKNOWN STEP	2026-08-14T04:44:21.5159470Z [2mdist/[22m[2massets/[22m[36mzip-B6uijDVm.js                                       [39m[1m[2m   97.19 kB[22m[1m[22m[2m │ gzip:    30.17 kB[22m[2m │ map:    226.35 kB[22m
App + packages — lint · typecheck · test · build · consume	UNKNOWN STEP	2026-08-14T04:44:21.5162040Z [2mdist/[22m[2massets/[22m[36mAtlasGallery-CkwFp2yf.js                              [39m[1m[2m  127.31 kB[22m[1m[22m[2m │ gzip:    13.90 kB[22m[2m │ map:     84.69 kB[22m
App + packages — lint · typecheck · test · build · consume	UNKNOWN STEP	2026-08-14T04:44:21.5164419Z [2mdist/[22m[2massets/[22m[36mreact--jQ6XLH3.js                                     [39m[1m[2m  194.41 kB[22m[1m[22m[2m │ gzip:    60.80 kB[22m[2m │ map:    909.61 kB[22m
App + packages — lint · typecheck · test · build · consume	UNKNOWN STEP	2026-08-14T04:44:21.5166837Z [2mdist/[22m[2massets/[22m[36mNodeSlideInspectorPanel-DlNwj53k.js                   [39m[1m[2m  235.50 kB[22m[1m[22m[2m │ gzip:    67.23 kB[22m[2m │ map:    811.03 kB[22m
App + packages — lint · typecheck · test · build · consume	UNKNOWN STEP	2026-08-14T04:44:21.5169293Z [2mdist/[22m[2massets/[22m[36mindex-CHzBZRzx.js                                     [39m[1m[2m  445.07 kB[22m[1m[22m[2m │ gzip:   136.22 kB[22m[2m │ map:  1,694.13 kB[22m
App + packages — lint · typecheck · test · build · consume	UNKNOWN STEP	2026-08-14T04:44:21.5171769Z [2mdist/[22m[2massets/[22m[36mvendor-bYRT-qYK.js                                    [39m[1m[33m5,052.25 kB[39m[22m[2m │ gzip: 1,471.42 kB[22m[2m │ map: 19,196.54 kB[22m
App + packages — lint · typecheck · test · build · consume	UNKNOWN STEP	2026-08-14T04:44:21.5173047Z [32m✓ built in 25.25s[39m
App + packages — lint · typecheck · test · build · consume	UNKNOWN STEP	2026-08-14T04:44:21.8341299Z ##[group]Run npm run packages:consumer:smoke
App + packages — lint · typecheck · test · build · consume	UNKNOWN STEP	2026-08-14T04:44:21.8341682Z [36;1mnpm run packages:consumer:smoke[0m
App + packages — lint · typecheck · test · build · consume	UNKNOWN STEP	2026-08-14T04:44:21.8378158Z shell: /usr/bin/bash -e {0}
App + packages — lint · typecheck · test · build · consume	UNKNOWN STEP	2026-08-14T04:44:21.8378439Z ##[endgroup]
App + packages — lint · typecheck · test · build · consume	UNKNOWN STEP	2026-08-14T04:44:21.9375820Z 
App + packages — lint · typecheck · test · build · consume	UNKNOWN STEP	2026-08-14T04:44:21.9376468Z > nodeslide@0.1.0 packages:consumer:smoke
App + packages — lint · typecheck · test · build · consume	UNKNOWN STEP	2026-08-14T04:44:21.9377168Z > node scripts/package-consumer-smoke.mjs
App + packages — lint · typecheck · test · build · consume	UNKNOWN STEP	2026-08-14T04:44:21.9377508Z 
App + packages — lint · typecheck · test · build · consume	UNKNOWN STEP	2026-08-14T04:44:35.5511271Z {"ok":true,"proposalVersion":1,"acceptedVersion":2,"authorizationBound":true,"headless":true,"typesChecked":true,"rendered":true,"cssExported":true,"httpAdapter":true,"migrationCount":2,"packedComponentMounted":true,"registrySource":true,"cliPlan":true,"agentProposal":true}
App + packages — lint · typecheck · test · build · consume	UNKNOWN STEP	2026-08-14T04:44:35.6625512Z ##[group]Run npm run proof:external-agent
App + packages — lint · typecheck · test · build · consume	UNKNOWN STEP	2026-08-14T04:44:35.6626195Z [36;1mnpm run proof:external-agent[0m
App + packages — lint · typecheck · test · build · consume	UNKNOWN STEP	2026-08-14T04:44:35.6679726Z shell: /usr/bin/bash -e {0}
App + packages — lint · typecheck · test · build · consume	UNKNOWN STEP	2026-08-14T04:44:35.6680431Z ##[endgroup]
App + packages — lint · typecheck · test · build · consume	UNKNOWN STEP	2026-08-14T04:44:35.7685781Z 
App + packages — lint · typecheck · test · build · consume	UNKNOWN STEP	2026-08-14T04:44:35.7686526Z > nodeslide@0.1.0 proof:external-agent
App + packages — lint · typecheck · test · build · consume	UNKNOWN STEP	2026-08-14T04:44:35.7687421Z > node scripts/smoke-external-agent-package.mjs
App + packages — lint · typecheck · test · build · consume	UNKNOWN STEP	2026-08-14T04:44:35.7687974Z 
App + packages — lint · typecheck · test · build · consume	UNKNOWN STEP	2026-08-14T04:45:00.4747315Z {"ok":true,"proof":"external-agent-and-mcp-tarball-consumer","packages":["@nodeslide/external-agent@0.2.2","@nodeslide/recipelang@0.2.2","nodeslide-mcp@0.2.2"],"commands":["--help","inspect","propose","apply","recipelang verify-alignment","nodeslide-mcp --help"],"resultingDeckVersion":2,"recipeAlignmentPassed":true}
App + packages — lint · typecheck · test · build · consume	UNKNOWN STEP	2026-08-14T04:45:00.9597190Z ##[group]Run npx playwright install --with-deps chromium
App + packages — lint · typecheck · test · build · consume	UNKNOWN STEP	2026-08-14T04:45:00.9597640Z [36;1mnpx playwright install --with-deps chromium[0m
App + packages — lint · typecheck · test · build · consume	UNKNOWN STEP	2026-08-14T04:45:00.9633700Z shell: /usr/bin/bash -e {0}
App + packages — lint · typecheck · test · build · consume	UNKNOWN STEP	2026-08-14T04:45:00.9633949Z ##[endgroup]
App + packages — lint · typecheck · test · build · consume	UNKNOWN STEP	2026-08-14T04:45:01.7688978Z Installing dependencies...
App + packages — lint · typecheck · test · build · consume	UNKNOWN STEP	2026-08-14T04:45:01.7765227Z Switching to root user to install dependencies...
App + packages — lint · typecheck · test · build · consume	UNKNOWN STEP	2026-08-14T04:45:01.9178812Z Get:1 file:/etc/apt/apt-mirrors.txt Mirrorlist [144 B]
App + packages — lint · typecheck · test · build · consume	UNKNOWN STEP	2026-08-14T04:45:01.9706347Z Hit:2 http://azure.archive.ubuntu.com/ubuntu noble InRelease
App + packages — lint · typecheck · test · build · consume	UNKNOWN STEP	2026-08-14T04:45:01.9708070Z Get:6 https://packages.microsoft.com/repos/azure-cli noble InRelease [3564 B]
App + packages — lint · typecheck · test · build · consume	UNKNOWN STEP	2026-08-14T04:45:01.9755481Z Get:7 https://packages.microsoft.com/ubuntu/24.04/prod noble InRelease [3600 B]
App + packages — lint · typecheck · test · build · consume	UNKNOWN STEP	2026-08-14T04:45:01.9809057Z Get:3 http://azure.archive.ubuntu.com/ubuntu noble-updates InRelease [126 kB]
App + packages — lint · typecheck · test · build · consume	UNKNOWN STEP	2026-08-14T04:45:01.9886834Z Get:4 http://azure.archive.ubuntu.com/ubuntu noble-backports InRelease [126 kB]
App + packages — lint · typecheck · test · build · consume	UNKNOWN STEP	2026-08-14T04:45:01.9953478Z Get:5 http://azure.archive.ubuntu.com/ubuntu noble-security InRelease [126 kB]
App + packages — lint · typecheck · test · build · consume	UNKNOWN STEP	2026-08-14T04:45:02.0236501Z Get:8 https://dl.google.com/linux/chrome-stable/deb stable InRelease [2548 B]
App + packages — lint · typecheck · test · build · consume	UNKNOWN STEP	2026-08-14T04:45:02.1843374Z Get:9 https://packages.microsoft.com/repos/azure-cli noble/main amd64 Packages [2452 B]
App + packages — lint · typecheck · test · build · consume	UNKNOWN STEP	2026-08-14T04:45:02.2173795Z Get:10 https://packages.microsoft.com/ubuntu/24.04/prod noble/main armhf Packages [12.3 kB]
App + packages — lint · typecheck · test · build · consume	UNKNOWN STEP	2026-08-14T04:45:02.2208841Z Get:11 https://packages.microsoft.com/ubuntu/24.04/prod noble/main arm64 Packages [280 kB]
App + packages — lint · typecheck · test · build · consume	UNKNOWN STEP	2026-08-14T04:45:02.2264306Z Get:12 https://packages.microsoft.com/ubuntu/24.04/prod noble/main amd64 Packages [321 kB]
App + packages — lint · typecheck · test · build · consume	UNKNOWN STEP	2026-08-14T04:45:02.2655276Z Get:13 http://azure.archive.ubuntu.com/ubuntu noble-updates/main amd64 Packages [1191 kB]
App + packages — lint · typecheck · test · build · consume	UNKNOWN STEP	2026-08-14T04:45:02.2751928Z Get:14 http://azure.archive.ubuntu.com/ubuntu noble-updates/main Translation-en [282 kB]
App + packages — lint · typecheck · test · build · consume	UNKNOWN STEP	2026-08-14T04:45:02.2781669Z Get:15 http://azure.archive.ubuntu.com/ubuntu noble-updates/main amd64 Components [180 kB]
App + packages — lint · typecheck · test · build · consume	UNKNOWN STEP	2026-08-14T04:45:02.2799081Z Get:16 http://azure.archive.ubuntu.com/ubuntu noble-updates/universe amd64 Packages [1683 kB]
App + packages — lint · typecheck · test · build · consume	UNKNOWN STEP	2026-08-14T04:45:02.2894403Z Get:17 http://azure.archive.ubuntu.com/ubuntu noble-updates/universe Translation-en [335 kB]
App + packages — lint · typecheck · test · build · consume	UNKNOWN STEP	2026-08-14T04:45:02.2921969Z Get:18 http://azure.archive.ubuntu.com/ubuntu noble-updates/universe amd64 Components [388 kB]
App + packages — lint · typecheck · test · build · consume	UNKNOWN STEP	2026-08-14T04:45:02.2955523Z Get:19 http://azure.archive.ubuntu.com/ubuntu noble-updates/restricted amd64 Packages [1424 kB]
App + packages — lint · typecheck · test · build · consume	UNKNOWN STEP	2026-08-14T04:45:02.3044226Z Get:20 http://azure.archive.ubuntu.com/ubuntu noble-updates/restricted Translation-en [323 kB]
App + packages — lint · typecheck · test · build · consume	UNKNOWN STEP	2026-08-14T04:45:02.3069268Z Get:21 http://azure.archive.ubuntu.com/ubuntu noble-updates/multiverse Translation-en [12.6 kB]
App + packages — lint · typecheck · test · build · consume	UNKNOWN STEP	2026-08-14T04:45:02.3078901Z Get:22 http://azure.archive.ubuntu.com/ubuntu noble-updates/multiverse amd64 Components [940 B]
App + packages — lint · typecheck · test · build · consume	UNKNOWN STEP	2026-08-14T04:45:02.3676561Z Get:23 http://azure.archive.ubuntu.com/ubuntu noble-backports/main amd64 Components [5768 B]
App + packages — lint · typecheck · test · build · consume	UNKNOWN STEP	2026-08-14T04:45:02.3692949Z Get:24 http://azure.archive.ubuntu.com/ubuntu noble-backports/universe amd64 Components [12.6 kB]
App + packages — lint · typecheck · test · build · consume	UNKNOWN STEP	2026-08-14T04:45:02.3721166Z Get:25 http://azure.archive.ubuntu.com/ubuntu noble-security/main amd64 Packages [934 kB]
App + packages — lint · typecheck · test · build · consume	UNKNOWN STEP	2026-08-14T04:45:02.3767730Z Get:26 http://azure.archive.ubuntu.com/ubuntu noble-security/main Translation-en [202 kB]
App + packages — lint · typecheck · test · build · consume	UNKNOWN STEP	2026-08-14T04:45:02.3797692Z Get:27 http://azure.archive.ubuntu.com/ubuntu noble-security/main amd64 Components [46.3 kB]
App + packages — lint · typecheck · test · build · consume	UNKNOWN STEP	2026-08-14T04:45:02.3811645Z Get:28 http://azure.archive.ubuntu.com/ubuntu noble-security/universe amd64 Packages [1201 kB]
App + packages — lint · typecheck · test · build · consume	UNKNOWN STEP	2026-08-14T04:45:02.3865533Z Get:29 http://azure.archive.ubuntu.com/ubuntu noble-security/universe Translation-en [240 kB]
App + packages — lint · typecheck · test · build · consume	UNKNOWN STEP	2026-08-14T04:45:02.3887259Z Get:30 http://azure.archive.ubuntu.com/ubuntu noble-security/universe amd64 Components [76.3 kB]
App + packages — lint · typecheck · test · build · consume	UNKNOWN STEP	2026-08-14T04:45:02.3904057Z Get:31 http://azure.archive.ubuntu.com/ubuntu noble-security/restricted amd64 Packages [1329 kB]
App + packages — lint · typecheck · test · build · consume	UNKNOWN STEP	2026-08-14T04:45:02.3978339Z Get:32 http://azure.archive.ubuntu.com/ubuntu noble-security/restricted Translation-en [304 kB]
App + packages — lint · typecheck · test · build · consume	UNKNOWN STEP	2026-08-14T04:45:02.4006354Z Get:33 http://azure.archive.ubuntu.com/ubuntu noble-security/multiverse Translation-en [10.9 kB]
App + packages — lint · typecheck · test · build · consume	UNKNOWN STEP	2026-08-14T04:45:02.4644456Z Get:34 https://dl.google.com/linux/chrome-stable/deb stable/main amd64 Packages [1413 B]
App + packages — lint · typecheck · test · build · consume	UNKNOWN STEP	2026-08-14T04:45:10.1893487Z Fetched 11.2 MB in 1s (7917 kB/s)
App + packages — lint · typecheck · test · build · consume	UNKNOWN STEP	2026-08-14T04:45:10.9411613Z Reading package lists...
App + packages — lint · typecheck · test · build · consume	UNKNOWN STEP	2026-08-14T04:45:10.9668476Z Reading package lists...
App + packages — lint · typecheck · test · build · consume	UNKNOWN STEP	2026-08-14T04:45:11.1501407Z Building dependency tree...
App + packages — lint · typecheck · test · build · consume	UNKNOWN STEP	2026-08-14T04:45:11.1508904Z Reading state information...
App + packages — lint · typecheck · test · build · consume	UNKNOWN STEP	2026-08-14T04:45:11.2916779Z libasound2t64 is already the newest version (1.2.11-1ubuntu0.3).
App + packages — lint · typecheck · test · build · consume	UNKNOWN STEP	2026-08-14T04:45:11.2919571Z libasound2t64 set to manually installed.
App + packages — lint · typecheck · test · build · consume	UNKNOWN STEP	2026-08-14T04:45:11.2920752Z libatk-bridge2.0-0t64 is already the newest version (2.52.0-1build1).
App + packages — lint · typecheck · test · build · consume	UNKNOWN STEP	2026-08-14T04:45:11.2921527Z libatk-bridge2.0-0t64 set to manually installed.
App + packages — lint · typecheck · test · build · consume	UNKNOWN STEP	2026-08-14T04:45:11.2922571Z libatk1.0-0t64 is already the newest version (2.52.0-1build1).
App + packages — lint · typecheck · test · build · consume	UNKNOWN STEP	2026-08-14T04:45:11.2923015Z libatk1.0-0t64 set to manually installed.
App + packages — lint · typecheck · test · build · consume	UNKNOWN STEP	2026-08-14T04:45:11.2923446Z libatspi2.0-0t64 is already the newest version (2.52.0-1build1).
App + packages — lint · typecheck · test · build · consume	UNKNOWN STEP	2026-08-14T04:45:11.2923863Z libatspi2.0-0t64 set to manually installed.
App + packages — lint · typecheck · test · build · consume	UNKNOWN STEP	2026-08-14T04:45:11.2924282Z libcairo2 is already the newest version (1.18.0-3build1).
App + packages — lint · typecheck · test · build · consume	UNKNOWN STEP	2026-08-14T04:45:11.2924687Z libcairo2 set to manually installed.
App + packages — lint · typecheck · test · build · consume	UNKNOWN STEP	2026-08-14T04:45:11.2925112Z libcups2t64 is already the newest version (2.4.7-1.2ubuntu7.14).
App + packages — lint · typecheck · test · build · consume	UNKNOWN STEP	2026-08-14T04:45:11.2925541Z libcups2t64 set to manually installed.
App + packages — lint · typecheck · test · build · consume	UNKNOWN STEP	2026-08-14T04:45:11.2925987Z libdbus-1-3 is already the newest version (1.14.10-4ubuntu4.1).
App + packages — lint · typecheck · test · build · consume	UNKNOWN STEP	2026-08-14T04:45:11.2926383Z libdbus-1-3 set to manually installed.
App + packages — lint · typecheck · test · build · consume	UNKNOWN STEP	2026-08-14T04:45:11.2926814Z libdrm2 is already the newest version (2.4.125-1ubuntu0.1~24.04.2).
App + packages — lint · typecheck · test · build · consume	UNKNOWN STEP	2026-08-14T04:45:11.2927232Z libdrm2 set to manually installed.
App + packages — lint · typecheck · test · build · consume	UNKNOWN STEP	2026-08-14T04:45:11.2927629Z libgbm1 is already the newest version (25.2.8-0ubuntu0.24.04.2).
App + packages — lint · typecheck · test · build · consume	UNKNOWN STEP	2026-08-14T04:45:11.2928018Z libgbm1 set to manually installed.
App + packages — lint · typecheck · test · build · consume	UNKNOWN STEP	2026-08-14T04:45:11.2928418Z libglib2.0-0t64 is already the newest version (2.80.0-6ubuntu3.8).
App + packages — lint · typecheck · test · build · consume	UNKNOWN STEP	2026-08-14T04:45:11.2928834Z libglib2.0-0t64 set to manually installed.
App + packages — lint · typecheck · test · build · consume	UNKNOWN STEP	2026-08-14T04:45:11.2929250Z libnspr4 is already the newest version (2:4.35-1.1build1).
App + packages — lint · typecheck · test · build · consume	UNKNOWN STEP	2026-08-14T04:45:11.2929632Z libnspr4 set to manually installed.
App + packages — lint · typecheck · test · build · consume	UNKNOWN STEP	2026-08-14T04:45:11.2930424Z libnss3 is already the newest version (2:3.98-1ubuntu0.2).
App + packages — lint · typecheck · test · build · consume	UNKNOWN STEP	2026-08-14T04:45:11.2930817Z libnss3 set to manually installed.
App + packages — lint · typecheck · test · build · consume	UNKNOWN STEP	2026-08-14T04:45:11.2931237Z libpango-1.0-0 is already the newest version (1.52.1+ds-1build1).
App + packages — lint · typecheck · test · build · consume	UNKNOWN STEP	2026-08-14T04:45:11.2931649Z libpango-1.0-0 set to manually installed.
App + packages — lint · typecheck · test · build · consume	UNKNOWN STEP	2026-08-14T04:45:11.2932042Z libx11-6 is already the newest version (2:1.8.7-1build1).
App + packages — lint · typecheck · test · build · consume	UNKNOWN STEP	2026-08-14T04:45:11.2932405Z libx11-6 set to manually installed.
App + packages — lint · typecheck · test · build · consume	UNKNOWN STEP	2026-08-14T04:45:11.2932772Z libxcb1 is already the newest version (1.15-1ubuntu2).
App + packages — lint · typecheck · test · build · consume	UNKNOWN STEP	2026-08-14T04:45:11.2933125Z libxcb1 set to manually installed.
App + packages — lint · typecheck · test · build · consume	UNKNOWN STEP	2026-08-14T04:45:11.2933534Z libxcomposite1 is already the newest version (1:0.4.5-1build3).
App + packages — lint · typecheck · test · build · consume	UNKNOWN STEP	2026-08-14T04:45:11.2933939Z libxcomposite1 set to manually installed.
App + packages — lint · typecheck · test · build · consume	UNKNOWN STEP	2026-08-14T04:45:11.2934341Z libxdamage1 is already the newest version (1:1.1.6-1build1).
App + packages — lint · typecheck · test · build · consume	UNKNOWN STEP	2026-08-14T04:45:11.2934732Z libxdamage1 set to manually installed.
App + packages — lint · typecheck · test · build · consume	UNKNOWN STEP	2026-08-14T04:45:11.2935110Z libxext6 is already the newest version (2:1.3.4-1build2).
App + packages — lint · typecheck · test · build · consume	UNKNOWN STEP	2026-08-14T04:45:11.2935473Z libxext6 set to manually installed.
App + packages — lint · typecheck · test · build · consume	UNKNOWN STEP	2026-08-14T04:45:11.2935848Z libxfixes3 is already the newest version (1:6.0.0-2build1).
App + packages — lint · typecheck · test · build · consume	UNKNOWN STEP	2026-08-14T04:45:11.2936228Z libxfixes3 set to manually installed.
App + packages — lint · typecheck · test · build · consume	UNKNOWN STEP	2026-08-14T04:45:11.2936619Z libxkbcommon0 is already the newest version (1.6.0-1build1).
App + packages — lint · typecheck · test · build · consume	UNKNOWN STEP	2026-08-14T04:45:11.2937007Z libxkbcommon0 set to manually installed.
App + packages — lint · typecheck · test · build · consume	UNKNOWN STEP	2026-08-14T04:45:11.2937402Z libxrandr2 is already the newest version (2:1.5.2-2build1).
App + packages — lint · typecheck · test · build · consume	UNKNOWN STEP	2026-08-14T04:45:11.2937774Z libxrandr2 set to manually installed.
App + packages — lint · typecheck · test · build · consume	UNKNOWN STEP	2026-08-14T04:45:11.2938292Z xvfb is already the newest version (2:21.1.12-1ubuntu1.6).
App + packages — lint · typecheck · test · build · consume	UNKNOWN STEP	2026-08-14T04:45:11.2939445Z fonts-noto-color-emoji is already the newest version (2.047-0ubuntu0.24.04.1).
App + packages — lint · typecheck · test · build · consume	UNKNOWN STEP	2026-08-14T04:45:11.2940332Z libfontconfig1 is already the newest version (2.15.0-1.1ubuntu2).
App + packages — lint · typecheck · test · build · consume	UNKNOWN STEP	2026-08-14T04:45:11.2940765Z libfontconfig1 set to manually installed.
App + packages — lint · typecheck · test · build · consume	UNKNOWN STEP	2026-08-14T04:45:11.2941217Z libfreetype6 is already the newest version (2.13.2+dfsg-1ubuntu0.1).
App + packages — lint · typecheck · test · build · consume	UNKNOWN STEP	2026-08-14T04:45:11.2941640Z libfreetype6 set to manually installed.
App + packages — lint · typecheck · test · build · consume	UNKNOWN STEP	2026-08-14T04:45:11.2942060Z fonts-liberation is already the newest version (1:2.1.5-3).
App + packages — lint · typecheck · test · build · consume	UNKNOWN STEP	2026-08-14T04:45:11.2942484Z fonts-liberation set to manually installed.
App + packages — lint · typecheck · test · build · consume	UNKNOWN STEP	2026-08-14T04:45:11.2942889Z The following additional packages will be installed:
App + packages — lint · typecheck · test · build · consume	UNKNOWN STEP	2026-08-14T04:45:11.2943248Z   xfonts-encodings xfonts-utils
App + packages — lint · typecheck · test · build · consume	UNKNOWN STEP	2026-08-14T04:45:11.2943527Z Recommended packages:
App + packages — lint · typecheck · test · build · consume	UNKNOWN STEP	2026-08-14T04:45:11.2943802Z   fonts-ipafont-mincho fonts-tlwg-loma
App + packages — lint · typecheck · test · build · consume	UNKNOWN STEP	2026-08-14T04:45:11.3407017Z The following NEW packages will be installed:
App + packages — lint · typecheck · test · build · consume	UNKNOWN STEP	2026-08-14T04:45:11.3408424Z   fonts-freefont-ttf fonts-ipafont-gothic fonts-tlwg-loma-otf fonts-unifont
App + packages — lint · typecheck · test · build · consume	UNKNOWN STEP	2026-08-14T04:45:11.3415730Z   fonts-wqy-zenhei xfonts-cyrillic xfonts-encodings xfonts-scalable
App + packages — lint · typecheck · test · build · consume	UNKNOWN STEP	2026-08-14T04:45:11.3416804Z   xfonts-utils
App + packages — lint · typecheck · test · build · consume	UNKNOWN STEP	2026-08-14T04:45:11.3586102Z 0 upgraded, 9 newly installed, 0 to remove and 8 not upgraded.
App + packages — lint · typecheck · test · build · consume	UNKNOWN STEP	2026-08-14T04:45:11.3586885Z Need to get 21.1 MB of archives.
App + packages — lint · typecheck · test · build · consume	UNKNOWN STEP	2026-08-14T04:45:11.3587669Z After this operation, 79.5 MB of additional disk space will be used.
App + packages — lint · typecheck · test · build · consume	UNKNOWN STEP	2026-08-14T04:45:11.3588578Z Get:1 file:/etc/apt/apt-mirrors.txt Mirrorlist [144 B]
App + packages — lint · typecheck · test · build · consume	UNKNOWN STEP	2026-08-14T04:45:11.4500461Z Get:2 http://azure.archive.ubuntu.com/ubuntu noble/universe amd64 fonts-ipafont-gothic all 00303-21ubuntu1 [3513 kB]
App + packages — lint · typecheck · test · build · consume	UNKNOWN STEP	2026-08-14T04:45:11.6132466Z Get:3 http://azure.archive.ubuntu.com/ubuntu noble/main amd64 fonts-freefont-ttf all 20211204+svn4273-2 [5641 kB]
App + packages — lint · typecheck · test · build · consume	UNKNOWN STEP	2026-08-14T04:45:11.9127178Z Get:4 http://azure.archive.ubuntu.com/ubuntu noble/universe amd64 fonts-tlwg-loma-otf all 1:0.7.3-1 [107 kB]
App + packages — lint · typecheck · test · build · consume	UNKNOWN STEP	2026-08-14T04:45:11.9884030Z Get:5 http://azure.archive.ubuntu.com/ubuntu noble/universe amd64 fonts-unifont all 1:15.1.01-1build1 [2993 kB]
App + packages — lint · typecheck · test · build · consume	UNKNOWN STEP	2026-08-14T04:45:12.3525969Z Get:6 http://azure.archive.ubuntu.com/ubuntu noble/universe amd64 fonts-wqy-zenhei all 0.9.45-8 [7472 kB]
App + packages — lint · typecheck · test · build · consume	UNKNOWN STEP	2026-08-14T04:45:12.8036037Z Get:7 http://azure.archive.ubuntu.com/ubuntu noble/main amd64 xfonts-encodings all 1:1.0.5-0ubuntu2 [578 kB]
App + packages — lint · typecheck · test · build · consume	UNKNOWN STEP	2026-08-14T04:45:12.9501233Z Get:8 http://azure.archive.ubuntu.com/ubuntu noble/main amd64 xfonts-utils amd64 1:7.7+6build3 [94.4 kB]
App + packages — lint · typecheck · test · build · consume	UNKNOWN STEP	2026-08-14T04:45:13.0244208Z Get:9 http://azure.archive.ubuntu.com/ubuntu noble/universe amd64 xfonts-cyrillic all 1:1.0.5+nmu1 [384 kB]
App + packages — lint · typecheck · test · build · consume	UNKNOWN STEP	2026-08-14T04:45:13.1702629Z Get:10 http://azure.archive.ubuntu.com/ubuntu noble/main amd64 xfonts-scalable all 1:1.0.3-1.3 [304 kB]
App + packages — lint · typecheck · test · build · consume	UNKNOWN STEP	2026-08-14T04:45:13.4491460Z Fetched 21.1 MB in 2s (11.6 MB/s)
App + packages — lint · typecheck · test · build · consume	UNKNOWN STEP	2026-08-14T04:45:13.5250165Z Selecting previously unselected package fonts-ipafont-gothic.
App + packages — lint · typecheck · test · build · consume	UNKNOWN STEP	2026-08-14T04:45:13.6455136Z (Reading database ... 
App + packages — lint · typecheck · test · build · consume	UNKNOWN STEP	2026-08-14T04:45:13.6455968Z (Reading database ... 5%
App + packages — lint · typecheck · test · build · consume	UNKNOWN STEP	2026-08-14T04:45:13.6456997Z (Reading database ... 10%
App + packages — lint · typecheck · test · build · consume	UNKNOWN STEP	2026-08-14T04:45:13.6457471Z (Reading database ... 15%
App + packages — lint · typecheck · test · build · consume	UNKNOWN STEP	2026-08-14T04:45:13.6457894Z (Reading database ... 20%
App + packages — lint · typecheck · test · build · consume	UNKNOWN STEP	2026-08-14T04:45:13.6458291Z (Reading database ... 25%
App + packages — lint · typecheck · test · build · consume	UNKNOWN STEP	2026-08-14T04:45:13.6458682Z (Reading database ... 30%
App + packages — lint · typecheck · test · build · consume	UNKNOWN STEP	2026-08-14T04:45:13.6459066Z (Reading database ... 35%
App + packages — lint · typecheck · test · build · consume	UNKNOWN STEP	2026-08-14T04:45:13.6459449Z (Reading database ... 40%
App + packages — lint · typecheck · test · build · consume	UNKNOWN STEP	2026-08-14T04:45:13.6460022Z (Reading database ... 45%
App + packages — lint · typecheck · test · build · consume	UNKNOWN STEP	2026-08-14T04:45:13.6460412Z (Reading database ... 50%
App + packages — lint · typecheck · test · build · consume	UNKNOWN STEP	2026-08-14T04:45:13.6556098Z (Reading database ... 55%
App + packages — lint · typecheck · test · build · consume	UNKNOWN STEP	2026-08-14T04:45:14.0996896Z (Reading database ... 60%
App + packages — lint · typecheck · test · build · consume	UNKNOWN STEP	2026-08-14T04:45:14.4442183Z (Reading database ... 65%
App + packages — lint · typecheck · test · build · consume	UNKNOWN STEP	2026-08-14T04:45:14.8013031Z (Reading database ... 70%
App + packages — lint · typecheck · test · build · consume	UNKNOWN STEP	2026-08-14T04:45:15.2424998Z (Reading database ... 75%
App + packages — lint · typecheck · test · build · consume	UNKNOWN STEP	2026-08-14T04:45:15.7194323Z (Reading database ... 80%
App + packages — lint · typecheck · test · build · consume	UNKNOWN STEP	2026-08-14T04:45:16.5805259Z (Reading database ... 85%
App + packages — lint · typecheck · test · build · consume	UNKNOWN STEP	2026-08-14T04:45:17.5781500Z (Reading database ... 90%
App + packages — lint · typecheck · test · build · consume	UNKNOWN STEP	2026-08-14T04:45:18.6196139Z (Reading database ... 95%
App + packages — lint · typecheck · test · build · consume	UNKNOWN STEP	2026-08-14T04:45:18.6196732Z (Reading database ... 100%
App + packages — lint · typecheck · test · build · consume	UNKNOWN STEP	2026-08-14T04:45:18.6197726Z (Reading database ... 203139 files and directories currently installed.)
App + packages — lint · typecheck · test · build · consume	UNKNOWN STEP	2026-08-14T04:45:18.6313882Z Preparing to unpack .../0-fonts-ipafont-gothic_00303-21ubuntu1_all.deb ...
App + packages — lint · typecheck · test · build · consume	UNKNOWN STEP	2026-08-14T04:45:18.6487186Z Unpacking fonts-ipafont-gothic (00303-21ubuntu1) ...
App + packages — lint · typecheck · test · build · consume	UNKNOWN STEP	2026-08-14T04:45:18.8763359Z Selecting previously unselected package fonts-freefont-ttf.
App + packages — lint · typecheck · test · build · consume	UNKNOWN STEP	2026-08-14T04:45:18.8894621Z Preparing to unpack .../1-fonts-freefont-ttf_20211204+svn4273-2_all.deb ...
App + packages — lint · typecheck · test · build · consume	UNKNOWN STEP	2026-08-14T04:45:18.8903286Z Unpacking fonts-freefont-ttf (20211204+svn4273-2) ...
App + packages — lint · typecheck · test · build · consume	UNKNOWN STEP	2026-08-14T04:45:18.9680308Z Selecting previously unselected package fonts-tlwg-loma-otf.
App + packages — lint · typecheck · test · build · consume	UNKNOWN STEP	2026-08-14T04:45:18.9808931Z Preparing to unpack .../2-fonts-tlwg-loma-otf_1%3a0.7.3-1_all.deb ...
App + packages — lint · typecheck · test · build · consume	UNKNOWN STEP	2026-08-14T04:45:18.9825021Z Unpacking fonts-tlwg-loma-otf (1:0.7.3-1) ...
App + packages — lint · typecheck · test · build · consume	UNKNOWN STEP	2026-08-14T04:45:19.0140022Z Selecting previously unselected package fonts-unifont.
App + packages — lint · typecheck · test · build · consume	UNKNOWN STEP	2026-08-14T04:45:19.0267841Z Preparing to unpack .../3-fonts-unifont_1%3a15.1.01-1build1_all.deb ...
App + packages — lint · typecheck · test · build · consume	UNKNOWN STEP	2026-08-14T04:45:19.0279345Z Unpacking fonts-unifont (1:15.1.01-1build1) ...
App + packages — lint · typecheck · test · build · consume	UNKNOWN STEP	2026-08-14T04:45:19.1343762Z Selecting previously unselected package fonts-wqy-zenhei.
App + packages — lint · typecheck · test · build · consume	UNKNOWN STEP	2026-08-14T04:45:19.1473722Z Preparing to unpack .../4-fonts-wqy-zenhei_0.9.45-8_all.deb ...
App + packages — lint · typecheck · test · build · consume	UNKNOWN STEP	2026-08-14T04:45:19.1582008Z Unpacking fonts-wqy-zenhei (0.9.45-8) ...
App + packages — lint · typecheck · test · build · consume	UNKNOWN STEP	2026-08-14T04:45:19.6262009Z Selecting previously unselected package xfonts-encodings.
App + packages — lint · typecheck · test · build · consume	UNKNOWN STEP	2026-08-14T04:45:19.6389228Z Preparing to unpack .../5-xfonts-encodings_1%3a1.0.5-0ubuntu2_all.deb ...
App + packages — lint · typecheck · test · build · consume	UNKNOWN STEP	2026-08-14T04:45:19.6398441Z Unpacking xfonts-encodings (1:1.0.5-0ubuntu2) ...
App + packages — lint · typecheck · test · build · consume	UNKNOWN STEP	2026-08-14T04:45:19.6703251Z Selecting previously unselected package xfonts-utils.
App + packages — lint · typecheck · test · build · consume	UNKNOWN STEP	2026-08-14T04:45:19.6831234Z Preparing to unpack .../6-xfonts-utils_1%3a7.7+6build3_amd64.deb ...
App + packages — lint · typecheck · test · build · consume	UNKNOWN STEP	2026-08-14T04:45:19.6843181Z Unpacking xfonts-utils (1:7.7+6build3) ...
App + packages — lint · typecheck · test · build · consume	UNKNOWN STEP	2026-08-14T04:45:19.7738705Z Selecting previously unselected package xfonts-cyrillic.
App + packages — lint · typecheck · test · build · consume	UNKNOWN STEP	2026-08-14T04:45:19.7865075Z Preparing to unpack .../7-xfonts-cyrillic_1%3a1.0.5+nmu1_all.deb ...
App + packages — lint · typecheck · test · build · consume	UNKNOWN STEP	2026-08-14T04:45:19.7874516Z Unpacking xfonts-cyrillic (1:1.0.5+nmu1) ...
App + packages — lint · typecheck · test · build · consume	UNKNOWN STEP	2026-08-14T04:45:19.8212838Z Selecting previously unselected package xfonts-scalable.
App + packages — lint · typecheck · test · build · consume	UNKNOWN STEP	2026-08-14T04:45:19.8341641Z Preparing to unpack .../8-xfonts-scalable_1%3a1.0.3-1.3_all.deb ...
App + packages — lint · typecheck · test · build · consume	UNKNOWN STEP	2026-08-14T04:45:19.8350785Z Unpacking xfonts-scalable (1:1.0.3-1.3) ...
App + packages — lint · typecheck · test · build · consume	UNKNOWN STEP	2026-08-14T04:45:19.8765812Z Setting up fonts-wqy-zenhei (0.9.45-8) ...
App + packages — lint · typecheck · test · build · consume	UNKNOWN STEP	2026-08-14T04:45:19.8884957Z Setting up fonts-freefont-ttf (20211204+svn4273-2) ...
App + packages — lint · typecheck · test · build · consume	UNKNOWN STEP	2026-08-14T04:45:19.8907057Z Setting up fonts-tlwg-loma-otf (1:0.7.3-1) ...
App + packages — lint · typecheck · test · build · consume	UNKNOWN STEP	2026-08-14T04:45:19.8928195Z Setting up xfonts-encodings (1:1.0.5-0ubuntu2) ...
App + packages — lint · typecheck · test · build · consume	UNKNOWN STEP	2026-08-14T04:45:19.8949524Z Setting up fonts-ipafont-gothic (00303-21ubuntu1) ...
App + packages — lint · typecheck · test · build · consume	UNKNOWN STEP	2026-08-14T04:45:19.9015936Z update-alternatives: using /usr/share/fonts/opentype/ipafont-gothic/ipag.ttf to provide /usr/share/fonts/truetype/fonts-japanese-gothic.ttf (fonts-japanese-gothic.ttf) in auto mode
App + packages — lint · typecheck · test · build · consume	UNKNOWN STEP	2026-08-14T04:45:19.9032952Z Setting up fonts-unifont (1:15.1.01-1build1) ...
App + packages — lint · typecheck · test · build · consume	UNKNOWN STEP	2026-08-14T04:45:19.9054269Z Setting up xfonts-utils (1:7.7+6build3) ...
App + packages — lint · typecheck · test · build · consume	UNKNOWN STEP	2026-08-14T04:45:19.9098505Z Setting up xfonts-cyrillic (1:1.0.5+nmu1) ...
App + packages — lint · typecheck · test · build · consume	UNKNOWN STEP	2026-08-14T04:45:19.9460945Z Setting up xfonts-scalable (1:1.0.3-1.3) ...
App + packages — lint · typecheck · test · build · consume	UNKNOWN STEP	2026-08-14T04:45:19.9806032Z Processing triggers for man-db (2.12.0-4build2) ...
App + packages — lint · typecheck · test · build · consume	UNKNOWN STEP	2026-08-14T04:45:19.9829190Z Not building database; man-db/auto-update is not 'true'.
App + packages — lint · typecheck · test · build · consume	UNKNOWN STEP	2026-08-14T04:45:19.9845339Z Processing triggers for fontconfig (2.15.0-1.1ubuntu2) ...
App + packages — lint · typecheck · test · build · consume	UNKNOWN STEP	2026-08-14T04:45:21.5540409Z 
App + packages — lint · typecheck · test · build · consume	UNKNOWN STEP	2026-08-14T04:45:21.5543692Z Running kernel seems to be up-to-date.
App + packages — lint · typecheck · test · build · consume	UNKNOWN STEP	2026-08-14T04:45:21.5544110Z 
App + packages — lint · typecheck · test · build · consume	UNKNOWN STEP	2026-08-14T04:45:21.5544381Z No services need to be restarted.
App + packages — lint · typecheck · test · build · consume	UNKNOWN STEP	2026-08-14T04:45:21.5544857Z 
App + packages — lint · typecheck · test · build · consume	UNKNOWN STEP	2026-08-14T04:45:21.5545285Z No containers need to be restarted.
App + packages — lint · typecheck · test · build · consume	UNKNOWN STEP	2026-08-14T04:45:21.5545851Z 
App + packages — lint · typecheck · test · build · consume	UNKNOWN STEP	2026-08-14T04:45:21.5546615Z No user sessions are running outdated binaries.
App + packages — lint · typecheck · test · build · consume	UNKNOWN STEP	2026-08-14T04:45:21.5547163Z 
App + packages — lint · typecheck · test · build · consume	UNKNOWN STEP	2026-08-14T04:45:21.5548012Z No VM guests are running outdated hypervisor (qemu) binaries on this host.
App + packages — lint · typecheck · test · build · consume	UNKNOWN STEP	2026-08-14T04:45:22.4282812Z Downloading Chrome for Testing 149.0.7827.55 (playwright chromium v1228) from https://cdn.playwright.dev/builds/cft/149.0.7827.55/linux64/chrome-linux64.zip
App + packages — lint · typecheck · test · build · consume	UNKNOWN STEP	2026-08-14T04:45:23.4680461Z |                                                                                |   0% of 177 MiB
App + packages — lint · typecheck · test · build · consume	UNKNOWN STEP	2026-08-14T04:45:23.6631511Z |■■■■■■■■                                                                        |  10% of 177 MiB
App + packages — lint · typecheck · test · build · consume	UNKNOWN STEP	2026-08-14T04:45:23.7594621Z |■■■■■■■■■■■■■■■■                                                                |  20% of 177 MiB
App + packages — lint · typecheck · test · build · consume	UNKNOWN STEP	2026-08-14T04:45:23.8603270Z |■■■■■■■■■■■■■■■■■■■■■■■■                                                        |  30% of 177 MiB
App + packages — lint · typecheck · test · build · consume	UNKNOWN STEP	2026-08-14T04:45:23.9566810Z |■■■■■■■■■■■■■■■■■■■■■■■■■■■■■■■■                                                |  40% of 177 MiB
App + packages — lint · typecheck · test · build · consume	UNKNOWN STEP	2026-08-14T04:45:24.0699081Z |■■■■■■■■■■■■■■■■■■■■■■■■■■■■■■■■■■■■■■■■                                        |  50% of 177 MiB
App + packages — lint · typecheck · test · build · consume	UNKNOWN STEP	2026-08-14T04:45:24.1789450Z |■■■■■■■■■■■■■■■■■■■■■■■■■■■■■■■■■■■■■■■■■■■■■■■■                                |  60% of 177 MiB
App + packages — lint · typecheck · test · build · consume	UNKNOWN STEP	2026-08-14T04:45:24.3455732Z |■■■■■■■■■■■■■■■■■■■■■■■■■■■■■■■■■■■■■■■■■■■■■■■■■■■■■■■■                        |  70% of 177 MiB
App + packages — lint · typecheck · test · build · consume	UNKNOWN STEP	2026-08-14T04:45:24.4968910Z |■■■■■■■■■■■■■■■■■■■■■■■■■■■■■■■■■■■■■■■■■■■■■■■■■■■■■■■■■■■■■■■■                |  80% of 177 MiB
App + packages — lint · typecheck · test · build · consume	UNKNOWN STEP	2026-08-14T04:45:24.6104426Z |■■■■■■■■■■■■■■■■■■■■■■■■■■■■■■■■■■■■■■■■■■■■■■■■■■■■■■■■■■■■■■■■■■■■■■■■        |  90% of 177 MiB
App + packages — lint · typecheck · test · build · consume	UNKNOWN STEP	2026-08-14T04:45:24.7635924Z |■■■■■■■■■■■■■■■■■■■■■■■■■■■■■■■■■■■■■■■■■■■■■■■■■■■■■■■■■■■■■■■■■■■■■■■■■■■■■■■■| 100% of 177 MiB
App + packages — lint · typecheck · test · build · consume	UNKNOWN STEP	2026-08-14T04:45:27.4727769Z Chrome for Testing 149.0.7827.55 (playwright chromium v1228) downloaded to /home/runner/.cache/ms-playwright/chromium-1228
App + packages — lint · typecheck · test · build · consume	UNKNOWN STEP	2026-08-14T04:45:27.4731236Z Downloading FFmpeg (playwright ffmpeg v1011) from https://cdn.playwright.dev/dbazure/download/playwright/builds/ffmpeg/1011/ffmpeg-linux.zip
App + packages — lint · typecheck · test · build · consume	UNKNOWN STEP	2026-08-14T04:45:28.5039339Z |                                                                                |   0% of 2.3 MiB
App + packages — lint · typecheck · test · build · consume	UNKNOWN STEP	2026-08-14T04:45:28.5601812Z |■■■■■■■■                                                                        |  10% of 2.3 MiB
App + packages — lint · typecheck · test · build · consume	UNKNOWN STEP	2026-08-14T04:45:28.5834714Z |■■■■■■■■■■■■■■■■                                                                |  20% of 2.3 MiB
App + packages — lint · typecheck · test · build · consume	UNKNOWN STEP	2026-08-14T04:45:28.6026452Z |■■■■■■■■■■■■■■■■■■■■■■■■                                                        |  30% of 2.3 MiB
App + packages — lint · typecheck · test · build · consume	UNKNOWN STEP	2026-08-14T04:45:28.6091516Z |■■■■■■■■■■■■■■■■■■■■■■■■■■■■■■■■                                                |  40% of 2.3 MiB
App + packages — lint · typecheck · test · build · consume	UNKNOWN STEP	2026-08-14T04:45:28.6254223Z |■■■■■■■■■■■■■■■■■■■■■■■■■■■■■■■■■■■■■■■■                                        |  50% of 2.3 MiB
App + packages — lint · typecheck · test · build · consume	UNKNOWN STEP	2026-08-14T04:45:28.6394412Z |■■■■■■■■■■■■■■■■■■■■■■■■■■■■■■■■■■■■■■■■■■■■■■■■                                |  60% of 2.3 MiB
App + packages — lint · typecheck · test · build · consume	UNKNOWN STEP	2026-08-14T04:45:28.6418375Z |■■■■■■■■■■■■■■■■■■■■■■■■■■■■■■■■■■■■■■■■■■■■■■■■■■■■■■■■                        |  70% of 2.3 MiB
App + packages — lint · typecheck · test · build · consume	UNKNOWN STEP	2026-08-14T04:45:28.6466735Z |■■■■■■■■■■■■■■■■■■■■■■■■■■■■■■■■■■■■■■■■■■■■■■■■■■■■■■■■■■■■■■■■                |  80% of 2.3 MiB
App + packages — lint · typecheck · test · build · consume	UNKNOWN STEP	2026-08-14T04:45:28.6549541Z |■■■■■■■■■■■■■■■■■■■■■■■■■■■■■■■■■■■■■■■■■■■■■■■■■■■■■■■■■■■■■■■■■■■■■■■■        |  90% of 2.3 MiB
App + packages — lint · typecheck · test · build · consume	UNKNOWN STEP	2026-08-14T04:45:28.6605534Z |■■■■■■■■■■■■■■■■■■■■■■■■■■■■■■■■■■■■■■■■■■■■■■■■■■■■■■■■■■■■■■■■■■■■■■■■■■■■■■■■| 100% of 2.3 MiB
App + packages — lint · typecheck · test · build · consume	UNKNOWN STEP	2026-08-14T04:45:28.7227387Z FFmpeg (playwright ffmpeg v1011) downloaded to /home/runner/.cache/ms-playwright/ffmpeg-1011
App + packages — lint · typecheck · test · build · consume	UNKNOWN STEP	2026-08-14T04:45:28.7230721Z Downloading Chrome Headless Shell 149.0.7827.55 (playwright chromium-headless-shell v1228) from https://cdn.playwright.dev/builds/cft/149.0.7827.55/linux64/chrome-headless-shell-linux64.zip
App + packages — lint · typecheck · test · build · consume	UNKNOWN STEP	2026-08-14T04:45:29.7544878Z |                                                                                |   0% of 114.2 MiB
App + packages — lint · typecheck · test · build · consume	UNKNOWN STEP	2026-08-14T04:45:29.9256146Z |■■■■■■■■                                                                        |  10% of 114.2 MiB
App + packages — lint · typecheck · test · build · consume	UNKNOWN STEP	2026-08-14T04:45:30.0294909Z |■■■■■■■■■■■■■■■■                                                                |  20% of 114.2 MiB
App + packages — lint · typecheck · test · build · consume	UNKNOWN STEP	2026-08-14T04:45:30.1076935Z |■■■■■■■■■■■■■■■■■■■■■■■■                                                        |  30% of 114.2 MiB
App + packages — lint · typecheck · test · build · consume	UNKNOWN STEP	2026-08-14T04:45:30.1817172Z |■■■■■■■■■■■■■■■■■■■■■■■■■■■■■■■■                                                |  40% of 114.2 MiB
App + packages — lint · typecheck · test · build · consume	UNKNOWN STEP	2026-08-14T04:45:30.2478648Z |■■■■■■■■■■■■■■■■■■■■■■■■■■■■■■■■■■■■■■■■                                        |  50% of 114.2 MiB
App + packages — lint · typecheck · test · build · consume	UNKNOWN STEP	2026-08-14T04:45:30.3234471Z |■■■■■■■■■■■■■■■■■■■■■■■■■■■■■■■■■■■■■■■■■■■■■■■■                                |  60% of 114.2 MiB
App + packages — lint · typecheck · test · build · consume	UNKNOWN STEP	2026-08-14T04:45:30.4041328Z |■■■■■■■■■■■■■■■■■■■■■■■■■■■■■■■■■■■■■■■■■■■■■■■■■■■■■■■■                        |  70% of 114.2 MiB
App + packages — lint · typecheck · test · build · consume	UNKNOWN STEP	2026-08-14T04:45:30.5017496Z |■■■■■■■■■■■■■■■■■■■■■■■■■■■■■■■■■■■■■■■■■■■■■■■■■■■■■■■■■■■■■■■■                |  80% of 114.2 MiB
App + packages — lint · typecheck · test · build · consume	UNKNOWN STEP	2026-08-14T04:45:30.5996015Z |■■■■■■■■■■■■■■■■■■■■■■■■■■■■■■■■■■■■■■■■■■■■■■■■■■■■■■■■■■■■■■■■■■■■■■■■        |  90% of 114.2 MiB
App + packages — lint · typecheck · test · build · consume	UNKNOWN STEP	2026-08-14T04:45:30.7703610Z |■■■■■■■■■■■■■■■■■■■■■■■■■■■■■■■■■■■■■■■■■■■■■■■■■■■■■■■■■■■■■■■■■■■■■■■■■■■■■■■■| 100% of 114.2 MiB
App + packages — lint · typecheck · test · build · consume	UNKNOWN STEP	2026-08-14T04:45:32.7272217Z Chrome Headless Shell 149.0.7827.55 (playwright chromium-headless-shell v1228) downloaded to /home/runner/.cache/ms-playwright/chromium_headless_shell-1228
App + packages — lint · typecheck · test · build · consume	UNKNOWN STEP	2026-08-14T04:45:32.7547699Z ##[group]Run node scripts/smoke.mjs
App + packages — lint · typecheck · test · build · consume	UNKNOWN STEP	2026-08-14T04:45:32.7548037Z [36;1mnode scripts/smoke.mjs[0m
App + packages — lint · typecheck · test · build · consume	UNKNOWN STEP	2026-08-14T04:45:32.7585471Z shell: /usr/bin/bash -e {0}
App + packages — lint · typecheck · test · build · consume	UNKNOWN STEP	2026-08-14T04:45:32.7585750Z ##[endgroup]
App + packages — lint · typecheck · test · build · consume	UNKNOWN STEP	2026-08-14T04:45:35.8436673Z smoke: PASS — bundle ran, React mounted, zero page errors.
App + packages — lint · typecheck · test · build · consume	UNKNOWN STEP	2026-08-14T04:45:35.8961107Z Post job cleanup.
App + packages — lint · typecheck · test · build · consume	UNKNOWN STEP	2026-08-14T04:45:36.0133641Z Cache hit occurred on the primary key node-cache-Linux-x64-npm-c47f0e5907ee5d521b87e9b2ff623dc683fcd9a415c26f16c9d00535a1a6fd9a, not saving cache.
App + packages — lint · typecheck · test · build · consume	UNKNOWN STEP	2026-08-14T04:45:36.0284745Z Post job cleanup.
App + packages — lint · typecheck · test · build · consume	UNKNOWN STEP	2026-08-14T04:45:36.1119604Z [command]/usr/bin/git version
App + packages — lint · typecheck · test · build · consume	UNKNOWN STEP	2026-08-14T04:45:36.1187710Z git version 2.54.0
App + packages — lint · typecheck · test · build · consume	UNKNOWN STEP	2026-08-14T04:45:36.1228869Z Temporarily overriding HOME='/home/runner/work/_temp/f516912f-8302-477a-8395-634005bf5cf8' before making global git config changes
App + packages — lint · typecheck · test · build · consume	UNKNOWN STEP	2026-08-14T04:45:36.1231588Z Adding repository directory to the temporary git global config as a safe directory
App + packages — lint · typecheck · test · build · consume	UNKNOWN STEP	2026-08-14T04:45:36.1234352Z [command]/usr/bin/git config --global --add safe.directory /home/runner/work/NodeSlide/NodeSlide
App + packages — lint · typecheck · test · build · consume	UNKNOWN STEP	2026-08-14T04:45:36.1264817Z Removing SSH command configuration
App + packages — lint · typecheck · test · build · consume	UNKNOWN STEP	2026-08-14T04:45:36.1271454Z [command]/usr/bin/git config --local --name-only --get-regexp core\.sshCommand
App + packages — lint · typecheck · test · build · consume	UNKNOWN STEP	2026-08-14T04:45:36.1306637Z [command]/usr/bin/git submodule foreach --recursive sh -c "git config --local --name-only --get-regexp 'core\.sshCommand' && git config --local --unset-all 'core.sshCommand' || :"
App + packages — lint · typecheck · test · build · consume	UNKNOWN STEP	2026-08-14T04:45:36.1536435Z Removing HTTP extra header
App + packages — lint · typecheck · test · build · consume	UNKNOWN STEP	2026-08-14T04:45:36.1542534Z [command]/usr/bin/git config --local --name-only --get-regexp http\.https\:\/\/github\.com\/\.extraheader
App + packages — lint · typecheck · test · build · consume	UNKNOWN STEP	2026-08-14T04:45:36.1575814Z [command]/usr/bin/git submodule foreach --recursive sh -c "git config --local --name-only --get-regexp 'http\.https\:\/\/github\.com\/\.extraheader' && git config --local --unset-all 'http.https://github.com/.extraheader' || :"
App + packages — lint · typecheck · test · build · consume	UNKNOWN STEP	2026-08-14T04:45:36.1797864Z Removing includeIf entries pointing to credentials config files
App + packages — lint · typecheck · test · build · consume	UNKNOWN STEP	2026-08-14T04:45:36.1805306Z [command]/usr/bin/git config --local --name-only --get-regexp ^includeIf\.gitdir:
App + packages — lint · typecheck · test · build · consume	UNKNOWN STEP	2026-08-14T04:45:36.1831579Z includeif.gitdir:/home/runner/work/NodeSlide/NodeSlide/.git.path
App + packages — lint · typecheck · test · build · consume	UNKNOWN STEP	2026-08-14T04:45:36.1832929Z includeif.gitdir:/home/runner/work/NodeSlide/NodeSlide/.git/worktrees/*.path
App + packages — lint · typecheck · test · build · consume	UNKNOWN STEP	2026-08-14T04:45:36.1834084Z includeif.gitdir:/github/workspace/.git.path
App + packages — lint · typecheck · test · build · consume	UNKNOWN STEP	2026-08-14T04:45:36.1835085Z includeif.gitdir:/github/workspace/.git/worktrees/*.path
App + packages — lint · typecheck · test · build · consume	UNKNOWN STEP	2026-08-14T04:45:36.1843023Z [command]/usr/bin/git config --local --get-all includeif.gitdir:/home/runner/work/NodeSlide/NodeSlide/.git.path
App + packages — lint · typecheck · test · build · consume	UNKNOWN STEP	2026-08-14T04:45:36.1864367Z /home/runner/work/_temp/git-credentials-8153ffe1-23b5-4435-a0ba-a82591d34f08.config
App + packages — lint · typecheck · test · build · consume	UNKNOWN STEP	2026-08-14T04:45:36.1875612Z [command]/usr/bin/git config --local --unset includeif.gitdir:/home/runner/work/NodeSlide/NodeSlide/.git.path /home/runner/work/_temp/git-credentials-8153ffe1-23b5-4435-a0ba-a82591d34f08.config
App + packages — lint · typecheck · test · build · consume	UNKNOWN STEP	2026-08-14T04:45:36.1911937Z [command]/usr/bin/git config --local --get-all includeif.gitdir:/home/runner/work/NodeSlide/NodeSlide/.git/worktrees/*.path
App + packages — lint · typecheck · test · build · consume	UNKNOWN STEP	2026-08-14T04:45:36.1935516Z /home/runner/work/_temp/git-credentials-8153ffe1-23b5-4435-a0ba-a82591d34f08.config
App + packages — lint · typecheck · test · build · consume	UNKNOWN STEP	2026-08-14T04:45:36.1948783Z [command]/usr/bin/git config --local --unset includeif.gitdir:/home/runner/work/NodeSlide/NodeSlide/.git/worktrees/*.path /home/runner/work/_temp/git-credentials-8153ffe1-23b5-4435-a0ba-a82591d34f08.config
App + packages — lint · typecheck · test · build · consume	UNKNOWN STEP	2026-08-14T04:45:36.1984312Z [command]/usr/bin/git config --local --get-all includeif.gitdir:/github/workspace/.git.path
App + packages — lint · typecheck · test · build · consume	UNKNOWN STEP	2026-08-14T04:45:36.2007307Z /github/runner_temp/git-credentials-8153ffe1-23b5-4435-a0ba-a82591d34f08.config
App + packages — lint · typecheck · test · build · consume	UNKNOWN STEP	2026-08-14T04:45:36.2018404Z [command]/usr/bin/git config --local --unset includeif.gitdir:/github/workspace/.git.path /github/runner_temp/git-credentials-8153ffe1-23b5-4435-a0ba-a82591d34f08.config
App + packages — lint · typecheck · test · build · consume	UNKNOWN STEP	2026-08-14T04:45:36.2053696Z [command]/usr/bin/git config --local --get-all includeif.gitdir:/github/workspace/.git/worktrees/*.path
App + packages — lint · typecheck · test · build · consume	UNKNOWN STEP	2026-08-14T04:45:36.2076034Z /github/runner_temp/git-credentials-8153ffe1-23b5-4435-a0ba-a82591d34f08.config
App + packages — lint · typecheck · test · build · consume	UNKNOWN STEP	2026-08-14T04:45:36.2088787Z [command]/usr/bin/git config --local --unset includeif.gitdir:/github/workspace/.git/worktrees/*.path /github/runner_temp/git-credentials-8153ffe1-23b5-4435-a0ba-a82591d34f08.config
App + packages — lint · typecheck · test · build · consume	UNKNOWN STEP	2026-08-14T04:45:36.2125281Z [command]/usr/bin/git submodule foreach --recursive git config --local --show-origin --name-only --get-regexp remote.origin.url
App + packages — lint · typecheck · test · build · consume	UNKNOWN STEP	2026-08-14T04:45:36.2378925Z Removing credentials config '/home/runner/work/_temp/git-credentials-8153ffe1-23b5-4435-a0ba-a82591d34f08.config'
App + packages — lint · typecheck · test · build · consume	UNKNOWN STEP	2026-08-14T04:45:36.2526097Z Cleaning up orphan processes
NodeRoom / NodeAgent packed consumer	UNKNOWN STEP	﻿2026-08-14T04:45:43.6797544Z Current runner version: '2.336.0'
NodeRoom / NodeAgent packed consumer	UNKNOWN STEP	2026-08-14T04:45:43.6846078Z ##[group]Runner Image Provisioner
NodeRoom / NodeAgent packed consumer	UNKNOWN STEP	2026-08-14T04:45:43.6846902Z Hosted Compute Agent
NodeRoom / NodeAgent packed consumer	UNKNOWN STEP	2026-08-14T04:45:43.6847550Z Version: 20260729.566
NodeRoom / NodeAgent packed consumer	UNKNOWN STEP	2026-08-14T04:45:43.6848324Z Commit: cf7153fe6e25b664e8693c24944bf2b00355d109
NodeRoom / NodeAgent packed consumer	UNKNOWN STEP	2026-08-14T04:45:43.6849027Z Build Date: 2026-07-29T19:17:02Z
NodeRoom / NodeAgent packed consumer	UNKNOWN STEP	2026-08-14T04:45:43.6849676Z Worker ID: {58a21320-903f-49b6-bef9-403887c0a728}
NodeRoom / NodeAgent packed consumer	UNKNOWN STEP	2026-08-14T04:45:43.6850318Z Azure Region: westus3
NodeRoom / NodeAgent packed consumer	UNKNOWN STEP	2026-08-14T04:45:43.6851249Z ##[endgroup]
NodeRoom / NodeAgent packed consumer	UNKNOWN STEP	2026-08-14T04:45:43.6852772Z ##[group]Operating System
NodeRoom / NodeAgent packed consumer	UNKNOWN STEP	2026-08-14T04:45:43.6853320Z Ubuntu
NodeRoom / NodeAgent packed consumer	UNKNOWN STEP	2026-08-14T04:45:43.6853852Z 24.04.4
NodeRoom / NodeAgent packed consumer	UNKNOWN STEP	2026-08-14T04:45:43.6854318Z LTS
NodeRoom / NodeAgent packed consumer	UNKNOWN STEP	2026-08-14T04:45:43.6854790Z ##[endgroup]
NodeRoom / NodeAgent packed consumer	UNKNOWN STEP	2026-08-14T04:45:43.6855311Z ##[group]Runner Image
NodeRoom / NodeAgent packed consumer	UNKNOWN STEP	2026-08-14T04:45:43.6855856Z Image: ubuntu-24.04
NodeRoom / NodeAgent packed consumer	UNKNOWN STEP	2026-08-14T04:45:43.6856412Z Version: 20260810.271.1
NodeRoom / NodeAgent packed consumer	UNKNOWN STEP	2026-08-14T04:45:43.6857553Z Included Software: https://github.com/actions/runner-images/blob/ubuntu24/20260810.271/images/ubuntu/Ubuntu2404-Readme.md
NodeRoom / NodeAgent packed consumer	UNKNOWN STEP	2026-08-14T04:45:43.6859247Z Image Release: https://github.com/actions/runner-images/releases/tag/ubuntu24%2F20260810.271
NodeRoom / NodeAgent packed consumer	UNKNOWN STEP	2026-08-14T04:45:43.6860113Z ##[endgroup]
NodeRoom / NodeAgent packed consumer	UNKNOWN STEP	2026-08-14T04:45:43.6861248Z ##[group]GITHUB_TOKEN Permissions
NodeRoom / NodeAgent packed consumer	UNKNOWN STEP	2026-08-14T04:45:43.6863574Z Contents: read
NodeRoom / NodeAgent packed consumer	UNKNOWN STEP	2026-08-14T04:45:43.6864188Z Metadata: read
NodeRoom / NodeAgent packed consumer	UNKNOWN STEP	2026-08-14T04:45:43.6864741Z Packages: read
NodeRoom / NodeAgent packed consumer	UNKNOWN STEP	2026-08-14T04:45:43.6865250Z ##[endgroup]
NodeRoom / NodeAgent packed consumer	UNKNOWN STEP	2026-08-14T04:45:43.6867472Z Secret source: Actions
NodeRoom / NodeAgent packed consumer	UNKNOWN STEP	2026-08-14T04:45:43.6868891Z Prepare workflow directory
NodeRoom / NodeAgent packed consumer	UNKNOWN STEP	2026-08-14T04:45:43.7192677Z Prepare all required actions
NodeRoom / NodeAgent packed consumer	UNKNOWN STEP	2026-08-14T04:45:43.7241246Z Getting action download info
NodeRoom / NodeAgent packed consumer	UNKNOWN STEP	2026-08-14T04:45:44.0777347Z Download action repository 'actions/checkout@df4cb1c069e1874edd31b4311f1884172cec0e10' (SHA:df4cb1c069e1874edd31b4311f1884172cec0e10)
NodeRoom / NodeAgent packed consumer	UNKNOWN STEP	2026-08-14T04:45:44.2033784Z Download action repository 'actions/setup-node@249970729cb0ef3589644e2896645e5dc5ba9c38' (SHA:249970729cb0ef3589644e2896645e5dc5ba9c38)
NodeRoom / NodeAgent packed consumer	UNKNOWN STEP	2026-08-14T04:45:44.3721631Z Complete job name: NodeRoom / NodeAgent packed consumer
NodeRoom / NodeAgent packed consumer	UNKNOWN STEP	2026-08-14T04:45:44.4733483Z ##[group]Run actions/checkout@df4cb1c069e1874edd31b4311f1884172cec0e10
NodeRoom / NodeAgent packed consumer	UNKNOWN STEP	2026-08-14T04:45:44.4734481Z with:
NodeRoom / NodeAgent packed consumer	UNKNOWN STEP	2026-08-14T04:45:44.4734888Z   path: nodeslide
NodeRoom / NodeAgent packed consumer	UNKNOWN STEP	2026-08-14T04:45:44.4735324Z   repository: HomenShum/NodeSlide
NodeRoom / NodeAgent packed consumer	UNKNOWN STEP	2026-08-14T04:45:44.4739018Z   token: ***
NodeRoom / NodeAgent packed consumer	UNKNOWN STEP	2026-08-14T04:45:44.4739448Z   ssh-strict: true
NodeRoom / NodeAgent packed consumer	UNKNOWN STEP	2026-08-14T04:45:44.4739877Z   ssh-user: git
NodeRoom / NodeAgent packed consumer	UNKNOWN STEP	2026-08-14T04:45:44.4740313Z   persist-credentials: true
NodeRoom / NodeAgent packed consumer	UNKNOWN STEP	2026-08-14T04:45:44.4740783Z   clean: true
NodeRoom / NodeAgent packed consumer	UNKNOWN STEP	2026-08-14T04:45:44.4741219Z   sparse-checkout-cone-mode: true
NodeRoom / NodeAgent packed consumer	UNKNOWN STEP	2026-08-14T04:45:44.4741718Z   fetch-depth: 1
NodeRoom / NodeAgent packed consumer	UNKNOWN STEP	2026-08-14T04:45:44.4742148Z   fetch-tags: false
NodeRoom / NodeAgent packed consumer	UNKNOWN STEP	2026-08-14T04:45:44.4742592Z   show-progress: true
NodeRoom / NodeAgent packed consumer	UNKNOWN STEP	2026-08-14T04:45:44.4743029Z   lfs: false
NodeRoom / NodeAgent packed consumer	UNKNOWN STEP	2026-08-14T04:45:44.4743438Z   submodules: false
NodeRoom / NodeAgent packed consumer	UNKNOWN STEP	2026-08-14T04:45:44.4743870Z   set-safe-directory: true
NodeRoom / NodeAgent packed consumer	UNKNOWN STEP	2026-08-14T04:45:44.4744664Z ##[endgroup]
NodeRoom / NodeAgent packed consumer	UNKNOWN STEP	2026-08-14T04:45:44.5780793Z Syncing repository: HomenShum/NodeSlide
NodeRoom / NodeAgent packed consumer	UNKNOWN STEP	2026-08-14T04:45:44.5782942Z ##[group]Getting Git version info
NodeRoom / NodeAgent packed consumer	UNKNOWN STEP	2026-08-14T04:45:44.5783987Z Working directory is '/home/runner/work/NodeSlide/NodeSlide/nodeslide'
NodeRoom / NodeAgent packed consumer	UNKNOWN STEP	2026-08-14T04:45:44.5785016Z [command]/usr/bin/git version
NodeRoom / NodeAgent packed consumer	UNKNOWN STEP	2026-08-14T04:45:44.5844768Z git version 2.54.0
NodeRoom / NodeAgent packed consumer	UNKNOWN STEP	2026-08-14T04:45:44.5866670Z ##[endgroup]
NodeRoom / NodeAgent packed consumer	UNKNOWN STEP	2026-08-14T04:45:44.5879813Z Temporarily overriding HOME='/home/runner/work/_temp/9c68117c-f1be-42f3-bf8d-b7007f6f0cfc' before making global git config changes
NodeRoom / NodeAgent packed consumer	UNKNOWN STEP	2026-08-14T04:45:44.5881071Z Adding repository directory to the temporary git global config as a safe directory
NodeRoom / NodeAgent packed consumer	UNKNOWN STEP	2026-08-14T04:45:44.5885482Z [command]/usr/bin/git config --global --add safe.directory /home/runner/work/NodeSlide/NodeSlide/nodeslide
NodeRoom / NodeAgent packed consumer	UNKNOWN STEP	2026-08-14T04:45:44.5926732Z ##[group]Determining repository object format
NodeRoom / NodeAgent packed consumer	UNKNOWN STEP	2026-08-14T04:45:44.5929260Z ##[endgroup]
NodeRoom / NodeAgent packed consumer	UNKNOWN STEP	2026-08-14T04:45:44.5930513Z ##[group]Initializing the repository
NodeRoom / NodeAgent packed consumer	UNKNOWN STEP	2026-08-14T04:45:44.5935383Z [command]/usr/bin/git init /home/runner/work/NodeSlide/NodeSlide/nodeslide
NodeRoom / NodeAgent packed consumer	UNKNOWN STEP	2026-08-14T04:45:44.6035631Z hint: Using 'master' as the name for the initial branch. This default branch name
NodeRoom / NodeAgent packed consumer	UNKNOWN STEP	2026-08-14T04:45:44.6036929Z hint: will change to "main" in Git 3.0. To configure the initial branch name
NodeRoom / NodeAgent packed consumer	UNKNOWN STEP	2026-08-14T04:45:44.6038072Z hint: to use in all of your new repositories, which will suppress this warning,
NodeRoom / NodeAgent packed consumer	UNKNOWN STEP	2026-08-14T04:45:44.6038782Z hint: call:
NodeRoom / NodeAgent packed consumer	UNKNOWN STEP	2026-08-14T04:45:44.6039165Z hint:
NodeRoom / NodeAgent packed consumer	UNKNOWN STEP	2026-08-14T04:45:44.6039708Z hint: 	git config --global init.defaultBranch <name>
NodeRoom / NodeAgent packed consumer	UNKNOWN STEP	2026-08-14T04:45:44.6040614Z hint:
NodeRoom / NodeAgent packed consumer	UNKNOWN STEP	2026-08-14T04:45:44.6041143Z hint: Names commonly chosen instead of 'master' are 'main', 'trunk' and
NodeRoom / NodeAgent packed consumer	UNKNOWN STEP	2026-08-14T04:45:44.6041989Z hint: 'development'. The just-created branch can be renamed via this command:
NodeRoom / NodeAgent packed consumer	UNKNOWN STEP	2026-08-14T04:45:44.6042660Z hint:
NodeRoom / NodeAgent packed consumer	UNKNOWN STEP	2026-08-14T04:45:44.6043051Z hint: 	git branch -m <name>
NodeRoom / NodeAgent packed consumer	UNKNOWN STEP	2026-08-14T04:45:44.6043494Z hint:
NodeRoom / NodeAgent packed consumer	UNKNOWN STEP	2026-08-14T04:45:44.6044063Z hint: Disable this message with "git config set advice.defaultBranchName false"
NodeRoom / NodeAgent packed consumer	UNKNOWN STEP	2026-08-14T04:45:44.6045038Z Initialized empty Git repository in /home/runner/work/NodeSlide/NodeSlide/nodeslide/.git/
NodeRoom / NodeAgent packed consumer	UNKNOWN STEP	2026-08-14T04:45:44.6052088Z [command]/usr/bin/git remote add origin https://github.com/HomenShum/NodeSlide
NodeRoom / NodeAgent packed consumer	UNKNOWN STEP	2026-08-14T04:45:44.6091732Z ##[endgroup]
NodeRoom / NodeAgent packed consumer	UNKNOWN STEP	2026-08-14T04:45:44.6092525Z ##[group]Disabling automatic garbage collection
NodeRoom / NodeAgent packed consumer	UNKNOWN STEP	2026-08-14T04:45:44.6095340Z [command]/usr/bin/git config --local gc.auto 0
NodeRoom / NodeAgent packed consumer	UNKNOWN STEP	2026-08-14T04:45:44.6121058Z ##[endgroup]
NodeRoom / NodeAgent packed consumer	UNKNOWN STEP	2026-08-14T04:45:44.6121864Z ##[group]Setting up auth
NodeRoom / NodeAgent packed consumer	UNKNOWN STEP	2026-08-14T04:45:44.6122896Z Removing SSH command configuration
NodeRoom / NodeAgent packed consumer	UNKNOWN STEP	2026-08-14T04:45:44.6128278Z [command]/usr/bin/git config --local --name-only --get-regexp core\.sshCommand
NodeRoom / NodeAgent packed consumer	UNKNOWN STEP	2026-08-14T04:45:44.6158940Z [command]/usr/bin/git submodule foreach --recursive sh -c "git config --local --name-only --get-regexp 'core\.sshCommand' && git config --local --unset-all 'core.sshCommand' || :"
NodeRoom / NodeAgent packed consumer	UNKNOWN STEP	2026-08-14T04:45:44.6444628Z Removing HTTP extra header
NodeRoom / NodeAgent packed consumer	UNKNOWN STEP	2026-08-14T04:45:44.6450765Z [command]/usr/bin/git config --local --name-only --get-regexp http\.https\:\/\/github\.com\/\.extraheader
NodeRoom / NodeAgent packed consumer	UNKNOWN STEP	2026-08-14T04:45:44.6502597Z [command]/usr/bin/git submodule foreach --recursive sh -c "git config --local --name-only --get-regexp 'http\.https\:\/\/github\.com\/\.extraheader' && git config --local --unset-all 'http.https://github.com/.extraheader' || :"
NodeRoom / NodeAgent packed consumer	UNKNOWN STEP	2026-08-14T04:45:44.6684664Z Removing includeIf entries pointing to credentials config files
NodeRoom / NodeAgent packed consumer	UNKNOWN STEP	2026-08-14T04:45:44.6691744Z [command]/usr/bin/git config --local --name-only --get-regexp ^includeIf\.gitdir:
NodeRoom / NodeAgent packed consumer	UNKNOWN STEP	2026-08-14T04:45:44.6720930Z [command]/usr/bin/git submodule foreach --recursive git config --local --show-origin --name-only --get-regexp remote.origin.url
NodeRoom / NodeAgent packed consumer	UNKNOWN STEP	2026-08-14T04:45:44.6898949Z [command]/usr/bin/git config --file /home/runner/work/_temp/git-credentials-a83554e3-bdaf-4401-8314-3640be6d358a.config http.https://github.com/.extraheader AUTHORIZATION: basic ***
NodeRoom / NodeAgent packed consumer	UNKNOWN STEP	2026-08-14T04:45:44.6931766Z [command]/usr/bin/git config --local includeIf.gitdir:/home/runner/work/NodeSlide/NodeSlide/nodeslide/.git.path /home/runner/work/_temp/git-credentials-a83554e3-bdaf-4401-8314-3640be6d358a.config
NodeRoom / NodeAgent packed consumer	UNKNOWN STEP	2026-08-14T04:45:44.6958420Z [command]/usr/bin/git config --local includeIf.gitdir:/home/runner/work/NodeSlide/NodeSlide/nodeslide/.git/worktrees/*.path /home/runner/work/_temp/git-credentials-a83554e3-bdaf-4401-8314-3640be6d358a.config
NodeRoom / NodeAgent packed consumer	UNKNOWN STEP	2026-08-14T04:45:44.6988195Z [command]/usr/bin/git config --local includeIf.gitdir:/github/workspace/nodeslide/.git.path /github/runner_temp/git-credentials-a83554e3-bdaf-4401-8314-3640be6d358a.config
NodeRoom / NodeAgent packed consumer	UNKNOWN STEP	2026-08-14T04:45:44.7015423Z [command]/usr/bin/git config --local includeIf.gitdir:/github/workspace/nodeslide/.git/worktrees/*.path /github/runner_temp/git-credentials-a83554e3-bdaf-4401-8314-3640be6d358a.config
NodeRoom / NodeAgent packed consumer	UNKNOWN STEP	2026-08-14T04:45:44.7045256Z ##[endgroup]
NodeRoom / NodeAgent packed consumer	UNKNOWN STEP	2026-08-14T04:45:44.7046068Z ##[group]Fetching the repository
NodeRoom / NodeAgent packed consumer	UNKNOWN STEP	2026-08-14T04:45:44.7053008Z [command]/usr/bin/git -c protocol.version=2 fetch --no-tags --prune --no-recurse-submodules --depth=1 origin +b0674b229a3691c09c88fcab1481f2e33342cb21:refs/remotes/origin/main
NodeRoom / NodeAgent packed consumer	UNKNOWN STEP	2026-08-14T04:45:49.3098050Z From https://github.com/HomenShum/NodeSlide
NodeRoom / NodeAgent packed consumer	UNKNOWN STEP	2026-08-14T04:45:49.3100073Z  * [new ref]         b0674b229a3691c09c88fcab1481f2e33342cb21 -> origin/main
NodeRoom / NodeAgent packed consumer	UNKNOWN STEP	2026-08-14T04:45:49.3135942Z [command]/usr/bin/git branch --list --remote origin/main
NodeRoom / NodeAgent packed consumer	UNKNOWN STEP	2026-08-14T04:45:49.3161375Z   origin/main
NodeRoom / NodeAgent packed consumer	UNKNOWN STEP	2026-08-14T04:45:49.3170564Z [command]/usr/bin/git rev-parse refs/remotes/origin/main
NodeRoom / NodeAgent packed consumer	UNKNOWN STEP	2026-08-14T04:45:49.3192807Z b0674b229a3691c09c88fcab1481f2e33342cb21
NodeRoom / NodeAgent packed consumer	UNKNOWN STEP	2026-08-14T04:45:49.3196742Z ##[endgroup]
NodeRoom / NodeAgent packed consumer	UNKNOWN STEP	2026-08-14T04:45:49.3198465Z ##[group]Determining the checkout info
NodeRoom / NodeAgent packed consumer	UNKNOWN STEP	2026-08-14T04:45:49.3200260Z ##[endgroup]
NodeRoom / NodeAgent packed consumer	UNKNOWN STEP	2026-08-14T04:45:49.3203587Z [command]/usr/bin/git sparse-checkout disable
NodeRoom / NodeAgent packed consumer	UNKNOWN STEP	2026-08-14T04:45:49.3246348Z [command]/usr/bin/git config --local --unset-all extensions.worktreeConfig
NodeRoom / NodeAgent packed consumer	UNKNOWN STEP	2026-08-14T04:45:49.3271880Z ##[group]Checking out the ref
NodeRoom / NodeAgent packed consumer	UNKNOWN STEP	2026-08-14T04:45:49.3276075Z [command]/usr/bin/git checkout --progress --force -B main refs/remotes/origin/main
NodeRoom / NodeAgent packed consumer	UNKNOWN STEP	2026-08-14T04:45:50.3369194Z Updating files:  79% (3114/3901)
NodeRoom / NodeAgent packed consumer	UNKNOWN STEP	2026-08-14T04:45:50.3479509Z Updating files:  80% (3121/3901)
NodeRoom / NodeAgent packed consumer	UNKNOWN STEP	2026-08-14T04:45:50.3602326Z Updating files:  81% (3160/3901)
NodeRoom / NodeAgent packed consumer	UNKNOWN STEP	2026-08-14T04:45:50.3704044Z Updating files:  82% (3199/3901)
NodeRoom / NodeAgent packed consumer	UNKNOWN STEP	2026-08-14T04:45:50.3815538Z Updating files:  83% (3238/3901)
NodeRoom / NodeAgent packed consumer	UNKNOWN STEP	2026-08-14T04:45:50.3918175Z Updating files:  84% (3277/3901)
NodeRoom / NodeAgent packed consumer	UNKNOWN STEP	2026-08-14T04:45:50.3932618Z Updating files:  85% (3316/3901)
NodeRoom / NodeAgent packed consumer	UNKNOWN STEP	2026-08-14T04:45:50.3958228Z Updating files:  86% (3355/3901)
NodeRoom / NodeAgent packed consumer	UNKNOWN STEP	2026-08-14T04:45:50.3980021Z Updating files:  87% (3394/3901)
NodeRoom / NodeAgent packed consumer	UNKNOWN STEP	2026-08-14T04:45:50.4003856Z Updating files:  88% (3433/3901)
NodeRoom / NodeAgent packed consumer	UNKNOWN STEP	2026-08-14T04:45:50.4031784Z Updating files:  89% (3472/3901)
NodeRoom / NodeAgent packed consumer	UNKNOWN STEP	2026-08-14T04:45:50.4058809Z Updating files:  90% (3511/3901)
NodeRoom / NodeAgent packed consumer	UNKNOWN STEP	2026-08-14T04:45:50.4078697Z Updating files:  91% (3550/3901)
NodeRoom / NodeAgent packed consumer	UNKNOWN STEP	2026-08-14T04:45:50.4105439Z Updating files:  92% (3589/3901)
NodeRoom / NodeAgent packed consumer	UNKNOWN STEP	2026-08-14T04:45:50.4132347Z Updating files:  93% (3628/3901)
NodeRoom / NodeAgent packed consumer	UNKNOWN STEP	2026-08-14T04:45:50.4155399Z Updating files:  94% (3667/3901)
NodeRoom / NodeAgent packed consumer	UNKNOWN STEP	2026-08-14T04:45:50.4176952Z Updating files:  95% (3706/3901)
NodeRoom / NodeAgent packed consumer	UNKNOWN STEP	2026-08-14T04:45:50.4201413Z Updating files:  96% (3745/3901)
NodeRoom / NodeAgent packed consumer	UNKNOWN STEP	2026-08-14T04:45:50.4236654Z Updating files:  97% (3784/3901)
NodeRoom / NodeAgent packed consumer	UNKNOWN STEP	2026-08-14T04:45:50.4263313Z Updating files:  98% (3823/3901)
NodeRoom / NodeAgent packed consumer	UNKNOWN STEP	2026-08-14T04:45:50.4285983Z Updating files:  99% (3862/3901)
NodeRoom / NodeAgent packed consumer	UNKNOWN STEP	2026-08-14T04:45:50.4287726Z Updating files: 100% (3901/3901)
NodeRoom / NodeAgent packed consumer	UNKNOWN STEP	2026-08-14T04:45:50.4344713Z Updating files: 100% (3901/3901), done.
NodeRoom / NodeAgent packed consumer	UNKNOWN STEP	2026-08-14T04:45:50.4346959Z Switched to a new branch 'main'
NodeRoom / NodeAgent packed consumer	UNKNOWN STEP	2026-08-14T04:45:50.4349107Z branch 'main' set up to track 'origin/main'.
NodeRoom / NodeAgent packed consumer	UNKNOWN STEP	2026-08-14T04:45:50.4383164Z ##[endgroup]
NodeRoom / NodeAgent packed consumer	UNKNOWN STEP	2026-08-14T04:45:50.4423874Z [command]/usr/bin/git log -1 --format=%H
NodeRoom / NodeAgent packed consumer	UNKNOWN STEP	2026-08-14T04:45:50.4448747Z b0674b229a3691c09c88fcab1481f2e33342cb21
NodeRoom / NodeAgent packed consumer	UNKNOWN STEP	2026-08-14T04:45:50.4815186Z ##[group]Run actions/checkout@df4cb1c069e1874edd31b4311f1884172cec0e10
NodeRoom / NodeAgent packed consumer	UNKNOWN STEP	2026-08-14T04:45:50.4816660Z with:
NodeRoom / NodeAgent packed consumer	UNKNOWN STEP	2026-08-14T04:45:50.4817463Z   repository: HomenShum/NodeRoom
NodeRoom / NodeAgent packed consumer	UNKNOWN STEP	2026-08-14T04:45:50.4818683Z   ref: main
NodeRoom / NodeAgent packed consumer	UNKNOWN STEP	2026-08-14T04:45:50.4819433Z   path: noderoom
NodeRoom / NodeAgent packed consumer	UNKNOWN STEP	2026-08-14T04:45:50.4828448Z   token: ***
NodeRoom / NodeAgent packed consumer	UNKNOWN STEP	2026-08-14T04:45:50.4829250Z   ssh-strict: true
NodeRoom / NodeAgent packed consumer	UNKNOWN STEP	2026-08-14T04:45:50.4830062Z   ssh-user: git
NodeRoom / NodeAgent packed consumer	UNKNOWN STEP	2026-08-14T04:45:50.4830909Z   persist-credentials: true
NodeRoom / NodeAgent packed consumer	UNKNOWN STEP	2026-08-14T04:45:50.4831872Z   clean: true
NodeRoom / NodeAgent packed consumer	UNKNOWN STEP	2026-08-14T04:45:50.4832700Z   sparse-checkout-cone-mode: true
NodeRoom / NodeAgent packed consumer	UNKNOWN STEP	2026-08-14T04:45:50.4833716Z   fetch-depth: 1
NodeRoom / NodeAgent packed consumer	UNKNOWN STEP	2026-08-14T04:45:50.4834514Z   fetch-tags: false
NodeRoom / NodeAgent packed consumer	UNKNOWN STEP	2026-08-14T04:45:50.4835349Z   show-progress: true
NodeRoom / NodeAgent packed consumer	UNKNOWN STEP	2026-08-14T04:45:50.4836185Z   lfs: false
NodeRoom / NodeAgent packed consumer	UNKNOWN STEP	2026-08-14T04:45:50.4836952Z   submodules: false
NodeRoom / NodeAgent packed consumer	UNKNOWN STEP	2026-08-14T04:45:50.4837941Z   set-safe-directory: true
NodeRoom / NodeAgent packed consumer	UNKNOWN STEP	2026-08-14T04:45:50.4838860Z ##[endgroup]
NodeRoom / NodeAgent packed consumer	UNKNOWN STEP	2026-08-14T04:45:50.5670292Z Syncing repository: HomenShum/NodeRoom
NodeRoom / NodeAgent packed consumer	UNKNOWN STEP	2026-08-14T04:45:50.5675701Z ##[group]Getting Git version info
NodeRoom / NodeAgent packed consumer	UNKNOWN STEP	2026-08-14T04:45:50.5677552Z Working directory is '/home/runner/work/NodeSlide/NodeSlide/noderoom'
NodeRoom / NodeAgent packed consumer	UNKNOWN STEP	2026-08-14T04:45:50.5708837Z [command]/usr/bin/git version
NodeRoom / NodeAgent packed consumer	UNKNOWN STEP	2026-08-14T04:45:50.5742388Z git version 2.54.0
NodeRoom / NodeAgent packed consumer	UNKNOWN STEP	2026-08-14T04:45:50.5763540Z ##[endgroup]
NodeRoom / NodeAgent packed consumer	UNKNOWN STEP	2026-08-14T04:45:50.5777076Z Temporarily overriding HOME='/home/runner/work/_temp/327904cb-6352-4025-b7f1-058bb4e7d2a7' before making global git config changes
NodeRoom / NodeAgent packed consumer	UNKNOWN STEP	2026-08-14T04:45:50.5781117Z Adding repository directory to the temporary git global config as a safe directory
NodeRoom / NodeAgent packed consumer	UNKNOWN STEP	2026-08-14T04:45:50.5784102Z [command]/usr/bin/git config --global --add safe.directory /home/runner/work/NodeSlide/NodeSlide/noderoom
NodeRoom / NodeAgent packed consumer	UNKNOWN STEP	2026-08-14T04:45:50.5811202Z ##[group]Determining repository object format
NodeRoom / NodeAgent packed consumer	UNKNOWN STEP	2026-08-14T04:45:50.8753291Z ##[endgroup]
NodeRoom / NodeAgent packed consumer	UNKNOWN STEP	2026-08-14T04:45:50.8754509Z ##[group]Initializing the repository
NodeRoom / NodeAgent packed consumer	UNKNOWN STEP	2026-08-14T04:45:50.8758335Z [command]/usr/bin/git init /home/runner/work/NodeSlide/NodeSlide/noderoom
NodeRoom / NodeAgent packed consumer	UNKNOWN STEP	2026-08-14T04:45:51.1508898Z hint: Using 'master' as the name for the initial branch. This default branch name
NodeRoom / NodeAgent packed consumer	UNKNOWN STEP	2026-08-14T04:45:51.1510439Z hint: will change to "main" in Git 3.0. To configure the initial branch name
NodeRoom / NodeAgent packed consumer	UNKNOWN STEP	2026-08-14T04:45:51.1512090Z hint: to use in all of your new repositories, which will suppress this warning,
NodeRoom / NodeAgent packed consumer	UNKNOWN STEP	2026-08-14T04:45:51.1512838Z hint: call:
NodeRoom / NodeAgent packed consumer	UNKNOWN STEP	2026-08-14T04:45:51.1513159Z hint:
NodeRoom / NodeAgent packed consumer	UNKNOWN STEP	2026-08-14T04:45:51.1513585Z hint: 	git config --global init.defaultBranch <name>
NodeRoom / NodeAgent packed consumer	UNKNOWN STEP	2026-08-14T04:45:51.1514122Z hint:
NodeRoom / NodeAgent packed consumer	UNKNOWN STEP	2026-08-14T04:45:51.1514801Z hint: Names commonly chosen instead of 'master' are 'main', 'trunk' and
NodeRoom / NodeAgent packed consumer	UNKNOWN STEP	2026-08-14T04:45:51.1515452Z hint: 'development'. The just-created branch can be renamed via this command:
NodeRoom / NodeAgent packed consumer	UNKNOWN STEP	2026-08-14T04:45:51.1515841Z hint:
NodeRoom / NodeAgent packed consumer	UNKNOWN STEP	2026-08-14T04:45:51.1516059Z hint: 	git branch -m <name>
NodeRoom / NodeAgent packed consumer	UNKNOWN STEP	2026-08-14T04:45:51.1516300Z hint:
NodeRoom / NodeAgent packed consumer	UNKNOWN STEP	2026-08-14T04:45:51.1516640Z hint: Disable this message with "git config set advice.defaultBranchName false"
NodeRoom / NodeAgent packed consumer	UNKNOWN STEP	2026-08-14T04:45:51.1517347Z Initialized empty Git repository in /home/runner/work/NodeSlide/NodeSlide/noderoom/.git/
NodeRoom / NodeAgent packed consumer	UNKNOWN STEP	2026-08-14T04:45:51.1524863Z [command]/usr/bin/git remote add origin https://github.com/HomenShum/NodeRoom
NodeRoom / NodeAgent packed consumer	UNKNOWN STEP	2026-08-14T04:45:51.2462084Z ##[endgroup]
NodeRoom / NodeAgent packed consumer	UNKNOWN STEP	2026-08-14T04:45:51.2462632Z ##[group]Disabling automatic garbage collection
NodeRoom / NodeAgent packed consumer	UNKNOWN STEP	2026-08-14T04:45:51.2467899Z [command]/usr/bin/git config --local gc.auto 0
NodeRoom / NodeAgent packed consumer	UNKNOWN STEP	2026-08-14T04:45:51.3556062Z ##[endgroup]
NodeRoom / NodeAgent packed consumer	UNKNOWN STEP	2026-08-14T04:45:51.3557039Z ##[group]Setting up auth
NodeRoom / NodeAgent packed consumer	UNKNOWN STEP	2026-08-14T04:45:51.3558326Z Removing SSH command configuration
NodeRoom / NodeAgent packed consumer	UNKNOWN STEP	2026-08-14T04:45:51.3567302Z [command]/usr/bin/git config --local --name-only --get-regexp core\.sshCommand
NodeRoom / NodeAgent packed consumer	UNKNOWN STEP	2026-08-14T04:45:51.3614047Z [command]/usr/bin/git submodule foreach --recursive sh -c "git config --local --name-only --get-regexp 'core\.sshCommand' && git config --local --unset-all 'core.sshCommand' || :"
NodeRoom / NodeAgent packed consumer	UNKNOWN STEP	2026-08-14T04:45:51.3814147Z Removing HTTP extra header
NodeRoom / NodeAgent packed consumer	UNKNOWN STEP	2026-08-14T04:45:51.3820841Z [command]/usr/bin/git config --local --name-only --get-regexp http\.https\:\/\/github\.com\/\.extraheader
NodeRoom / NodeAgent packed consumer	UNKNOWN STEP	2026-08-14T04:45:51.3857918Z [command]/usr/bin/git submodule foreach --recursive sh -c "git config --local --name-only --get-regexp 'http\.https\:\/\/github\.com\/\.extraheader' && git config --local --unset-all 'http.https://github.com/.extraheader' || :"
NodeRoom / NodeAgent packed consumer	UNKNOWN STEP	2026-08-14T04:45:51.4036627Z Removing includeIf entries pointing to credentials config files
NodeRoom / NodeAgent packed consumer	UNKNOWN STEP	2026-08-14T04:45:51.4043467Z [command]/usr/bin/git config --local --name-only --get-regexp ^includeIf\.gitdir:
NodeRoom / NodeAgent packed consumer	UNKNOWN STEP	2026-08-14T04:45:51.4075313Z [command]/usr/bin/git submodule foreach --recursive git config --local --show-origin --name-only --get-regexp remote.origin.url
NodeRoom / NodeAgent packed consumer	UNKNOWN STEP	2026-08-14T04:45:51.4261640Z [command]/usr/bin/git config --file /home/runner/work/_temp/git-credentials-7516deeb-c2ec-4dfb-aff6-da7bb2b878e3.config http.https://github.com/.extraheader AUTHORIZATION: basic ***
NodeRoom / NodeAgent packed consumer	UNKNOWN STEP	2026-08-14T04:45:51.4305383Z [command]/usr/bin/git config --local includeIf.gitdir:/home/runner/work/NodeSlide/NodeSlide/noderoom/.git.path /home/runner/work/_temp/git-credentials-7516deeb-c2ec-4dfb-aff6-da7bb2b878e3.config
NodeRoom / NodeAgent packed consumer	UNKNOWN STEP	2026-08-14T04:45:51.4332687Z [command]/usr/bin/git config --local includeIf.gitdir:/home/runner/work/NodeSlide/NodeSlide/noderoom/.git/worktrees/*.path /home/runner/work/_temp/git-credentials-7516deeb-c2ec-4dfb-aff6-da7bb2b878e3.config
NodeRoom / NodeAgent packed consumer	UNKNOWN STEP	2026-08-14T04:45:51.4996410Z [command]/usr/bin/git config --local includeIf.gitdir:/github/workspace/noderoom/.git.path /github/runner_temp/git-credentials-7516deeb-c2ec-4dfb-aff6-da7bb2b878e3.config
NodeRoom / NodeAgent packed consumer	UNKNOWN STEP	2026-08-14T04:45:51.5031643Z [command]/usr/bin/git config --local includeIf.gitdir:/github/workspace/noderoom/.git/worktrees/*.path /github/runner_temp/git-credentials-7516deeb-c2ec-4dfb-aff6-da7bb2b878e3.config
NodeRoom / NodeAgent packed consumer	UNKNOWN STEP	2026-08-14T04:45:51.5460657Z ##[endgroup]
NodeRoom / NodeAgent packed consumer	UNKNOWN STEP	2026-08-14T04:45:51.5461271Z ##[group]Fetching the repository
NodeRoom / NodeAgent packed consumer	UNKNOWN STEP	2026-08-14T04:45:51.5471394Z [command]/usr/bin/git -c protocol.version=2 fetch --no-tags --prune --no-recurse-submodules --depth=1 origin +refs/heads/main*:refs/remotes/origin/main* +refs/tags/main*:refs/tags/main*
NodeRoom / NodeAgent packed consumer	UNKNOWN STEP	2026-08-14T04:46:05.5155866Z From https://github.com/HomenShum/NodeRoom
NodeRoom / NodeAgent packed consumer	UNKNOWN STEP	2026-08-14T04:46:05.5156426Z  * [new branch]      main       -> origin/main
NodeRoom / NodeAgent packed consumer	UNKNOWN STEP	2026-08-14T04:46:05.5181938Z ##[endgroup]
NodeRoom / NodeAgent packed consumer	UNKNOWN STEP	2026-08-14T04:46:05.5182576Z ##[group]Determining the checkout info
NodeRoom / NodeAgent packed consumer	UNKNOWN STEP	2026-08-14T04:46:05.5190190Z [command]/usr/bin/git branch --list --remote origin/main
NodeRoom / NodeAgent packed consumer	UNKNOWN STEP	2026-08-14T04:46:05.5214606Z   origin/main
NodeRoom / NodeAgent packed consumer	UNKNOWN STEP	2026-08-14T04:46:05.5218281Z ##[endgroup]
NodeRoom / NodeAgent packed consumer	UNKNOWN STEP	2026-08-14T04:46:05.5223801Z [command]/usr/bin/git sparse-checkout disable
NodeRoom / NodeAgent packed consumer	UNKNOWN STEP	2026-08-14T04:46:05.5559944Z [command]/usr/bin/git config --local --unset-all extensions.worktreeConfig
NodeRoom / NodeAgent packed consumer	UNKNOWN STEP	2026-08-14T04:46:05.5969958Z ##[group]Checking out the ref
NodeRoom / NodeAgent packed consumer	UNKNOWN STEP	2026-08-14T04:46:05.5976999Z [command]/usr/bin/git checkout --progress --force -B main refs/remotes/origin/main
NodeRoom / NodeAgent packed consumer	UNKNOWN STEP	2026-08-14T04:46:07.2710547Z Updating files:  68% (4261/6242)
NodeRoom / NodeAgent packed consumer	UNKNOWN STEP	2026-08-14T04:46:07.3499319Z Updating files:  69% (4307/6242)
NodeRoom / NodeAgent packed consumer	UNKNOWN STEP	2026-08-14T04:46:07.4622227Z Updating files:  70% (4370/6242)
NodeRoom / NodeAgent packed consumer	UNKNOWN STEP	2026-08-14T04:46:07.4907036Z Updating files:  71% (4432/6242)
NodeRoom / NodeAgent packed consumer	UNKNOWN STEP	2026-08-14T04:46:07.5030417Z Updating files:  72% (4495/6242)
NodeRoom / NodeAgent packed consumer	UNKNOWN STEP	2026-08-14T04:46:07.5069572Z Updating files:  73% (4557/6242)
NodeRoom / NodeAgent packed consumer	UNKNOWN STEP	2026-08-14T04:46:07.5353580Z Updating files:  74% (4620/6242)
NodeRoom / NodeAgent packed consumer	UNKNOWN STEP	2026-08-14T04:46:07.5384947Z Updating files:  75% (4682/6242)
NodeRoom / NodeAgent packed consumer	UNKNOWN STEP	2026-08-14T04:46:07.5494176Z Updating files:  76% (4744/6242)
NodeRoom / NodeAgent packed consumer	UNKNOWN STEP	2026-08-14T04:46:07.5603360Z Updating files:  77% (4807/6242)
NodeRoom / NodeAgent packed consumer	UNKNOWN STEP	2026-08-14T04:46:07.5794173Z Updating files:  78% (4869/6242)
NodeRoom / NodeAgent packed consumer	UNKNOWN STEP	2026-08-14T04:46:07.5872351Z Updating files:  79% (4932/6242)
NodeRoom / NodeAgent packed consumer	UNKNOWN STEP	2026-08-14T04:46:07.5906611Z Updating files:  80% (4994/6242)
NodeRoom / NodeAgent packed consumer	UNKNOWN STEP	2026-08-14T04:46:07.5942417Z Updating files:  81% (5057/6242)
NodeRoom / NodeAgent packed consumer	UNKNOWN STEP	2026-08-14T04:46:07.5981226Z Updating files:  82% (5119/6242)
NodeRoom / NodeAgent packed consumer	UNKNOWN STEP	2026-08-14T04:46:07.6012756Z Updating files:  83% (5181/6242)
NodeRoom / NodeAgent packed consumer	UNKNOWN STEP	2026-08-14T04:46:07.6064521Z Updating files:  84% (5244/6242)
NodeRoom / NodeAgent packed consumer	UNKNOWN STEP	2026-08-14T04:46:07.6071879Z Updating files:  85% (5306/6242)
NodeRoom / NodeAgent packed consumer	UNKNOWN STEP	2026-08-14T04:46:07.6110514Z Updating files:  85% (5314/6242)
NodeRoom / NodeAgent packed consumer	UNKNOWN STEP	2026-08-14T04:46:07.6141649Z Updating files:  86% (5369/6242)
NodeRoom / NodeAgent packed consumer	UNKNOWN STEP	2026-08-14T04:46:07.6166983Z Updating files:  87% (5431/6242)
NodeRoom / NodeAgent packed consumer	UNKNOWN STEP	2026-08-14T04:46:07.6205788Z Updating files:  88% (5493/6242)
NodeRoom / NodeAgent packed consumer	UNKNOWN STEP	2026-08-14T04:46:07.6231551Z Updating files:  89% (5556/6242)
NodeRoom / NodeAgent packed consumer	UNKNOWN STEP	2026-08-14T04:46:07.6282292Z Updating files:  90% (5618/6242)
NodeRoom / NodeAgent packed consumer	UNKNOWN STEP	2026-08-14T04:46:07.6325333Z Updating files:  91% (5681/6242)
NodeRoom / NodeAgent packed consumer	UNKNOWN STEP	2026-08-14T04:46:07.6362921Z Updating files:  92% (5743/6242)
NodeRoom / NodeAgent packed consumer	UNKNOWN STEP	2026-08-14T04:46:07.6393358Z Updating files:  93% (5806/6242)
NodeRoom / NodeAgent packed consumer	UNKNOWN STEP	2026-08-14T04:46:07.6421615Z Updating files:  94% (5868/6242)
NodeRoom / NodeAgent packed consumer	UNKNOWN STEP	2026-08-14T04:46:07.6448626Z Updating files:  95% (5930/6242)
NodeRoom / NodeAgent packed consumer	UNKNOWN STEP	2026-08-14T04:46:07.6479244Z Updating files:  96% (5993/6242)
NodeRoom / NodeAgent packed consumer	UNKNOWN STEP	2026-08-14T04:46:07.6508813Z Updating files:  97% (6055/6242)
NodeRoom / NodeAgent packed consumer	UNKNOWN STEP	2026-08-14T04:46:07.6543566Z Updating files:  98% (6118/6242)
NodeRoom / NodeAgent packed consumer	UNKNOWN STEP	2026-08-14T04:46:07.6572888Z Updating files:  99% (6180/6242)
NodeRoom / NodeAgent packed consumer	UNKNOWN STEP	2026-08-14T04:46:07.6573374Z Updating files: 100% (6242/6242)
NodeRoom / NodeAgent packed consumer	UNKNOWN STEP	2026-08-14T04:46:07.6573910Z Updating files: 100% (6242/6242), done.
NodeRoom / NodeAgent packed consumer	UNKNOWN STEP	2026-08-14T04:46:07.6655979Z Switched to a new branch 'main'
NodeRoom / NodeAgent packed consumer	UNKNOWN STEP	2026-08-14T04:46:07.6657020Z branch 'main' set up to track 'origin/main'.
NodeRoom / NodeAgent packed consumer	UNKNOWN STEP	2026-08-14T04:46:07.6729611Z ##[endgroup]
NodeRoom / NodeAgent packed consumer	UNKNOWN STEP	2026-08-14T04:46:07.6768576Z [command]/usr/bin/git log -1 --format=%H
NodeRoom / NodeAgent packed consumer	UNKNOWN STEP	2026-08-14T04:46:07.6793045Z 35213e9ce7ea6b35c7e50995f89b90f4d92884a4
NodeRoom / NodeAgent packed consumer	UNKNOWN STEP	2026-08-14T04:46:07.6964237Z ##[group]Run actions/setup-node@249970729cb0ef3589644e2896645e5dc5ba9c38
NodeRoom / NodeAgent packed consumer	UNKNOWN STEP	2026-08-14T04:46:07.6964616Z with:
NodeRoom / NodeAgent packed consumer	UNKNOWN STEP	2026-08-14T04:46:07.6964819Z   node-version: 22
NodeRoom / NodeAgent packed consumer	UNKNOWN STEP	2026-08-14T04:46:07.6965016Z   cache: npm
NodeRoom / NodeAgent packed consumer	UNKNOWN STEP	2026-08-14T04:46:07.6965355Z   cache-dependency-path: nodeslide/package-lock.json
NodeRoom / NodeAgent packed consumer	UNKNOWN STEP	noderoom/package-lock.json
NodeRoom / NodeAgent packed consumer	UNKNOWN STEP	
NodeRoom / NodeAgent packed consumer	UNKNOWN STEP	2026-08-14T04:46:07.6965909Z   check-latest: false
NodeRoom / NodeAgent packed consumer	UNKNOWN STEP	2026-08-14T04:46:07.6968534Z   token: ***
NodeRoom / NodeAgent packed consumer	UNKNOWN STEP	2026-08-14T04:46:07.6968748Z   package-manager-cache: true
NodeRoom / NodeAgent packed consumer	UNKNOWN STEP	2026-08-14T04:46:07.6968990Z ##[endgroup]
NodeRoom / NodeAgent packed consumer	UNKNOWN STEP	2026-08-14T04:46:07.8345404Z Found in cache @ /opt/hostedtoolcache/node/22.23.2/x64
NodeRoom / NodeAgent packed consumer	UNKNOWN STEP	2026-08-14T04:46:07.8348109Z ##[group]Environment details
NodeRoom / NodeAgent packed consumer	UNKNOWN STEP	2026-08-14T04:46:08.1947207Z node: v22.23.2
NodeRoom / NodeAgent packed consumer	UNKNOWN STEP	2026-08-14T04:46:08.1947613Z npm: 10.9.8
NodeRoom / NodeAgent packed consumer	UNKNOWN STEP	2026-08-14T04:46:08.1948014Z yarn: 1.22.22
NodeRoom / NodeAgent packed consumer	UNKNOWN STEP	2026-08-14T04:46:08.1948668Z ##[endgroup]
NodeRoom / NodeAgent packed consumer	UNKNOWN STEP	2026-08-14T04:46:08.1965057Z [command]/opt/hostedtoolcache/node/22.23.2/x64/bin/npm config get cache
NodeRoom / NodeAgent packed consumer	UNKNOWN STEP	2026-08-14T04:46:08.3033751Z /home/runner/.npm
NodeRoom / NodeAgent packed consumer	UNKNOWN STEP	2026-08-14T04:46:08.5402586Z Cache hit for: node-cache-Linux-x64-npm-a29c1f0beca3bd271e6313115951ff7954a57a01541b7513f9a2b04249483c1c
NodeRoom / NodeAgent packed consumer	UNKNOWN STEP	2026-08-14T04:46:09.7711859Z Received 29360128 of 490433573 (6.0%), 28.0 MBs/sec
NodeRoom / NodeAgent packed consumer	UNKNOWN STEP	2026-08-14T04:46:10.7719328Z Received 150994944 of 490433573 (30.8%), 72.0 MBs/sec
NodeRoom / NodeAgent packed consumer	UNKNOWN STEP	2026-08-14T04:46:11.7727539Z Received 276824064 of 490433573 (56.4%), 88.0 MBs/sec
NodeRoom / NodeAgent packed consumer	UNKNOWN STEP	2026-08-14T04:46:12.7779119Z Received 432013312 of 490433573 (88.1%), 103.0 MBs/sec
NodeRoom / NodeAgent packed consumer	UNKNOWN STEP	2026-08-14T04:46:13.1201227Z Received 490433573 of 490433573 (100.0%), 107.6 MBs/sec
NodeRoom / NodeAgent packed consumer	UNKNOWN STEP	2026-08-14T04:46:13.1202352Z Cache Size: ~468 MB (490433573 B)
NodeRoom / NodeAgent packed consumer	UNKNOWN STEP	2026-08-14T04:46:13.1323733Z [command]/usr/bin/tar -xf /home/runner/work/_temp/3633a6e7-b243-4531-bb60-87f33df0165d/cache.tzst -P -C /home/runner/work/NodeSlide/NodeSlide --use-compress-program unzstd
NodeRoom / NodeAgent packed consumer	UNKNOWN STEP	2026-08-14T04:46:13.7121123Z Cache restored successfully
NodeRoom / NodeAgent packed consumer	UNKNOWN STEP	2026-08-14T04:46:13.7286780Z Cache restored from key: node-cache-Linux-x64-npm-a29c1f0beca3bd271e6313115951ff7954a57a01541b7513f9a2b04249483c1c
NodeRoom / NodeAgent packed consumer	UNKNOWN STEP	2026-08-14T04:46:13.7435003Z ##[group]Run npm ci --prefix nodeslide
NodeRoom / NodeAgent packed consumer	UNKNOWN STEP	2026-08-14T04:46:13.7435447Z [36;1mnpm ci --prefix nodeslide[0m
NodeRoom / NodeAgent packed consumer	UNKNOWN STEP	2026-08-14T04:46:13.7469022Z shell: /usr/bin/bash -e {0}
NodeRoom / NodeAgent packed consumer	UNKNOWN STEP	2026-08-14T04:46:13.7469299Z ##[endgroup]
NodeRoom / NodeAgent packed consumer	UNKNOWN STEP	2026-08-14T04:46:14.7447569Z npm warn skipping integrity check for git dependency ssh://git@github.com/HomenShum/node-platform.git
NodeRoom / NodeAgent packed consumer	UNKNOWN STEP	2026-08-14T04:46:19.7656688Z npm warn deprecated node-domexception@1.0.0: Use your platform's native DOMException instead
NodeRoom / NodeAgent packed consumer	UNKNOWN STEP	2026-08-14T04:46:31.5000910Z 
NodeRoom / NodeAgent packed consumer	UNKNOWN STEP	2026-08-14T04:46:31.5001904Z added 712 packages, and audited 728 packages in 18s
NodeRoom / NodeAgent packed consumer	UNKNOWN STEP	2026-08-14T04:46:31.5002223Z 
NodeRoom / NodeAgent packed consumer	UNKNOWN STEP	2026-08-14T04:46:31.5002393Z 104 packages are looking for funding
NodeRoom / NodeAgent packed consumer	UNKNOWN STEP	2026-08-14T04:46:31.5002689Z   run `npm fund` for details
NodeRoom / NodeAgent packed consumer	UNKNOWN STEP	2026-08-14T04:46:31.5115359Z 
NodeRoom / NodeAgent packed consumer	UNKNOWN STEP	2026-08-14T04:46:31.5116583Z 4 high severity vulnerabilities
NodeRoom / NodeAgent packed consumer	UNKNOWN STEP	2026-08-14T04:46:31.5116979Z 
NodeRoom / NodeAgent packed consumer	UNKNOWN STEP	2026-08-14T04:46:31.5117380Z To address issues that do not require attention, run:
NodeRoom / NodeAgent packed consumer	UNKNOWN STEP	2026-08-14T04:46:31.5118091Z   npm audit fix
NodeRoom / NodeAgent packed consumer	UNKNOWN STEP	2026-08-14T04:46:31.5118421Z 
NodeRoom / NodeAgent packed consumer	UNKNOWN STEP	2026-08-14T04:46:31.5118682Z To address all issues (including breaking changes), run:
NodeRoom / NodeAgent packed consumer	UNKNOWN STEP	2026-08-14T04:46:31.5119044Z   npm audit fix --force
NodeRoom / NodeAgent packed consumer	UNKNOWN STEP	2026-08-14T04:46:31.5119188Z 
NodeRoom / NodeAgent packed consumer	UNKNOWN STEP	2026-08-14T04:46:31.5119321Z Run `npm audit` for details.
NodeRoom / NodeAgent packed consumer	UNKNOWN STEP	2026-08-14T04:46:31.5827615Z ##[group]Run npm run packages:build
NodeRoom / NodeAgent packed consumer	UNKNOWN STEP	2026-08-14T04:46:31.5828359Z [36;1mnpm run packages:build[0m
NodeRoom / NodeAgent packed consumer	UNKNOWN STEP	2026-08-14T04:46:31.5828653Z [36;1mnpm run packages:consumer:smoke[0m
NodeRoom / NodeAgent packed consumer	UNKNOWN STEP	2026-08-14T04:46:31.5829110Z [36;1mnpm run proof:node-gym-portability -- --noderoom-root ../noderoom[0m
NodeRoom / NodeAgent packed consumer	UNKNOWN STEP	2026-08-14T04:46:31.5829546Z [36;1mmkdir -p "$RUNNER_TEMP/nodeslide-packages"[0m
NodeRoom / NodeAgent packed consumer	UNKNOWN STEP	2026-08-14T04:46:31.5829908Z [36;1mmkdir -p "$RUNNER_TEMP/node-gym-packages"[0m
NodeRoom / NodeAgent packed consumer	UNKNOWN STEP	2026-08-14T04:46:31.5830418Z [36;1mnpm pack --workspace @nodekit/gym-core --pack-destination "$RUNNER_TEMP/node-gym-packages"[0m
NodeRoom / NodeAgent packed consumer	UNKNOWN STEP	2026-08-14T04:46:31.5831067Z [36;1mnpm pack --workspace @nodeslide/contracts --pack-destination "$RUNNER_TEMP/nodeslide-packages"[0m
NodeRoom / NodeAgent packed consumer	UNKNOWN STEP	2026-08-14T04:46:31.5831712Z [36;1mnpm pack --workspace @nodeslide/engine --pack-destination "$RUNNER_TEMP/nodeslide-packages"[0m
NodeRoom / NodeAgent packed consumer	UNKNOWN STEP	2026-08-14T04:46:31.5832349Z [36;1mnpm pack --workspace @nodeslide/backend --pack-destination "$RUNNER_TEMP/nodeslide-packages"[0m
NodeRoom / NodeAgent packed consumer	UNKNOWN STEP	2026-08-14T04:46:31.5833060Z [36;1mnpm pack --workspace @nodeslide/testing --pack-destination "$RUNNER_TEMP/nodeslide-packages"[0m
NodeRoom / NodeAgent packed consumer	UNKNOWN STEP	2026-08-14T04:46:31.5857119Z shell: /usr/bin/bash -e {0}
NodeRoom / NodeAgent packed consumer	UNKNOWN STEP	2026-08-14T04:46:31.5857615Z ##[endgroup]
NodeRoom / NodeAgent packed consumer	UNKNOWN STEP	2026-08-14T04:46:31.6786087Z 
NodeRoom / NodeAgent packed consumer	UNKNOWN STEP	2026-08-14T04:46:31.6786888Z > nodeslide@0.1.0 packages:build
NodeRoom / NodeAgent packed consumer	UNKNOWN STEP	2026-08-14T04:46:31.6790130Z > npm run build --workspace @nodekit/gym-core && npm run build --workspace @nodeslide/contracts && npm run build --workspace @nodeslide/engine && npm run build --workspace @nodeslide/backend && npm run build --workspace @nodeslide/testing && npm run build --workspace @nodeslide/agent && npm run build --workspace @nodeslide/client-http && npm run build --workspace @nodeslide/react-headless && npm run build --workspace @nodeslide/react && npm run build --workspace @nodeslide/convex && npm run build --workspace @nodeslide/registry && npm run build --workspace @nodeslide/recipelang && npm run build --workspace @nodeslide/cli && npm run build --workspace @nodeslide/external-agent && npm run build --workspace nodeslide-mcp
NodeRoom / NodeAgent packed consumer	UNKNOWN STEP	2026-08-14T04:46:31.6792361Z 
NodeRoom / NodeAgent packed consumer	UNKNOWN STEP	2026-08-14T04:46:31.7926136Z 
NodeRoom / NodeAgent packed consumer	UNKNOWN STEP	2026-08-14T04:46:31.7926922Z > @nodekit/gym-core@0.1.0 build
NodeRoom / NodeAgent packed consumer	UNKNOWN STEP	2026-08-14T04:46:31.7927743Z > tsup src/index.ts --format esm --dts --clean --sourcemap
NodeRoom / NodeAgent packed consumer	UNKNOWN STEP	2026-08-14T04:46:31.7928343Z 
NodeRoom / NodeAgent packed consumer	UNKNOWN STEP	2026-08-14T04:46:32.0794077Z [34mCLI[39m Building entry: src/index.ts
NodeRoom / NodeAgent packed consumer	UNKNOWN STEP	2026-08-14T04:46:32.0803987Z [34mCLI[39m Using tsconfig: tsconfig.json
NodeRoom / NodeAgent packed consumer	UNKNOWN STEP	2026-08-14T04:46:32.0805289Z [34mCLI[39m tsup v8.5.1
NodeRoom / NodeAgent packed consumer	UNKNOWN STEP	2026-08-14T04:46:32.0845040Z [34mCLI[39m Target: es2022
NodeRoom / NodeAgent packed consumer	UNKNOWN STEP	2026-08-14T04:46:32.0857722Z [34mCLI[39m Cleaning output folder
NodeRoom / NodeAgent packed consumer	UNKNOWN STEP	2026-08-14T04:46:32.0867357Z [34mESM[39m Build start
NodeRoom / NodeAgent packed consumer	UNKNOWN STEP	2026-08-14T04:46:32.1142707Z [32mESM[39m [1mdist/index.js     [22m[32m42.30 KB[39m
NodeRoom / NodeAgent packed consumer	UNKNOWN STEP	2026-08-14T04:46:32.1143935Z [32mESM[39m [1mdist/index.js.map [22m[32m82.67 KB[39m
NodeRoom / NodeAgent packed consumer	UNKNOWN STEP	2026-08-14T04:46:32.1144826Z [32mESM[39m ⚡️ Build success in 28ms
NodeRoom / NodeAgent packed consumer	UNKNOWN STEP	2026-08-14T04:46:32.3748887Z [34mDTS[39m Build start
NodeRoom / NodeAgent packed consumer	UNKNOWN STEP	2026-08-14T04:46:34.0078419Z [32mDTS[39m ⚡️ Build success in 1633ms
NodeRoom / NodeAgent packed consumer	UNKNOWN STEP	2026-08-14T04:46:34.0080727Z [32mDTS[39m [1mdist/index.d.ts [22m[32m16.67 KB[39m
NodeRoom / NodeAgent packed consumer	UNKNOWN STEP	2026-08-14T04:46:34.1523270Z 
NodeRoom / NodeAgent packed consumer	UNKNOWN STEP	2026-08-14T04:46:34.1523802Z > @nodeslide/contracts@0.2.2 build
NodeRoom / NodeAgent packed consumer	UNKNOWN STEP	2026-08-14T04:46:34.1524350Z > tsup src/index.ts --format esm --dts --clean --sourcemap
NodeRoom / NodeAgent packed consumer	UNKNOWN STEP	2026-08-14T04:46:34.1524624Z 
NodeRoom / NodeAgent packed consumer	UNKNOWN STEP	2026-08-14T04:46:34.4407323Z [34mCLI[39m Building entry: src/index.ts
NodeRoom / NodeAgent packed consumer	UNKNOWN STEP	2026-08-14T04:46:34.4512887Z [34mCLI[39m Using tsconfig: tsconfig.json
NodeRoom / NodeAgent packed consumer	UNKNOWN STEP	2026-08-14T04:46:34.4513514Z [34mCLI[39m tsup v8.5.1
NodeRoom / NodeAgent packed consumer	UNKNOWN STEP	2026-08-14T04:46:34.4514044Z [34mCLI[39m Target: es2022
NodeRoom / NodeAgent packed consumer	UNKNOWN STEP	2026-08-14T04:46:34.4514643Z [34mCLI[39m Cleaning output folder
NodeRoom / NodeAgent packed consumer	UNKNOWN STEP	2026-08-14T04:46:34.4515128Z [34mESM[39m Build start
NodeRoom / NodeAgent packed consumer	UNKNOWN STEP	2026-08-14T04:46:34.4848098Z [32mESM[39m [1mdist/index.js     [22m[32m59.63 KB[39m
NodeRoom / NodeAgent packed consumer	UNKNOWN STEP	2026-08-14T04:46:34.4849455Z [32mESM[39m [1mdist/index.js.map [22m[32m142.91 KB[39m
NodeRoom / NodeAgent packed consumer	UNKNOWN STEP	2026-08-14T04:46:34.4850489Z [32mESM[39m ⚡️ Build success in 35ms
NodeRoom / NodeAgent packed consumer	UNKNOWN STEP	2026-08-14T04:46:34.7289803Z [34mDTS[39m Build start
NodeRoom / NodeAgent packed consumer	UNKNOWN STEP	2026-08-14T04:46:36.8397037Z [32mDTS[39m ⚡️ Build success in 2111ms
NodeRoom / NodeAgent packed consumer	UNKNOWN STEP	2026-08-14T04:46:36.8398001Z [32mDTS[39m [1mdist/index.d.ts [22m[32m88.73 KB[39m
NodeRoom / NodeAgent packed consumer	UNKNOWN STEP	2026-08-14T04:46:36.9830598Z 
NodeRoom / NodeAgent packed consumer	UNKNOWN STEP	2026-08-14T04:46:36.9831254Z > @nodeslide/engine@0.2.2 build
NodeRoom / NodeAgent packed consumer	UNKNOWN STEP	2026-08-14T04:46:36.9831969Z > tsup src/index.ts --format esm --dts --clean --sourcemap --external @nodeslide/contracts
NodeRoom / NodeAgent packed consumer	UNKNOWN STEP	2026-08-14T04:46:36.9832319Z 
NodeRoom / NodeAgent packed consumer	UNKNOWN STEP	2026-08-14T04:46:37.2655471Z [34mCLI[39m Building entry: src/index.ts
NodeRoom / NodeAgent packed consumer	UNKNOWN STEP	2026-08-14T04:46:37.2666128Z [34mCLI[39m Using tsconfig: tsconfig.json
NodeRoom / NodeAgent packed consumer	UNKNOWN STEP	2026-08-14T04:46:37.2666843Z [34mCLI[39m tsup v8.5.1
NodeRoom / NodeAgent packed consumer	UNKNOWN STEP	2026-08-14T04:46:37.2707207Z [34mCLI[39m Target: es2022
NodeRoom / NodeAgent packed consumer	UNKNOWN STEP	2026-08-14T04:46:37.2720499Z [34mCLI[39m Cleaning output folder
NodeRoom / NodeAgent packed consumer	UNKNOWN STEP	2026-08-14T04:46:37.2730860Z [34mESM[39m Build start
NodeRoom / NodeAgent packed consumer	UNKNOWN STEP	2026-08-14T04:46:37.3328842Z [32mESM[39m [1mdist/index.js     [22m[32m208.94 KB[39m
NodeRoom / NodeAgent packed consumer	UNKNOWN STEP	2026-08-14T04:46:37.3330070Z [32mESM[39m [1mdist/index.js.map [22m[32m520.85 KB[39m
NodeRoom / NodeAgent packed consumer	UNKNOWN STEP	2026-08-14T04:46:37.3331058Z [32mESM[39m ⚡️ Build success in 60ms
NodeRoom / NodeAgent packed consumer	UNKNOWN STEP	2026-08-14T04:46:37.5594610Z [34mDTS[39m Build start
NodeRoom / NodeAgent packed consumer	UNKNOWN STEP	2026-08-14T04:46:40.2897143Z [32mDTS[39m ⚡️ Build success in 2731ms
NodeRoom / NodeAgent packed consumer	UNKNOWN STEP	2026-08-14T04:46:40.2898235Z [32mDTS[39m [1mdist/index.d.ts [22m[32m24.24 KB[39m
NodeRoom / NodeAgent packed consumer	UNKNOWN STEP	2026-08-14T04:46:40.4371903Z 
NodeRoom / NodeAgent packed consumer	UNKNOWN STEP	2026-08-14T04:46:40.4372532Z > @nodeslide/backend@0.2.2 build
NodeRoom / NodeAgent packed consumer	UNKNOWN STEP	2026-08-14T04:46:40.4373167Z > tsup src/index.ts --format esm --dts --clean --sourcemap --external @nodeslide/contracts
NodeRoom / NodeAgent packed consumer	UNKNOWN STEP	2026-08-14T04:46:40.4373509Z 
NodeRoom / NodeAgent packed consumer	UNKNOWN STEP	2026-08-14T04:46:40.7200176Z [34mCLI[39m Building entry: src/index.ts
NodeRoom / NodeAgent packed consumer	UNKNOWN STEP	2026-08-14T04:46:40.7210441Z [34mCLI[39m Using tsconfig: tsconfig.json
NodeRoom / NodeAgent packed consumer	UNKNOWN STEP	2026-08-14T04:46:40.7211752Z [34mCLI[39m tsup v8.5.1
NodeRoom / NodeAgent packed consumer	UNKNOWN STEP	2026-08-14T04:46:40.7251497Z [34mCLI[39m Target: es2022
NodeRoom / NodeAgent packed consumer	UNKNOWN STEP	2026-08-14T04:46:40.7264290Z [34mCLI[39m Cleaning output folder
NodeRoom / NodeAgent packed consumer	UNKNOWN STEP	2026-08-14T04:46:40.7274509Z [34mESM[39m Build start
NodeRoom / NodeAgent packed consumer	UNKNOWN STEP	2026-08-14T04:46:40.7491567Z [32mESM[39m [1mdist/index.js     [22m[32m14.35 KB[39m
NodeRoom / NodeAgent packed consumer	UNKNOWN STEP	2026-08-14T04:46:40.7492707Z [32mESM[39m [1mdist/index.js.map [22m[32m35.04 KB[39m
NodeRoom / NodeAgent packed consumer	UNKNOWN STEP	2026-08-14T04:46:40.7493872Z [32mESM[39m ⚡️ Build success in 22ms
NodeRoom / NodeAgent packed consumer	UNKNOWN STEP	2026-08-14T04:46:41.0085383Z [34mDTS[39m Build start
NodeRoom / NodeAgent packed consumer	UNKNOWN STEP	2026-08-14T04:46:43.0162315Z [32mDTS[39m ⚡️ Build success in 2008ms
NodeRoom / NodeAgent packed consumer	UNKNOWN STEP	2026-08-14T04:46:43.0163348Z [32mDTS[39m [1mdist/index.d.ts [22m[32m13.31 KB[39m
NodeRoom / NodeAgent packed consumer	UNKNOWN STEP	2026-08-14T04:46:43.1634808Z 
NodeRoom / NodeAgent packed consumer	UNKNOWN STEP	2026-08-14T04:46:43.1635481Z > @nodeslide/testing@0.2.2 build
NodeRoom / NodeAgent packed consumer	UNKNOWN STEP	2026-08-14T04:46:43.1638247Z > tsup src/index.ts --format esm --dts --clean --sourcemap --external @nodeslide/backend --external @nodeslide/contracts --external @nodeslide/engine
NodeRoom / NodeAgent packed consumer	UNKNOWN STEP	2026-08-14T04:46:43.1638800Z 
NodeRoom / NodeAgent packed consumer	UNKNOWN STEP	2026-08-14T04:46:43.4439067Z [34mCLI[39m Building entry: src/index.ts
NodeRoom / NodeAgent packed consumer	UNKNOWN STEP	2026-08-14T04:46:43.4448976Z [34mCLI[39m Using tsconfig: tsconfig.json
NodeRoom / NodeAgent packed consumer	UNKNOWN STEP	2026-08-14T04:46:43.4450316Z [34mCLI[39m tsup v8.5.1
NodeRoom / NodeAgent packed consumer	UNKNOWN STEP	2026-08-14T04:46:43.4489955Z [34mCLI[39m Target: es2022
NodeRoom / NodeAgent packed consumer	UNKNOWN STEP	2026-08-14T04:46:43.4502858Z [34mCLI[39m Cleaning output folder
NodeRoom / NodeAgent packed consumer	UNKNOWN STEP	2026-08-14T04:46:43.4512633Z [34mESM[39m Build start
NodeRoom / NodeAgent packed consumer	UNKNOWN STEP	2026-08-14T04:46:43.4800408Z [32mESM[39m [1mdist/index.js     [22m[32m37.36 KB[39m
NodeRoom / NodeAgent packed consumer	UNKNOWN STEP	2026-08-14T04:46:43.4801810Z [32mESM[39m [1mdist/index.js.map [22m[32m70.53 KB[39m
NodeRoom / NodeAgent packed consumer	UNKNOWN STEP	2026-08-14T04:46:43.4802711Z [32mESM[39m ⚡️ Build success in 28ms
NodeRoom / NodeAgent packed consumer	UNKNOWN STEP	2026-08-14T04:46:43.7335158Z [34mDTS[39m Build start
NodeRoom / NodeAgent packed consumer	UNKNOWN STEP	2026-08-14T04:46:46.5576075Z [32mDTS[39m ⚡️ Build success in 2825ms
NodeRoom / NodeAgent packed consumer	UNKNOWN STEP	2026-08-14T04:46:46.5577024Z [32mDTS[39m [1mdist/index.d.ts [22m[32m6.04 KB[39m
NodeRoom / NodeAgent packed consumer	UNKNOWN STEP	2026-08-14T04:46:46.7158962Z 
NodeRoom / NodeAgent packed consumer	UNKNOWN STEP	2026-08-14T04:46:46.7159772Z > @nodeslide/agent@0.2.2 build
NodeRoom / NodeAgent packed consumer	UNKNOWN STEP	2026-08-14T04:46:46.7161083Z > tsup src/index.ts --format esm --dts --clean --sourcemap --external @nodeslide/backend --external @nodeslide/contracts
NodeRoom / NodeAgent packed consumer	UNKNOWN STEP	2026-08-14T04:46:46.7161962Z 
NodeRoom / NodeAgent packed consumer	UNKNOWN STEP	2026-08-14T04:46:46.9949357Z [34mCLI[39m Building entry: src/index.ts
NodeRoom / NodeAgent packed consumer	UNKNOWN STEP	2026-08-14T04:46:46.9958730Z [34mCLI[39m Using tsconfig: tsconfig.json
NodeRoom / NodeAgent packed consumer	UNKNOWN STEP	2026-08-14T04:46:46.9960211Z [34mCLI[39m tsup v8.5.1
NodeRoom / NodeAgent packed consumer	UNKNOWN STEP	2026-08-14T04:46:46.9998812Z [34mCLI[39m Target: es2022
NodeRoom / NodeAgent packed consumer	UNKNOWN STEP	2026-08-14T04:46:47.0011657Z [34mCLI[39m Cleaning output folder
NodeRoom / NodeAgent packed consumer	UNKNOWN STEP	2026-08-14T04:46:47.0022634Z [34mESM[39m Build start
NodeRoom / NodeAgent packed consumer	UNKNOWN STEP	2026-08-14T04:46:47.0206006Z [32mESM[39m [1mdist/index.js     [22m[32m2.98 KB[39m
NodeRoom / NodeAgent packed consumer	UNKNOWN STEP	2026-08-14T04:46:47.0219081Z [32mESM[39m [1mdist/index.js.map [22m[32m7.66 KB[39m
NodeRoom / NodeAgent packed consumer	UNKNOWN STEP	2026-08-14T04:46:47.0249103Z [32mESM[39m ⚡️ Build success in 18ms
NodeRoom / NodeAgent packed consumer	UNKNOWN STEP	2026-08-14T04:46:47.2771034Z [34mDTS[39m Build start
NodeRoom / NodeAgent packed consumer	UNKNOWN STEP	2026-08-14T04:46:49.2456607Z [32mDTS[39m ⚡️ Build success in 1968ms
NodeRoom / NodeAgent packed consumer	UNKNOWN STEP	2026-08-14T04:46:49.2457268Z [32mDTS[39m [1mdist/index.d.ts [22m[32m3.04 KB[39m
NodeRoom / NodeAgent packed consumer	UNKNOWN STEP	2026-08-14T04:46:49.4021648Z 
NodeRoom / NodeAgent packed consumer	UNKNOWN STEP	2026-08-14T04:46:49.4025804Z > @nodeslide/client-http@0.2.2 build
NodeRoom / NodeAgent packed consumer	UNKNOWN STEP	2026-08-14T04:46:49.4026560Z > tsup src/index.ts --format esm --dts --clean --sourcemap --external @nodeslide/backend --external @nodeslide/contracts
NodeRoom / NodeAgent packed consumer	UNKNOWN STEP	2026-08-14T04:46:49.4027018Z 
NodeRoom / NodeAgent packed consumer	UNKNOWN STEP	2026-08-14T04:46:49.6817355Z [34mCLI[39m Building entry: src/index.ts
NodeRoom / NodeAgent packed consumer	UNKNOWN STEP	2026-08-14T04:46:49.6826698Z [34mCLI[39m Using tsconfig: tsconfig.json
NodeRoom / NodeAgent packed consumer	UNKNOWN STEP	2026-08-14T04:46:49.6828415Z [34mCLI[39m tsup v8.5.1
NodeRoom / NodeAgent packed consumer	UNKNOWN STEP	2026-08-14T04:46:49.6866092Z [34mCLI[39m Target: es2022
NodeRoom / NodeAgent packed consumer	UNKNOWN STEP	2026-08-14T04:46:49.6878629Z [34mCLI[39m Cleaning output folder
NodeRoom / NodeAgent packed consumer	UNKNOWN STEP	2026-08-14T04:46:49.6888400Z [34mESM[39m Build start
NodeRoom / NodeAgent packed consumer	UNKNOWN STEP	2026-08-14T04:46:49.7058884Z [32mESM[39m [1mdist/index.js     [22m[32m7.04 KB[39m
NodeRoom / NodeAgent packed consumer	UNKNOWN STEP	2026-08-14T04:46:49.7059787Z [32mESM[39m [1mdist/index.js.map [22m[32m15.24 KB[39m
NodeRoom / NodeAgent packed consumer	UNKNOWN STEP	2026-08-14T04:46:49.7060819Z [32mESM[39m ⚡️ Build success in 17ms
NodeRoom / NodeAgent packed consumer	UNKNOWN STEP	2026-08-14T04:46:49.9625673Z [34mDTS[39m Build start
NodeRoom / NodeAgent packed consumer	UNKNOWN STEP	2026-08-14T04:46:51.9656611Z [32mDTS[39m ⚡️ Build success in 2003ms
NodeRoom / NodeAgent packed consumer	UNKNOWN STEP	2026-08-14T04:46:51.9657520Z [32mDTS[39m [1mdist/index.d.ts [22m[32m3.39 KB[39m
NodeRoom / NodeAgent packed consumer	UNKNOWN STEP	2026-08-14T04:46:52.1344258Z 
NodeRoom / NodeAgent packed consumer	UNKNOWN STEP	2026-08-14T04:46:52.1345166Z > @nodeslide/react-headless@0.2.2 build
NodeRoom / NodeAgent packed consumer	UNKNOWN STEP	2026-08-14T04:46:52.1346289Z > tsup src/index.ts --format esm --dts --clean --sourcemap --external react --external react/jsx-runtime --external @nodeslide/backend --external @nodeslide/contracts --external @nodeslide/engine
NodeRoom / NodeAgent packed consumer	UNKNOWN STEP	2026-08-14T04:46:52.1346962Z 
NodeRoom / NodeAgent packed consumer	UNKNOWN STEP	2026-08-14T04:46:52.4208230Z [34mCLI[39m Building entry: src/index.ts
NodeRoom / NodeAgent packed consumer	UNKNOWN STEP	2026-08-14T04:46:52.4218196Z [34mCLI[39m Using tsconfig: tsconfig.json
NodeRoom / NodeAgent packed consumer	UNKNOWN STEP	2026-08-14T04:46:52.4219599Z [34mCLI[39m tsup v8.5.1
NodeRoom / NodeAgent packed consumer	UNKNOWN STEP	2026-08-14T04:46:52.4259449Z [34mCLI[39m Target: es2022
NodeRoom / NodeAgent packed consumer	UNKNOWN STEP	2026-08-14T04:46:52.4272003Z [34mCLI[39m Cleaning output folder
NodeRoom / NodeAgent packed consumer	UNKNOWN STEP	2026-08-14T04:46:52.4282088Z [34mESM[39m Build start
NodeRoom / NodeAgent packed consumer	UNKNOWN STEP	2026-08-14T04:46:52.4509591Z [32mESM[39m [1mdist/index.js     [22m[32m8.93 KB[39m
NodeRoom / NodeAgent packed consumer	UNKNOWN STEP	2026-08-14T04:46:52.4510492Z [32mESM[39m [1mdist/index.js.map [22m[32m19.75 KB[39m
NodeRoom / NodeAgent packed consumer	UNKNOWN STEP	2026-08-14T04:46:52.4511254Z [32mESM[39m ⚡️ Build success in 22ms
NodeRoom / NodeAgent packed consumer	UNKNOWN STEP	2026-08-14T04:46:52.7197098Z [34mDTS[39m Build start
NodeRoom / NodeAgent packed consumer	UNKNOWN STEP	2026-08-14T04:46:55.4239607Z [32mDTS[39m ⚡️ Build success in 2705ms
NodeRoom / NodeAgent packed consumer	UNKNOWN STEP	2026-08-14T04:46:55.4240637Z [32mDTS[39m [1mdist/index.d.ts [22m[32m5.12 KB[39m
NodeRoom / NodeAgent packed consumer	UNKNOWN STEP	2026-08-14T04:46:55.5704836Z 
NodeRoom / NodeAgent packed consumer	UNKNOWN STEP	2026-08-14T04:46:55.5705679Z > @nodeslide/react@0.2.2 build
NodeRoom / NodeAgent packed consumer	UNKNOWN STEP	2026-08-14T04:46:55.5707664Z > tsup src/index.ts --format esm --dts --clean --sourcemap --external react --external react/jsx-runtime --external @nodeslide/backend --external @nodeslide/contracts --external @nodeslide/react-headless
NodeRoom / NodeAgent packed consumer	UNKNOWN STEP	2026-08-14T04:46:55.5709265Z 
NodeRoom / NodeAgent packed consumer	UNKNOWN STEP	2026-08-14T04:46:55.8507390Z [34mCLI[39m Building entry: src/index.ts
NodeRoom / NodeAgent packed consumer	UNKNOWN STEP	2026-08-14T04:46:55.8517640Z [34mCLI[39m Using tsconfig: tsconfig.json
NodeRoom / NodeAgent packed consumer	UNKNOWN STEP	2026-08-14T04:46:55.8518777Z [34mCLI[39m tsup v8.5.1
NodeRoom / NodeAgent packed consumer	UNKNOWN STEP	2026-08-14T04:46:55.8558187Z [34mCLI[39m Target: es2022
NodeRoom / NodeAgent packed consumer	UNKNOWN STEP	2026-08-14T04:46:55.8571179Z [34mCLI[39m Cleaning output folder
NodeRoom / NodeAgent packed consumer	UNKNOWN STEP	2026-08-14T04:46:55.8581509Z [34mESM[39m Build start
NodeRoom / NodeAgent packed consumer	UNKNOWN STEP	2026-08-14T04:46:55.8880339Z [32mESM[39m [1mdist/index.js     [22m[32m25.43 KB[39m
NodeRoom / NodeAgent packed consumer	UNKNOWN STEP	2026-08-14T04:46:55.8880906Z [32mESM[39m [1mdist/index.js.map [22m[32m43.24 KB[39m
NodeRoom / NodeAgent packed consumer	UNKNOWN STEP	2026-08-14T04:46:55.8882635Z [32mESM[39m ⚡️ Build success in 30ms
NodeRoom / NodeAgent packed consumer	UNKNOWN STEP	2026-08-14T04:46:56.1376319Z [34mDTS[39m Build start
NodeRoom / NodeAgent packed consumer	UNKNOWN STEP	2026-08-14T04:46:59.2833603Z [32mDTS[39m ⚡️ Build success in 3146ms
NodeRoom / NodeAgent packed consumer	UNKNOWN STEP	2026-08-14T04:46:59.2834331Z [32mDTS[39m [1mdist/index.d.ts [22m[32m6.13 KB[39m
NodeRoom / NodeAgent packed consumer	UNKNOWN STEP	2026-08-14T04:46:59.4347208Z 
NodeRoom / NodeAgent packed consumer	UNKNOWN STEP	2026-08-14T04:46:59.4348250Z > @nodeslide/convex@0.2.2 build
NodeRoom / NodeAgent packed consumer	UNKNOWN STEP	2026-08-14T04:46:59.4350749Z > tsup src/index.ts src/capabilityHost.ts src/react.tsx src/component.ts src/componentSchema.ts --format esm --dts --clean --sourcemap --external react --external react/jsx-runtime --external convex --external convex/browser --external convex/server --external convex/values --external @nodeslide/backend --external @nodeslide/contracts --external @nodeslide/engine --external @nodeslide/react --external @nodeslide/react-headless && tsc -p tsconfig.component.json
NodeRoom / NodeAgent packed consumer	UNKNOWN STEP	2026-08-14T04:46:59.4352316Z 
NodeRoom / NodeAgent packed consumer	UNKNOWN STEP	2026-08-14T04:46:59.7149646Z [34mCLI[39m Building entry: src/capabilityHost.ts, src/component.ts, src/componentSchema.ts, src/index.ts, src/react.tsx
NodeRoom / NodeAgent packed consumer	UNKNOWN STEP	2026-08-14T04:46:59.7160496Z [34mCLI[39m Using tsconfig: tsconfig.json
NodeRoom / NodeAgent packed consumer	UNKNOWN STEP	2026-08-14T04:46:59.7162418Z [34mCLI[39m tsup v8.5.1
NodeRoom / NodeAgent packed consumer	UNKNOWN STEP	2026-08-14T04:46:59.7203094Z [34mCLI[39m Target: es2022
NodeRoom / NodeAgent packed consumer	UNKNOWN STEP	2026-08-14T04:46:59.7214036Z [34mCLI[39m Cleaning output folder
NodeRoom / NodeAgent packed consumer	UNKNOWN STEP	2026-08-14T04:46:59.7226802Z [34mESM[39m Build start
NodeRoom / NodeAgent packed consumer	UNKNOWN STEP	2026-08-14T04:46:59.7499316Z [32mESM[39m [1mdist/capabilityHost.js      [22m[32m333.00 B[39m
NodeRoom / NodeAgent packed consumer	UNKNOWN STEP	2026-08-14T04:46:59.7519971Z [32mESM[39m [1mdist/componentSchema.js     [22m[32m2.00 KB[39m
NodeRoom / NodeAgent packed consumer	UNKNOWN STEP	2026-08-14T04:46:59.7520803Z [32mESM[39m [1mdist/react.js               [22m[32m2.74 KB[39m
NodeRoom / NodeAgent packed consumer	UNKNOWN STEP	2026-08-14T04:46:59.7521818Z [32mESM[39m [1mdist/index.js               [22m[32m968.00 B[39m
NodeRoom / NodeAgent packed consumer	UNKNOWN STEP	2026-08-14T04:46:59.7522533Z [32mESM[39m [1mdist/chunk-3QWBEMVX.js      [22m[32m6.97 KB[39m
NodeRoom / NodeAgent packed consumer	UNKNOWN STEP	2026-08-14T04:46:59.7523262Z [32mESM[39m [1mdist/chunk-U3H4RHYN.js      [22m[32m5.02 KB[39m
NodeRoom / NodeAgent packed consumer	UNKNOWN STEP	2026-08-14T04:46:59.7523962Z [32mESM[39m [1mdist/component.js           [22m[32m4.56 KB[39m
NodeRoom / NodeAgent packed consumer	UNKNOWN STEP	2026-08-14T04:46:59.7524674Z [32mESM[39m [1mdist/capabilityHost.js.map  [22m[32m71.00 B[39m
NodeRoom / NodeAgent packed consumer	UNKNOWN STEP	2026-08-14T04:46:59.7525391Z [32mESM[39m [1mdist/index.js.map           [22m[32m71.00 B[39m
NodeRoom / NodeAgent packed consumer	UNKNOWN STEP	2026-08-14T04:46:59.7526092Z [32mESM[39m [1mdist/react.js.map           [22m[32m5.67 KB[39m
NodeRoom / NodeAgent packed consumer	UNKNOWN STEP	2026-08-14T04:46:59.7526803Z [32mESM[39m [1mdist/componentSchema.js.map [22m[32m4.31 KB[39m
NodeRoom / NodeAgent packed consumer	UNKNOWN STEP	2026-08-14T04:46:59.7527524Z [32mESM[39m [1mdist/chunk-3QWBEMVX.js.map  [22m[32m16.95 KB[39m
NodeRoom / NodeAgent packed consumer	UNKNOWN STEP	2026-08-14T04:46:59.7528454Z [32mESM[39m [1mdist/chunk-U3H4RHYN.js.map  [22m[32m13.57 KB[39m
NodeRoom / NodeAgent packed consumer	UNKNOWN STEP	2026-08-14T04:46:59.7529176Z [32mESM[39m [1mdist/component.js.map       [22m[32m10.80 KB[39m
NodeRoom / NodeAgent packed consumer	UNKNOWN STEP	2026-08-14T04:46:59.7529759Z [32mESM[39m ⚡️ Build success in 28ms
NodeRoom / NodeAgent packed consumer	UNKNOWN STEP	2026-08-14T04:47:00.0035344Z [34mDTS[39m Build start
NodeRoom / NodeAgent packed consumer	UNKNOWN STEP	2026-08-14T04:47:05.0394651Z [32mDTS[39m ⚡️ Build success in 5037ms
NodeRoom / NodeAgent packed consumer	UNKNOWN STEP	2026-08-14T04:47:05.0396688Z [32mDTS[39m [1mdist/component.d.ts       [22m[32m2.63 KB[39m
NodeRoom / NodeAgent packed consumer	UNKNOWN STEP	2026-08-14T04:47:05.0398028Z [32mDTS[39m [1mdist/componentSchema.d.ts [22m[32m176.00 B[39m
NodeRoom / NodeAgent packed consumer	UNKNOWN STEP	2026-08-14T04:47:05.0399154Z [32mDTS[39m [1mdist/react.d.ts           [22m[32m1.18 KB[39m
NodeRoom / NodeAgent packed consumer	UNKNOWN STEP	2026-08-14T04:47:05.0400161Z [32mDTS[39m [1mdist/index.d.ts           [22m[32m7.26 KB[39m
NodeRoom / NodeAgent packed consumer	UNKNOWN STEP	2026-08-14T04:47:05.0401152Z [32mDTS[39m [1mdist/capabilityHost.d.ts  [22m[32m5.45 KB[39m
NodeRoom / NodeAgent packed consumer	UNKNOWN STEP	2026-08-14T04:47:07.3204080Z 
NodeRoom / NodeAgent packed consumer	UNKNOWN STEP	2026-08-14T04:47:07.3204672Z > @nodeslide/registry@0.2.2 build
NodeRoom / NodeAgent packed consumer	UNKNOWN STEP	2026-08-14T04:47:07.3205337Z > tsup src/index.ts --format esm --dts --clean --sourcemap --platform node
NodeRoom / NodeAgent packed consumer	UNKNOWN STEP	2026-08-14T04:47:07.3205649Z 
NodeRoom / NodeAgent packed consumer	UNKNOWN STEP	2026-08-14T04:47:07.6025456Z [34mCLI[39m Building entry: src/index.ts
NodeRoom / NodeAgent packed consumer	UNKNOWN STEP	2026-08-14T04:47:07.6035744Z [34mCLI[39m Using tsconfig: tsconfig.json
NodeRoom / NodeAgent packed consumer	UNKNOWN STEP	2026-08-14T04:47:07.6036974Z [34mCLI[39m tsup v8.5.1
NodeRoom / NodeAgent packed consumer	UNKNOWN STEP	2026-08-14T04:47:07.6080476Z [34mCLI[39m Target: es2022
NodeRoom / NodeAgent packed consumer	UNKNOWN STEP	2026-08-14T04:47:07.6097653Z [34mCLI[39m Cleaning output folder
NodeRoom / NodeAgent packed consumer	UNKNOWN STEP	2026-08-14T04:47:07.6111226Z [34mESM[39m Build start
NodeRoom / NodeAgent packed consumer	UNKNOWN STEP	2026-08-14T04:47:07.6309255Z [32mESM[39m [1mdist/index.js     [22m[32m2.58 KB[39m
NodeRoom / NodeAgent packed consumer	UNKNOWN STEP	2026-08-14T04:47:07.6310010Z [32mESM[39m [1mdist/index.js.map [22m[32m4.87 KB[39m
NodeRoom / NodeAgent packed consumer	UNKNOWN STEP	2026-08-14T04:47:07.6310730Z [32mESM[39m ⚡️ Build success in 19ms
NodeRoom / NodeAgent packed consumer	UNKNOWN STEP	2026-08-14T04:47:07.8897917Z [34mDTS[39m Build start
NodeRoom / NodeAgent packed consumer	UNKNOWN STEP	2026-08-14T04:47:09.0276392Z [32mDTS[39m ⚡️ Build success in 1138ms
NodeRoom / NodeAgent packed consumer	UNKNOWN STEP	2026-08-14T04:47:09.0277360Z [32mDTS[39m [1mdist/index.d.ts [22m[32m1.13 KB[39m
NodeRoom / NodeAgent packed consumer	UNKNOWN STEP	2026-08-14T04:47:09.1659275Z 
NodeRoom / NodeAgent packed consumer	UNKNOWN STEP	2026-08-14T04:47:09.1659873Z > @nodeslide/recipelang@0.2.2 build
NodeRoom / NodeAgent packed consumer	UNKNOWN STEP	2026-08-14T04:47:09.1660881Z > tsup src/index.ts src/cli.ts --format esm --platform node --dts --clean --sourcemap
NodeRoom / NodeAgent packed consumer	UNKNOWN STEP	2026-08-14T04:47:09.1661217Z 
NodeRoom / NodeAgent packed consumer	UNKNOWN STEP	2026-08-14T04:47:09.4473493Z [34mCLI[39m Building entry: src/cli.ts, src/index.ts
NodeRoom / NodeAgent packed consumer	UNKNOWN STEP	2026-08-14T04:47:09.4484327Z [34mCLI[39m Using tsconfig: tsconfig.json
NodeRoom / NodeAgent packed consumer	UNKNOWN STEP	2026-08-14T04:47:09.4485206Z [34mCLI[39m tsup v8.5.1
NodeRoom / NodeAgent packed consumer	UNKNOWN STEP	2026-08-14T04:47:09.4525367Z [34mCLI[39m Target: es2022
NodeRoom / NodeAgent packed consumer	UNKNOWN STEP	2026-08-14T04:47:09.4534217Z [34mCLI[39m Cleaning output folder
NodeRoom / NodeAgent packed consumer	UNKNOWN STEP	2026-08-14T04:47:09.4544396Z [34mESM[39m Build start
NodeRoom / NodeAgent packed consumer	UNKNOWN STEP	2026-08-14T04:47:09.4829598Z [32mESM[39m [1mdist/cli.js                [22m[32m6.33 KB[39m
NodeRoom / NodeAgent packed consumer	UNKNOWN STEP	2026-08-14T04:47:09.4838775Z [32mESM[39m [1mdist/index.js              [22m[32m1012.00 B[39m
NodeRoom / NodeAgent packed consumer	UNKNOWN STEP	2026-08-14T04:47:09.4839401Z [32mESM[39m [1mdist/chunk-U37KJOEV.js     [22m[32m33.41 KB[39m
NodeRoom / NodeAgent packed consumer	UNKNOWN STEP	2026-08-14T04:47:09.4839999Z [32mESM[39m [1mdist/cli.js.map            [22m[32m11.57 KB[39m
NodeRoom / NodeAgent packed consumer	UNKNOWN STEP	2026-08-14T04:47:09.4840722Z [32mESM[39m [1mdist/chunk-U37KJOEV.js.map [22m[32m65.71 KB[39m
NodeRoom / NodeAgent packed consumer	UNKNOWN STEP	2026-08-14T04:47:09.4841377Z [32mESM[39m [1mdist/index.js.map          [22m[32m71.00 B[39m
NodeRoom / NodeAgent packed consumer	UNKNOWN STEP	2026-08-14T04:47:09.4841863Z [32mESM[39m ⚡️ Build success in 29ms
NodeRoom / NodeAgent packed consumer	UNKNOWN STEP	2026-08-14T04:47:09.7340343Z [34mDTS[39m Build start
NodeRoom / NodeAgent packed consumer	UNKNOWN STEP	2026-08-14T04:47:11.7264160Z [32mDTS[39m ⚡️ Build success in 1993ms
NodeRoom / NodeAgent packed consumer	UNKNOWN STEP	2026-08-14T04:47:11.7265319Z [32mDTS[39m [1mdist/cli.d.ts   [22m[32m20.00 B[39m
NodeRoom / NodeAgent packed consumer	UNKNOWN STEP	2026-08-14T04:47:11.7266091Z [32mDTS[39m [1mdist/index.d.ts [22m[32m9.29 KB[39m
NodeRoom / NodeAgent packed consumer	UNKNOWN STEP	2026-08-14T04:47:11.8760591Z 
NodeRoom / NodeAgent packed consumer	UNKNOWN STEP	2026-08-14T04:47:11.8761112Z > @nodeslide/cli@0.2.2 build
NodeRoom / NodeAgent packed consumer	UNKNOWN STEP	2026-08-14T04:47:11.8761602Z > tsup
NodeRoom / NodeAgent packed consumer	UNKNOWN STEP	2026-08-14T04:47:11.8761768Z 
NodeRoom / NodeAgent packed consumer	UNKNOWN STEP	2026-08-14T04:47:12.1779313Z [34mCLI[39m Building entry: src/cli.ts, src/index.ts
NodeRoom / NodeAgent packed consumer	UNKNOWN STEP	2026-08-14T04:47:12.1784503Z [34mCLI[39m Using tsconfig: tsconfig.json
NodeRoom / NodeAgent packed consumer	UNKNOWN STEP	2026-08-14T04:47:12.1785849Z [34mCLI[39m tsup v8.5.1
NodeRoom / NodeAgent packed consumer	UNKNOWN STEP	2026-08-14T04:47:12.1787210Z [34mCLI[39m Using tsup config: /home/runner/work/NodeSlide/NodeSlide/nodeslide/packages/cli/tsup.config.ts
NodeRoom / NodeAgent packed consumer	UNKNOWN STEP	2026-08-14T04:47:12.1836508Z [34mCLI[39m Target: es2022
NodeRoom / NodeAgent packed consumer	UNKNOWN STEP	2026-08-14T04:47:12.1851474Z [34mCLI[39m Cleaning output folder
NodeRoom / NodeAgent packed consumer	UNKNOWN STEP	2026-08-14T04:47:12.1863856Z [34mESM[39m Build start
NodeRoom / NodeAgent packed consumer	UNKNOWN STEP	2026-08-14T04:47:12.3193732Z [32mESM[39m [1mdist/index.js              [22m[32m640.00 B[39m
NodeRoom / NodeAgent packed consumer	UNKNOWN STEP	2026-08-14T04:47:12.3194825Z [32mESM[39m [1mdist/chunk-JI42SKRQ.js     [22m[32m26.87 KB[39m
NodeRoom / NodeAgent packed consumer	UNKNOWN STEP	2026-08-14T04:47:12.3195753Z [32mESM[39m [1mdist/cli.js                [22m[32m611.47 KB[39m
NodeRoom / NodeAgent packed consumer	UNKNOWN STEP	2026-08-14T04:47:12.3196601Z [32mESM[39m [1mdist/index.js.map          [22m[32m71.00 B[39m
NodeRoom / NodeAgent packed consumer	UNKNOWN STEP	2026-08-14T04:47:12.3197532Z [32mESM[39m [1mdist/chunk-JI42SKRQ.js.map [22m[32m51.63 KB[39m
NodeRoom / NodeAgent packed consumer	UNKNOWN STEP	2026-08-14T04:47:12.3198598Z [32mESM[39m [1mdist/cli.js.map            [22m[32m1.31 MB[39m
NodeRoom / NodeAgent packed consumer	UNKNOWN STEP	2026-08-14T04:47:12.3199187Z [32mESM[39m ⚡️ Build success in 133ms
NodeRoom / NodeAgent packed consumer	UNKNOWN STEP	2026-08-14T04:47:12.4913559Z [34mDTS[39m Build start
NodeRoom / NodeAgent packed consumer	UNKNOWN STEP	2026-08-14T04:47:15.0871833Z [32mDTS[39m ⚡️ Build success in 2596ms
NodeRoom / NodeAgent packed consumer	UNKNOWN STEP	2026-08-14T04:47:15.0873852Z [32mDTS[39m [1mdist/cli.d.ts   [22m[32m20.00 B[39m
NodeRoom / NodeAgent packed consumer	UNKNOWN STEP	2026-08-14T04:47:15.0874847Z [32mDTS[39m [1mdist/index.d.ts [22m[32m4.34 KB[39m
NodeRoom / NodeAgent packed consumer	UNKNOWN STEP	2026-08-14T04:47:15.2503572Z 
NodeRoom / NodeAgent packed consumer	UNKNOWN STEP	2026-08-14T04:47:15.2504284Z > @nodeslide/external-agent@0.2.2 build
NodeRoom / NodeAgent packed consumer	UNKNOWN STEP	2026-08-14T04:47:15.2505284Z > tsup src/index.ts src/cli.ts --format esm --platform node --dts --clean --sourcemap
NodeRoom / NodeAgent packed consumer	UNKNOWN STEP	2026-08-14T04:47:15.2505865Z 
NodeRoom / NodeAgent packed consumer	UNKNOWN STEP	2026-08-14T04:47:15.5313157Z [34mCLI[39m Building entry: src/cli.ts, src/index.ts
NodeRoom / NodeAgent packed consumer	UNKNOWN STEP	2026-08-14T04:47:15.5323506Z [34mCLI[39m Using tsconfig: tsconfig.json
NodeRoom / NodeAgent packed consumer	UNKNOWN STEP	2026-08-14T04:47:15.5324997Z [34mCLI[39m tsup v8.5.1
NodeRoom / NodeAgent packed consumer	UNKNOWN STEP	2026-08-14T04:47:15.5365036Z [34mCLI[39m Target: es2022
NodeRoom / NodeAgent packed consumer	UNKNOWN STEP	2026-08-14T04:47:15.5374244Z [34mCLI[39m Cleaning output folder
NodeRoom / NodeAgent packed consumer	UNKNOWN STEP	2026-08-14T04:47:15.5384399Z [34mESM[39m Build start
NodeRoom / NodeAgent packed consumer	UNKNOWN STEP	2026-08-14T04:47:15.6129563Z [32mESM[39m [1mdist/cli.js                [22m[32m6.93 KB[39m
NodeRoom / NodeAgent packed consumer	UNKNOWN STEP	2026-08-14T04:47:15.6130443Z [32mESM[39m [1mdist/index.js              [22m[32m654.00 B[39m
NodeRoom / NodeAgent packed consumer	UNKNOWN STEP	2026-08-14T04:47:15.6131303Z [32mESM[39m [1mdist/chunk-KJ3OYVQY.js     [22m[32m260.63 KB[39m
NodeRoom / NodeAgent packed consumer	UNKNOWN STEP	2026-08-14T04:47:15.6132361Z [32mESM[39m [1mdist/index.js.map          [22m[32m71.00 B[39m
NodeRoom / NodeAgent packed consumer	UNKNOWN STEP	2026-08-14T04:47:15.6133131Z [32mESM[39m [1mdist/cli.js.map            [22m[32m12.06 KB[39m
NodeRoom / NodeAgent packed consumer	UNKNOWN STEP	2026-08-14T04:47:15.6133887Z [32mESM[39m [1mdist/chunk-KJ3OYVQY.js.map [22m[32m613.65 KB[39m
NodeRoom / NodeAgent packed consumer	UNKNOWN STEP	2026-08-14T04:47:15.6134466Z [32mESM[39m ⚡️ Build success in 75ms
NodeRoom / NodeAgent packed consumer	UNKNOWN STEP	2026-08-14T04:47:15.8321954Z [34mDTS[39m Build start
NodeRoom / NodeAgent packed consumer	UNKNOWN STEP	2026-08-14T04:47:18.8069687Z [32mDTS[39m ⚡️ Build success in 2974ms
NodeRoom / NodeAgent packed consumer	UNKNOWN STEP	2026-08-14T04:47:18.8070568Z [32mDTS[39m [1mdist/cli.d.ts   [22m[32m20.00 B[39m
NodeRoom / NodeAgent packed consumer	UNKNOWN STEP	2026-08-14T04:47:18.8071477Z [32mDTS[39m [1mdist/index.d.ts [22m[32m18.96 KB[39m
NodeRoom / NodeAgent packed consumer	UNKNOWN STEP	2026-08-14T04:47:18.9530759Z 
NodeRoom / NodeAgent packed consumer	UNKNOWN STEP	2026-08-14T04:47:18.9531358Z > nodeslide-mcp@0.2.2 build
NodeRoom / NodeAgent packed consumer	UNKNOWN STEP	2026-08-14T04:47:18.9531953Z > tsup src/index.ts --format esm --platform node --dts --clean --sourcemap
NodeRoom / NodeAgent packed consumer	UNKNOWN STEP	2026-08-14T04:47:18.9532243Z 
NodeRoom / NodeAgent packed consumer	UNKNOWN STEP	2026-08-14T04:47:19.2349790Z [34mCLI[39m Building entry: src/index.ts
NodeRoom / NodeAgent packed consumer	UNKNOWN STEP	2026-08-14T04:47:19.2357319Z [34mCLI[39m Using tsconfig: tsconfig.json
NodeRoom / NodeAgent packed consumer	UNKNOWN STEP	2026-08-14T04:47:19.2359556Z [34mCLI[39m tsup v8.5.1
NodeRoom / NodeAgent packed consumer	UNKNOWN STEP	2026-08-14T04:47:19.2398508Z [34mCLI[39m Target: es2022
NodeRoom / NodeAgent packed consumer	UNKNOWN STEP	2026-08-14T04:47:19.2411015Z [34mCLI[39m Cleaning output folder
NodeRoom / NodeAgent packed consumer	UNKNOWN STEP	2026-08-14T04:47:19.2421059Z [34mESM[39m Build start
NodeRoom / NodeAgent packed consumer	UNKNOWN STEP	2026-08-14T04:47:19.3416598Z [32mESM[39m [1mdist/index.js     [22m[32m388.75 KB[39m
NodeRoom / NodeAgent packed consumer	UNKNOWN STEP	2026-08-14T04:47:19.3417460Z [32mESM[39m [1mdist/index.js.map [22m[32m881.42 KB[39m
NodeRoom / NodeAgent packed consumer	UNKNOWN STEP	2026-08-14T04:47:19.3422262Z [32mESM[39m ⚡️ Build success in 99ms
NodeRoom / NodeAgent packed consumer	UNKNOWN STEP	2026-08-14T04:47:19.5439429Z [34mDTS[39m Build start
NodeRoom / NodeAgent packed consumer	UNKNOWN STEP	2026-08-14T04:47:24.4209571Z [32mDTS[39m ⚡️ Build success in 4877ms
NodeRoom / NodeAgent packed consumer	UNKNOWN STEP	2026-08-14T04:47:24.4210890Z [32mDTS[39m [1mdist/index.d.ts [22m[32m20.00 B[39m
NodeRoom / NodeAgent packed consumer	UNKNOWN STEP	2026-08-14T04:47:24.5701074Z 
NodeRoom / NodeAgent packed consumer	UNKNOWN STEP	2026-08-14T04:47:24.5701765Z > nodeslide@0.1.0 packages:consumer:smoke
NodeRoom / NodeAgent packed consumer	UNKNOWN STEP	2026-08-14T04:47:24.5702459Z > node scripts/package-consumer-smoke.mjs
NodeRoom / NodeAgent packed consumer	UNKNOWN STEP	2026-08-14T04:47:24.5702811Z 
NodeRoom / NodeAgent packed consumer	UNKNOWN STEP	2026-08-14T04:47:36.7078455Z {"ok":true,"proposalVersion":1,"acceptedVersion":2,"authorizationBound":true,"headless":true,"typesChecked":true,"rendered":true,"cssExported":true,"httpAdapter":true,"migrationCount":2,"packedComponentMounted":true,"registrySource":true,"cliPlan":true,"agentProposal":true}
NodeRoom / NodeAgent packed consumer	UNKNOWN STEP	2026-08-14T04:47:36.8984616Z 
NodeRoom / NodeAgent packed consumer	UNKNOWN STEP	2026-08-14T04:47:36.8985423Z > nodeslide@0.1.0 proof:node-gym-portability
NodeRoom / NodeAgent packed consumer	UNKNOWN STEP	2026-08-14T04:47:36.8986475Z > npm run build --workspace @nodekit/gym-core && node scripts/node-gym-portability-proof.mjs --report artifacts/node-gym/node-gym-core-portability-proof.json --noderoom-root ../noderoom
NodeRoom / NodeAgent packed consumer	UNKNOWN STEP	2026-08-14T04:47:36.8987133Z 
NodeRoom / NodeAgent packed consumer	UNKNOWN STEP	2026-08-14T04:47:37.0091651Z 
NodeRoom / NodeAgent packed consumer	UNKNOWN STEP	2026-08-14T04:47:37.0092230Z > @nodekit/gym-core@0.1.0 build
NodeRoom / NodeAgent packed consumer	UNKNOWN STEP	2026-08-14T04:47:37.0092982Z > tsup src/index.ts --format esm --dts --clean --sourcemap
NodeRoom / NodeAgent packed consumer	UNKNOWN STEP	2026-08-14T04:47:37.0093416Z 
NodeRoom / NodeAgent packed consumer	UNKNOWN STEP	2026-08-14T04:47:37.2912521Z [34mCLI[39m Building entry: src/index.ts
NodeRoom / NodeAgent packed consumer	UNKNOWN STEP	2026-08-14T04:47:37.2922616Z [34mCLI[39m Using tsconfig: tsconfig.json
NodeRoom / NodeAgent packed consumer	UNKNOWN STEP	2026-08-14T04:47:37.2923972Z [34mCLI[39m tsup v8.5.1
NodeRoom / NodeAgent packed consumer	UNKNOWN STEP	2026-08-14T04:47:37.2963664Z [34mCLI[39m Target: es2022
NodeRoom / NodeAgent packed consumer	UNKNOWN STEP	2026-08-14T04:47:37.2981677Z [34mCLI[39m Cleaning output folder
NodeRoom / NodeAgent packed consumer	UNKNOWN STEP	2026-08-14T04:47:37.2991727Z [34mESM[39m Build start
NodeRoom / NodeAgent packed consumer	UNKNOWN STEP	2026-08-14T04:47:37.3224956Z [32mESM[39m [1mdist/index.js     [22m[32m42.30 KB[39m
NodeRoom / NodeAgent packed consumer	UNKNOWN STEP	2026-08-14T04:47:37.3225931Z [32mESM[39m [1mdist/index.js.map [22m[32m82.67 KB[39m
NodeRoom / NodeAgent packed consumer	UNKNOWN STEP	2026-08-14T04:47:37.3226680Z [32mESM[39m ⚡️ Build success in 23ms
NodeRoom / NodeAgent packed consumer	UNKNOWN STEP	2026-08-14T04:47:37.5703067Z [34mDTS[39m Build start
NodeRoom / NodeAgent packed consumer	UNKNOWN STEP	2026-08-14T04:47:39.1830596Z [32mDTS[39m ⚡️ Build success in 1613ms
NodeRoom / NodeAgent packed consumer	UNKNOWN STEP	2026-08-14T04:47:39.1832241Z [32mDTS[39m [1mdist/index.d.ts [22m[32m16.67 KB[39m
NodeRoom / NodeAgent packed consumer	UNKNOWN STEP	2026-08-14T04:47:42.3404995Z [node-gym-portability] PASS @nodekit/gym-core 0.0.1 -> 0.1.0; NodeSlide + NodeRoom consumers; sha256:b8c14013a54fc7419ebfda806553573c4b6e3d1dde2a17f11a61f5ddd88fc0c2
NodeRoom / NodeAgent packed consumer	UNKNOWN STEP	2026-08-14T04:47:42.6209428Z npm notice
NodeRoom / NodeAgent packed consumer	UNKNOWN STEP	2026-08-14T04:47:42.6211715Z npm notice 📦  @nodekit/gym-core@0.1.0
NodeRoom / NodeAgent packed consumer	UNKNOWN STEP	2026-08-14T04:47:42.6212176Z npm notice Tarball Contents
NodeRoom / NodeAgent packed consumer	UNKNOWN STEP	2026-08-14T04:47:42.6213631Z npm notice 1.8kB README.md
NodeRoom / NodeAgent packed consumer	UNKNOWN STEP	2026-08-14T04:47:42.6214115Z npm notice 17.1kB dist/index.d.ts
NodeRoom / NodeAgent packed consumer	UNKNOWN STEP	2026-08-14T04:47:42.6214878Z npm notice 43.3kB dist/index.js
NodeRoom / NodeAgent packed consumer	UNKNOWN STEP	2026-08-14T04:47:42.6215386Z npm notice 84.7kB dist/index.js.map
NodeRoom / NodeAgent packed consumer	UNKNOWN STEP	2026-08-14T04:47:42.6215868Z npm notice 580B package.json
NodeRoom / NodeAgent packed consumer	UNKNOWN STEP	2026-08-14T04:47:42.6216349Z npm notice Tarball Details
NodeRoom / NodeAgent packed consumer	UNKNOWN STEP	2026-08-14T04:47:42.6216640Z npm notice name: @nodekit/gym-core
NodeRoom / NodeAgent packed consumer	UNKNOWN STEP	2026-08-14T04:47:42.6216916Z npm notice version: 0.1.0
NodeRoom / NodeAgent packed consumer	UNKNOWN STEP	2026-08-14T04:47:42.6217240Z npm notice filename: nodekit-gym-core-0.1.0.tgz
NodeRoom / NodeAgent packed consumer	UNKNOWN STEP	2026-08-14T04:47:42.6217582Z npm notice package size: 36.4 kB
NodeRoom / NodeAgent packed consumer	UNKNOWN STEP	2026-08-14T04:47:42.6218151Z npm notice unpacked size: 147.4 kB
NodeRoom / NodeAgent packed consumer	UNKNOWN STEP	2026-08-14T04:47:42.6218930Z npm notice shasum: 931cddd6f561ef8109b4603d6290fd9473116c1e
NodeRoom / NodeAgent packed consumer	UNKNOWN STEP	2026-08-14T04:47:42.6219758Z npm notice integrity: sha512-jzQ7eapfnmwnB[...]+JoouELSHMa1Q==
NodeRoom / NodeAgent packed consumer	UNKNOWN STEP	2026-08-14T04:47:42.6220382Z npm notice total files: 5
NodeRoom / NodeAgent packed consumer	UNKNOWN STEP	2026-08-14T04:47:42.6220766Z npm notice
NodeRoom / NodeAgent packed consumer	UNKNOWN STEP	2026-08-14T04:47:42.6221498Z nodekit-gym-core-0.1.0.tgz
NodeRoom / NodeAgent packed consumer	UNKNOWN STEP	2026-08-14T04:47:42.8942977Z npm notice
NodeRoom / NodeAgent packed consumer	UNKNOWN STEP	2026-08-14T04:47:42.8945178Z npm notice 📦  @nodeslide/contracts@0.2.2
NodeRoom / NodeAgent packed consumer	UNKNOWN STEP	2026-08-14T04:47:42.8945580Z npm notice Tarball Contents
NodeRoom / NodeAgent packed consumer	UNKNOWN STEP	2026-08-14T04:47:42.8947345Z npm notice 90.9kB dist/index.d.ts
NodeRoom / NodeAgent packed consumer	UNKNOWN STEP	2026-08-14T04:47:42.8947949Z npm notice 61.1kB dist/index.js
NodeRoom / NodeAgent packed consumer	UNKNOWN STEP	2026-08-14T04:47:42.8948420Z npm notice 146.4kB dist/index.js.map
NodeRoom / NodeAgent packed consumer	UNKNOWN STEP	2026-08-14T04:47:42.8949175Z npm notice 395B package.json
NodeRoom / NodeAgent packed consumer	UNKNOWN STEP	2026-08-14T04:47:42.8949439Z npm notice Tarball Details
NodeRoom / NodeAgent packed consumer	UNKNOWN STEP	2026-08-14T04:47:42.8949742Z npm notice name: @nodeslide/contracts
NodeRoom / NodeAgent packed consumer	UNKNOWN STEP	2026-08-14T04:47:42.8950028Z npm notice version: 0.2.2
NodeRoom / NodeAgent packed consumer	UNKNOWN STEP	2026-08-14T04:47:42.8950357Z npm notice filename: nodeslide-contracts-0.2.2.tgz
NodeRoom / NodeAgent packed consumer	UNKNOWN STEP	2026-08-14T04:47:42.8950709Z npm notice package size: 68.6 kB
NodeRoom / NodeAgent packed consumer	UNKNOWN STEP	2026-08-14T04:47:42.8951373Z npm notice unpacked size: 298.7 kB
NodeRoom / NodeAgent packed consumer	UNKNOWN STEP	2026-08-14T04:47:42.8951947Z npm notice shasum: ad43c2966614d893bc8f24c33a6fcff6f75872ec
NodeRoom / NodeAgent packed consumer	UNKNOWN STEP	2026-08-14T04:47:42.8952645Z npm notice integrity: sha512-B6NC9fxShVDhe[...]JuozE5HMl9+2Q==
NodeRoom / NodeAgent packed consumer	UNKNOWN STEP	2026-08-14T04:47:42.8953062Z npm notice total files: 4
NodeRoom / NodeAgent packed consumer	UNKNOWN STEP	2026-08-14T04:47:42.8953438Z npm notice
NodeRoom / NodeAgent packed consumer	UNKNOWN STEP	2026-08-14T04:47:42.8954685Z nodeslide-contracts-0.2.2.tgz
NodeRoom / NodeAgent packed consumer	UNKNOWN STEP	2026-08-14T04:47:43.1997631Z npm notice
NodeRoom / NodeAgent packed consumer	UNKNOWN STEP	2026-08-14T04:47:43.1999974Z npm notice 📦  @nodeslide/engine@0.2.2
NodeRoom / NodeAgent packed consumer	UNKNOWN STEP	2026-08-14T04:47:43.2000648Z npm notice Tarball Contents
NodeRoom / NodeAgent packed consumer	UNKNOWN STEP	2026-08-14T04:47:43.2001647Z npm notice 24.8kB dist/index.d.ts
NodeRoom / NodeAgent packed consumer	UNKNOWN STEP	2026-08-14T04:47:43.2002207Z npm notice 214.0kB dist/index.js
NodeRoom / NodeAgent packed consumer	UNKNOWN STEP	2026-08-14T04:47:43.2002685Z npm notice 533.4kB dist/index.js.map
NodeRoom / NodeAgent packed consumer	UNKNOWN STEP	2026-08-14T04:47:43.2003179Z npm notice 485B package.json
NodeRoom / NodeAgent packed consumer	UNKNOWN STEP	2026-08-14T04:47:43.2003669Z npm notice Tarball Details
NodeRoom / NodeAgent packed consumer	UNKNOWN STEP	2026-08-14T04:47:43.2004301Z npm notice name: @nodeslide/engine
NodeRoom / NodeAgent packed consumer	UNKNOWN STEP	2026-08-14T04:47:43.2004843Z npm notice version: 0.2.2
NodeRoom / NodeAgent packed consumer	UNKNOWN STEP	2026-08-14T04:47:43.2005468Z npm notice filename: nodeslide-engine-0.2.2.tgz
NodeRoom / NodeAgent packed consumer	UNKNOWN STEP	2026-08-14T04:47:43.2006847Z npm notice package size: 167.1 kB
NodeRoom / NodeAgent packed consumer	UNKNOWN STEP	2026-08-14T04:47:43.2007354Z npm notice unpacked size: 772.7 kB
NodeRoom / NodeAgent packed consumer	UNKNOWN STEP	2026-08-14T04:47:43.2008325Z npm notice shasum: 065bc06a5e80a3854bab35111d6922d04f580c86
NodeRoom / NodeAgent packed consumer	UNKNOWN STEP	2026-08-14T04:47:43.2008916Z npm notice integrity: sha512-HtN+BLVPge6fF[...]x2cBDzaxkKiDw==
NodeRoom / NodeAgent packed consumer	UNKNOWN STEP	2026-08-14T04:47:43.2009470Z npm notice total files: 4
NodeRoom / NodeAgent packed consumer	UNKNOWN STEP	2026-08-14T04:47:43.2009743Z npm notice
NodeRoom / NodeAgent packed consumer	UNKNOWN STEP	2026-08-14T04:47:43.2010889Z nodeslide-engine-0.2.2.tgz
NodeRoom / NodeAgent packed consumer	UNKNOWN STEP	2026-08-14T04:47:43.4768597Z npm notice
NodeRoom / NodeAgent packed consumer	UNKNOWN STEP	2026-08-14T04:47:43.4771312Z npm notice 📦  @nodeslide/backend@0.2.2
NodeRoom / NodeAgent packed consumer	UNKNOWN STEP	2026-08-14T04:47:43.4771913Z npm notice Tarball Contents
NodeRoom / NodeAgent packed consumer	UNKNOWN STEP	2026-08-14T04:47:43.4773843Z npm notice 13.6kB dist/index.d.ts
NodeRoom / NodeAgent packed consumer	UNKNOWN STEP	2026-08-14T04:47:43.4774406Z npm notice 14.7kB dist/index.js
NodeRoom / NodeAgent packed consumer	UNKNOWN STEP	2026-08-14T04:47:43.4774945Z npm notice 35.9kB dist/index.js.map
NodeRoom / NodeAgent packed consumer	UNKNOWN STEP	2026-08-14T04:47:43.4775445Z npm notice 486B package.json
NodeRoom / NodeAgent packed consumer	UNKNOWN STEP	2026-08-14T04:47:43.4775918Z npm notice Tarball Details
NodeRoom / NodeAgent packed consumer	UNKNOWN STEP	2026-08-14T04:47:43.4776441Z npm notice name: @nodeslide/backend
NodeRoom / NodeAgent packed consumer	UNKNOWN STEP	2026-08-14T04:47:43.4777100Z npm notice version: 0.2.2
NodeRoom / NodeAgent packed consumer	UNKNOWN STEP	2026-08-14T04:47:43.4777906Z npm notice filename: nodeslide-backend-0.2.2.tgz
NodeRoom / NodeAgent packed consumer	UNKNOWN STEP	2026-08-14T04:47:43.4778644Z npm notice package size: 13.8 kB
NodeRoom / NodeAgent packed consumer	UNKNOWN STEP	2026-08-14T04:47:43.4779273Z npm notice unpacked size: 64.7 kB
NodeRoom / NodeAgent packed consumer	UNKNOWN STEP	2026-08-14T04:47:43.4780033Z npm notice shasum: 3e1987ec7b2dda571c176449c3f4c0b3c8c829e2
NodeRoom / NodeAgent packed consumer	UNKNOWN STEP	2026-08-14T04:47:43.4780913Z npm notice integrity: sha512-aSH8BgdCMorf1[...]QaGt24hwnHSKQ==
NodeRoom / NodeAgent packed consumer	UNKNOWN STEP	2026-08-14T04:47:43.4781877Z npm notice total files: 4
NodeRoom / NodeAgent packed consumer	UNKNOWN STEP	2026-08-14T04:47:43.4782440Z npm notice
NodeRoom / NodeAgent packed consumer	UNKNOWN STEP	2026-08-14T04:47:43.4782834Z nodeslide-backend-0.2.2.tgz
NodeRoom / NodeAgent packed consumer	UNKNOWN STEP	2026-08-14T04:47:43.7566587Z npm notice
NodeRoom / NodeAgent packed consumer	UNKNOWN STEP	2026-08-14T04:47:43.7569306Z npm notice 📦  @nodeslide/testing@0.2.2
NodeRoom / NodeAgent packed consumer	UNKNOWN STEP	2026-08-14T04:47:43.7569880Z npm notice Tarball Contents
NodeRoom / NodeAgent packed consumer	UNKNOWN STEP	2026-08-14T04:47:43.7571924Z npm notice 6.2kB dist/index.d.ts
NodeRoom / NodeAgent packed consumer	UNKNOWN STEP	2026-08-14T04:47:43.7572509Z npm notice 38.3kB dist/index.js
NodeRoom / NodeAgent packed consumer	UNKNOWN STEP	2026-08-14T04:47:43.7573026Z npm notice 72.2kB dist/index.js.map
NodeRoom / NodeAgent packed consumer	UNKNOWN STEP	2026-08-14T04:47:43.7573539Z npm notice 614B package.json
NodeRoom / NodeAgent packed consumer	UNKNOWN STEP	2026-08-14T04:47:43.7573995Z npm notice Tarball Details
NodeRoom / NodeAgent packed consumer	UNKNOWN STEP	2026-08-14T04:47:43.7574513Z npm notice name: @nodeslide/testing
NodeRoom / NodeAgent packed consumer	UNKNOWN STEP	2026-08-14T04:47:43.7575022Z npm notice version: 0.2.2
NodeRoom / NodeAgent packed consumer	UNKNOWN STEP	2026-08-14T04:47:43.7575586Z npm notice filename: nodeslide-testing-0.2.2.tgz
NodeRoom / NodeAgent packed consumer	UNKNOWN STEP	2026-08-14T04:47:43.7576188Z npm notice package size: 26.1 kB
NodeRoom / NodeAgent packed consumer	UNKNOWN STEP	2026-08-14T04:47:43.7576700Z npm notice unpacked size: 117.3 kB
NodeRoom / NodeAgent packed consumer	UNKNOWN STEP	2026-08-14T04:47:43.7577366Z npm notice shasum: aa18fdf45a6296eda18d5c1f7586458c5a891d29
NodeRoom / NodeAgent packed consumer	UNKNOWN STEP	2026-08-14T04:47:43.7578420Z npm notice integrity: sha512-yVvZ9cMFLZmAo[...]uLZV05GWh99jA==
NodeRoom / NodeAgent packed consumer	UNKNOWN STEP	2026-08-14T04:47:43.7579000Z npm notice total files: 4
NodeRoom / NodeAgent packed consumer	UNKNOWN STEP	2026-08-14T04:47:43.7579689Z npm notice
NodeRoom / NodeAgent packed consumer	UNKNOWN STEP	2026-08-14T04:47:43.7580075Z nodeslide-testing-0.2.2.tgz
NodeRoom / NodeAgent packed consumer	UNKNOWN STEP	2026-08-14T04:47:43.7669061Z ##[group]Run gym_tarballs=("$RUNNER_TEMP"/node-gym-packages/nodekit-gym-core-*.tgz)
NodeRoom / NodeAgent packed consumer	UNKNOWN STEP	2026-08-14T04:47:43.7669651Z [36;1mgym_tarballs=("$RUNNER_TEMP"/node-gym-packages/nodekit-gym-core-*.tgz)[0m
NodeRoom / NodeAgent packed consumer	UNKNOWN STEP	2026-08-14T04:47:43.7670143Z [36;1mif [ "${#gym_tarballs[@]}" -ne 1 ] || [ ! -f "${gym_tarballs[0]}" ]; then[0m
NodeRoom / NodeAgent packed consumer	UNKNOWN STEP	2026-08-14T04:47:43.7670610Z [36;1m  echo "Expected exactly one packed @nodekit/gym-core candidate." >&2[0m
NodeRoom / NodeAgent packed consumer	UNKNOWN STEP	2026-08-14T04:47:43.7670990Z [36;1m  exit 1[0m
NodeRoom / NodeAgent packed consumer	UNKNOWN STEP	2026-08-14T04:47:43.7671186Z [36;1mfi[0m
NodeRoom / NodeAgent packed consumer	UNKNOWN STEP	2026-08-14T04:47:43.7671431Z [36;1mnode scripts/stage-node-gym-candidate.mjs \[0m
NodeRoom / NodeAgent packed consumer	UNKNOWN STEP	2026-08-14T04:47:43.7671763Z [36;1m  --tarball "${gym_tarballs[0]}" \[0m
NodeRoom / NodeAgent packed consumer	UNKNOWN STEP	2026-08-14T04:47:43.7672166Z [36;1m  --producer-package-json ../nodeslide/packages/gym-core/package.json \[0m
NodeRoom / NodeAgent packed consumer	UNKNOWN STEP	2026-08-14T04:47:43.7672639Z [36;1m  --json-out "$RUNNER_TEMP/node-gym-candidate-stage.json"[0m
NodeRoom / NodeAgent packed consumer	UNKNOWN STEP	2026-08-14T04:47:43.7672998Z [36;1mnpm ci --ignore-scripts[0m
NodeRoom / NodeAgent packed consumer	UNKNOWN STEP	2026-08-14T04:47:43.7699064Z shell: /usr/bin/bash --noprofile --norc -e -o pipefail {0}
NodeRoom / NodeAgent packed consumer	UNKNOWN STEP	2026-08-14T04:47:43.7699423Z ##[endgroup]
NodeRoom / NodeAgent packed consumer	UNKNOWN STEP	2026-08-14T04:47:44.0902268Z NodeRoom NodeGym candidate stage: PREPARED ../../../_temp/node-gym-candidate-stage.json
NodeRoom / NodeAgent packed consumer	UNKNOWN STEP	2026-08-14T04:47:49.6984763Z npm warn deprecated lodash.isequal@4.5.0: This package is deprecated. Use require('node:util').isDeepStrictEqual instead.
NodeRoom / NodeAgent packed consumer	UNKNOWN STEP	2026-08-14T04:47:49.7946976Z npm warn deprecated whatwg-encoding@3.1.1: Use @exodus/bytes instead for a more spec-conformant and faster implementation
NodeRoom / NodeAgent packed consumer	UNKNOWN STEP	2026-08-14T04:47:50.4045893Z npm warn deprecated lucia@3.2.2: This package has been deprecated. Please see https://lucia-auth.com/lucia-v3/migrate.
NodeRoom / NodeAgent packed consumer	UNKNOWN STEP	2026-08-14T04:47:50.4540745Z npm warn deprecated source-map@0.8.0-beta.0: The work that was done in this beta branch won't be included in future versions
NodeRoom / NodeAgent packed consumer	UNKNOWN STEP	2026-08-14T04:47:57.5998440Z 
NodeRoom / NodeAgent packed consumer	UNKNOWN STEP	2026-08-14T04:47:57.5999148Z added 943 packages, and audited 946 packages in 13s
NodeRoom / NodeAgent packed consumer	UNKNOWN STEP	2026-08-14T04:47:57.5999566Z 
NodeRoom / NodeAgent packed consumer	UNKNOWN STEP	2026-08-14T04:47:57.5999885Z 229 packages are looking for funding
NodeRoom / NodeAgent packed consumer	UNKNOWN STEP	2026-08-14T04:47:57.6000420Z   run `npm fund` for details
NodeRoom / NodeAgent packed consumer	UNKNOWN STEP	2026-08-14T04:47:57.6039060Z 
NodeRoom / NodeAgent packed consumer	UNKNOWN STEP	2026-08-14T04:47:57.6039576Z 3 vulnerabilities (1 moderate, 2 high)
NodeRoom / NodeAgent packed consumer	UNKNOWN STEP	2026-08-14T04:47:57.6039824Z 
NodeRoom / NodeAgent packed consumer	UNKNOWN STEP	2026-08-14T04:47:57.6039942Z To address all issues, run:
NodeRoom / NodeAgent packed consumer	UNKNOWN STEP	2026-08-14T04:47:57.6040206Z   npm audit fix
NodeRoom / NodeAgent packed consumer	UNKNOWN STEP	2026-08-14T04:47:57.6040327Z 
NodeRoom / NodeAgent packed consumer	UNKNOWN STEP	2026-08-14T04:47:57.6040456Z Run `npm audit` for details.
NodeRoom / NodeAgent packed consumer	UNKNOWN STEP	2026-08-14T04:47:57.6697654Z ##[group]Run npm run nodegym:consumer:proof
NodeRoom / NodeAgent packed consumer	UNKNOWN STEP	2026-08-14T04:47:57.6698316Z [36;1mnpm run nodegym:consumer:proof[0m
NodeRoom / NodeAgent packed consumer	UNKNOWN STEP	2026-08-14T04:47:57.6720698Z shell: /usr/bin/bash -e {0}
NodeRoom / NodeAgent packed consumer	UNKNOWN STEP	2026-08-14T04:47:57.6720965Z ##[endgroup]
NodeRoom / NodeAgent packed consumer	UNKNOWN STEP	2026-08-14T04:47:57.7655762Z 
NodeRoom / NodeAgent packed consumer	UNKNOWN STEP	2026-08-14T04:47:57.7656415Z > noderoom@0.1.1 nodegym:consumer:proof
NodeRoom / NodeAgent packed consumer	UNKNOWN STEP	2026-08-14T04:47:57.7657090Z > tsx scripts/node-gym-consumer-proof.ts --json-out docs/eval/node-gym-consumer-proof.json
NodeRoom / NodeAgent packed consumer	UNKNOWN STEP	2026-08-14T04:47:57.7657463Z 
NodeRoom / NodeAgent packed consumer	UNKNOWN STEP	2026-08-14T04:47:58.3411276Z NodeRoom NodeGym consumer proof: PASS wrote docs/eval/node-gym-consumer-proof.json
NodeRoom / NodeAgent packed consumer	UNKNOWN STEP	2026-08-14T04:47:58.3614284Z ##[group]Run npm run nodeslide:consumer:proof
NodeRoom / NodeAgent packed consumer	UNKNOWN STEP	2026-08-14T04:47:58.3614649Z [36;1mnpm run nodeslide:consumer:proof[0m
NodeRoom / NodeAgent packed consumer	UNKNOWN STEP	2026-08-14T04:47:58.3636183Z shell: /usr/bin/bash -e {0}
NodeRoom / NodeAgent packed consumer	UNKNOWN STEP	2026-08-14T04:47:58.3636450Z env:
NodeRoom / NodeAgent packed consumer	UNKNOWN STEP	2026-08-14T04:47:58.3636760Z   NODESLIDE_PACKAGE_ARTIFACT: /home/runner/work/_temp/nodeslide-packages
NodeRoom / NodeAgent packed consumer	UNKNOWN STEP	2026-08-14T04:47:58.3637136Z ##[endgroup]
NodeRoom / NodeAgent packed consumer	UNKNOWN STEP	2026-08-14T04:47:58.4602612Z 
NodeRoom / NodeAgent packed consumer	UNKNOWN STEP	2026-08-14T04:47:58.4603270Z > noderoom@0.1.1 nodeslide:consumer:proof
NodeRoom / NodeAgent packed consumer	UNKNOWN STEP	2026-08-14T04:47:58.4603987Z > tsx scripts/nodeslide-consumer-proof.ts
NodeRoom / NodeAgent packed consumer	UNKNOWN STEP	2026-08-14T04:47:58.4604335Z 
NodeRoom / NodeAgent packed consumer	UNKNOWN STEP	2026-08-14T04:47:59.3682930Z 
NodeRoom / NodeAgent packed consumer	UNKNOWN STEP	2026-08-14T04:47:59.3683539Z added 4 packages in 409ms
NodeRoom / NodeAgent packed consumer	UNKNOWN STEP	2026-08-14T04:47:59.4131990Z {
NodeRoom / NodeAgent packed consumer	UNKNOWN STEP	2026-08-14T04:47:59.4132729Z   "schemaVersion": "noderoom.nodeslide-consumer-proof/v3",
NodeRoom / NodeAgent packed consumer	UNKNOWN STEP	2026-08-14T04:47:59.4133275Z   "passed": true,
NodeRoom / NodeAgent packed consumer	UNKNOWN STEP	2026-08-14T04:47:59.4133588Z   "package": {
NodeRoom / NodeAgent packed consumer	UNKNOWN STEP	2026-08-14T04:47:59.4133971Z     "name": "@nodeslide/testing",
NodeRoom / NodeAgent packed consumer	UNKNOWN STEP	2026-08-14T04:47:59.4134386Z     "version": "0.2.2",
NodeRoom / NodeAgent packed consumer	UNKNOWN STEP	2026-08-14T04:47:59.4135287Z     "inputKind": "packed-artifact",
NodeRoom / NodeAgent packed consumer	UNKNOWN STEP	2026-08-14T04:47:59.4136159Z     "integritySha256": "184f1761238c642cb0fe4a93db4a2f3fe1abd13d774793dcd2ed6d5bf0f73bee",
NodeRoom / NodeAgent packed consumer	UNKNOWN STEP	2026-08-14T04:47:59.4137044Z     "entrypoint": "@nodeslide/testing/dist/index.js"
NodeRoom / NodeAgent packed consumer	UNKNOWN STEP	2026-08-14T04:47:59.4137502Z   },
NodeRoom / NodeAgent packed consumer	UNKNOWN STEP	2026-08-14T04:47:59.4137941Z   "host": {
NodeRoom / NodeAgent packed consumer	UNKNOWN STEP	2026-08-14T04:47:59.4138306Z     "application": "NodeRoom",
NodeRoom / NodeAgent packed consumer	UNKNOWN STEP	2026-08-14T04:47:59.4138705Z     "runtimeChanged": false,
NodeRoom / NodeAgent packed consumer	UNKNOWN STEP	2026-08-14T04:47:59.4139221Z     "repositoryAuthorizationProtocol": "operation-v1",
NodeRoom / NodeAgent packed consumer	UNKNOWN STEP	2026-08-14T04:47:59.4139935Z     "authorizationMode": "deterministic-preverified-fixture",
NodeRoom / NodeAgent packed consumer	UNKNOWN STEP	2026-08-14T04:47:59.4140936Z     "authAuthority": "preverified fixture; production ActorProof and room-membership policy not executed",
NodeRoom / NodeAgent packed consumer	UNKNOWN STEP	2026-08-14T04:47:59.4141757Z     "actorProofValidated": false,
NodeRoom / NodeAgent packed consumer	UNKNOWN STEP	2026-08-14T04:47:59.4142225Z     "roomMembershipValidated": false,
NodeRoom / NodeAgent packed consumer	UNKNOWN STEP	2026-08-14T04:47:59.4142733Z     "productionPolicyExecuted": false,
NodeRoom / NodeAgent packed consumer	UNKNOWN STEP	2026-08-14T04:47:59.4143256Z     "principalId": "user:noderoom-consumer",
NodeRoom / NodeAgent packed consumer	UNKNOWN STEP	2026-08-14T04:47:59.4143744Z     "roles": [
NodeRoom / NodeAgent packed consumer	UNKNOWN STEP	2026-08-14T04:47:59.4144080Z       "noderoom:host"
NodeRoom / NodeAgent packed consumer	UNKNOWN STEP	2026-08-14T04:47:59.4144422Z     ],
NodeRoom / NodeAgent packed consumer	UNKNOWN STEP	2026-08-14T04:47:59.4144736Z     "permissions": [
NodeRoom / NodeAgent packed consumer	UNKNOWN STEP	2026-08-14T04:47:59.4145073Z       "nodeslide:read",
NodeRoom / NodeAgent packed consumer	UNKNOWN STEP	2026-08-14T04:47:59.4145442Z       "nodeslide:propose",
NodeRoom / NodeAgent packed consumer	UNKNOWN STEP	2026-08-14T04:47:59.4145814Z       "nodeslide:write",
NodeRoom / NodeAgent packed consumer	UNKNOWN STEP	2026-08-14T04:47:59.4146172Z       "nodeslide:approve",
NodeRoom / NodeAgent packed consumer	UNKNOWN STEP	2026-08-14T04:47:59.4146562Z       "nodeslide:export"
NodeRoom / NodeAgent packed consumer	UNKNOWN STEP	2026-08-14T04:47:59.4146935Z     ],
NodeRoom / NodeAgent packed consumer	UNKNOWN STEP	2026-08-14T04:47:59.4147280Z     "authorizationChecks": 25,
NodeRoom / NodeAgent packed consumer	UNKNOWN STEP	2026-08-14T04:47:59.4147684Z     "authorizationActions": [
NodeRoom / NodeAgent packed consumer	UNKNOWN STEP	2026-08-14T04:47:59.4148242Z       "deck.read",
NodeRoom / NodeAgent packed consumer	UNKNOWN STEP	2026-08-14T04:47:59.4148604Z       "patch.apply",
NodeRoom / NodeAgent packed consumer	UNKNOWN STEP	2026-08-14T04:47:59.4148956Z       "proposal.create",
NodeRoom / NodeAgent packed consumer	UNKNOWN STEP	2026-08-14T04:47:59.4149331Z       "proposal.accept",
NodeRoom / NodeAgent packed consumer	UNKNOWN STEP	2026-08-14T04:47:59.4149702Z       "proposal.reject",
NodeRoom / NodeAgent packed consumer	UNKNOWN STEP	2026-08-14T04:47:59.4150075Z       "versions.list",
NodeRoom / NodeAgent packed consumer	UNKNOWN STEP	2026-08-14T04:47:59.4150430Z       "receipt.store"
NodeRoom / NodeAgent packed consumer	UNKNOWN STEP	2026-08-14T04:47:59.4150761Z     ],
NodeRoom / NodeAgent packed consumer	UNKNOWN STEP	2026-08-14T04:47:59.4151128Z     "authorizationEvidence": {
NodeRoom / NodeAgent packed consumer	UNKNOWN STEP	2026-08-14T04:47:59.4151537Z       "issuer": "NodeRoom",
NodeRoom / NodeAgent packed consumer	UNKNOWN STEP	2026-08-14T04:47:59.4152049Z       "policyId": "noderoom.actor-proof-membership",
NodeRoom / NodeAgent packed consumer	UNKNOWN STEP	2026-08-14T04:47:59.4152550Z       "policyVersion": "1"
NodeRoom / NodeAgent packed consumer	UNKNOWN STEP	2026-08-14T04:47:59.4152900Z     }
NodeRoom / NodeAgent packed consumer	UNKNOWN STEP	2026-08-14T04:47:59.4153174Z   },
NodeRoom / NodeAgent packed consumer	UNKNOWN STEP	2026-08-14T04:47:59.4153460Z   "lifecycle": {
NodeRoom / NodeAgent packed consumer	UNKNOWN STEP	2026-08-14T04:47:59.4153799Z     "proposalVersion": 1,
NodeRoom / NodeAgent packed consumer	UNKNOWN STEP	2026-08-14T04:47:59.4154179Z     "acceptedVersion": 2,
NodeRoom / NodeAgent packed consumer	UNKNOWN STEP	2026-08-14T04:47:59.4154790Z     "conformanceReceiptId": "receipt:patch:noderoom:conformance:2",
NodeRoom / NodeAgent packed consumer	UNKNOWN STEP	2026-08-14T04:47:59.4155435Z     "reviewedProposalStatus": "ready",
NodeRoom / NodeAgent packed consumer	UNKNOWN STEP	2026-08-14T04:47:59.4155931Z     "acceptedStatus": "accepted",
NodeRoom / NodeAgent packed consumer	UNKNOWN STEP	2026-08-14T04:47:59.4156368Z     "acceptedReceipt": {
NodeRoom / NodeAgent packed consumer	UNKNOWN STEP	2026-08-14T04:47:59.4156842Z       "id": "receipt:patch:noderoom:accepted:3",
NodeRoom / NodeAgent packed consumer	UNKNOWN STEP	2026-08-14T04:47:59.4157353Z       "deckId": "deck:noderoom:cas",
NodeRoom / NodeAgent packed consumer	UNKNOWN STEP	2026-08-14T04:47:59.4159253Z       "deckVersion": 2,
NodeRoom / NodeAgent packed consumer	UNKNOWN STEP	2026-08-14T04:47:59.4159729Z       "operation": "proposal.accepted",
NodeRoom / NodeAgent packed consumer	UNKNOWN STEP	2026-08-14T04:47:59.4160680Z       "principalId": "user:noderoom-consumer",
NodeRoom / NodeAgent packed consumer	UNKNOWN STEP	2026-08-14T04:47:59.4161230Z       "patchId": "patch:noderoom:accepted",
NodeRoom / NodeAgent packed consumer	UNKNOWN STEP	2026-08-14T04:47:59.4161758Z       "traceId": "trace:noderoom:accepted",
NodeRoom / NodeAgent packed consumer	UNKNOWN STEP	2026-08-14T04:47:59.4162261Z       "recordedAt": 1700000001037,
NodeRoom / NodeAgent packed consumer	UNKNOWN STEP	2026-08-14T04:47:59.4162672Z       "attributes": {
NodeRoom / NodeAgent packed consumer	UNKNOWN STEP	2026-08-14T04:47:59.4163019Z         "source": "agent"
NodeRoom / NodeAgent packed consumer	UNKNOWN STEP	2026-08-14T04:47:59.4163385Z       },
NodeRoom / NodeAgent packed consumer	UNKNOWN STEP	2026-08-14T04:47:59.4163904Z       "authorization": {
NodeRoom / NodeAgent packed consumer	UNKNOWN STEP	2026-08-14T04:47:59.4164456Z         "schemaVersion": "nodeslide.authorization/v1",
NodeRoom / NodeAgent packed consumer	UNKNOWN STEP	2026-08-14T04:47:59.4165092Z         "id": "authorization:proposal.accept:4",
NodeRoom / NodeAgent packed consumer	UNKNOWN STEP	2026-08-14T04:47:59.4165676Z         "principalId": "user:noderoom-consumer",
NodeRoom / NodeAgent packed consumer	UNKNOWN STEP	2026-08-14T04:47:59.4166189Z         "deckId": "deck:noderoom:cas",
NodeRoom / NodeAgent packed consumer	UNKNOWN STEP	2026-08-14T04:47:59.4166692Z         "action": "proposal.accept",
NodeRoom / NodeAgent packed consumer	UNKNOWN STEP	2026-08-14T04:47:59.4167114Z         "resource": {
NodeRoom / NodeAgent packed consumer	UNKNOWN STEP	2026-08-14T04:47:59.4167483Z           "kind": "proposal",
NodeRoom / NodeAgent packed consumer	UNKNOWN STEP	2026-08-14T04:47:59.4168066Z           "id": "patch:noderoom:accepted"
NodeRoom / NodeAgent packed consumer	UNKNOWN STEP	2026-08-14T04:47:59.4168741Z         },
NodeRoom / NodeAgent packed consumer	UNKNOWN STEP	2026-08-14T04:47:59.4169129Z         "authorizedAt": 1700000001036,
NodeRoom / NodeAgent packed consumer	UNKNOWN STEP	2026-08-14T04:47:59.4169535Z         "evidence": {
NodeRoom / NodeAgent packed consumer	UNKNOWN STEP	2026-08-14T04:47:59.4169919Z           "issuer": "NodeRoom",
NodeRoom / NodeAgent packed consumer	UNKNOWN STEP	2026-08-14T04:47:59.4170443Z           "policyId": "noderoom.actor-proof-membership",
NodeRoom / NodeAgent packed consumer	UNKNOWN STEP	2026-08-14T04:47:59.4171004Z           "policyVersion": "1",
NodeRoom / NodeAgent packed consumer	UNKNOWN STEP	2026-08-14T04:47:59.4171711Z           "evidenceId": "noderoom-authz:proposal.accept:patch:noderoom:accepted"
NodeRoom / NodeAgent packed consumer	UNKNOWN STEP	2026-08-14T04:47:59.4172339Z         }
NodeRoom / NodeAgent packed consumer	UNKNOWN STEP	2026-08-14T04:47:59.4172634Z       }
NodeRoom / NodeAgent packed consumer	UNKNOWN STEP	2026-08-14T04:47:59.4172920Z     },
NodeRoom / NodeAgent packed consumer	UNKNOWN STEP	2026-08-14T04:47:59.4173229Z     "staleStatus": "stale",
NodeRoom / NodeAgent packed consumer	UNKNOWN STEP	2026-08-14T04:47:59.4173596Z     "staleReceipt": {
NodeRoom / NodeAgent packed consumer	UNKNOWN STEP	2026-08-14T04:47:59.4174027Z       "id": "receipt:patch:noderoom:stale:4",
NodeRoom / NodeAgent packed consumer	UNKNOWN STEP	2026-08-14T04:47:59.4174537Z       "deckId": "deck:noderoom:cas",
NodeRoom / NodeAgent packed consumer	UNKNOWN STEP	2026-08-14T04:47:59.4174951Z       "deckVersion": 2,
NodeRoom / NodeAgent packed consumer	UNKNOWN STEP	2026-08-14T04:47:59.4175357Z       "operation": "proposal.stale",
NodeRoom / NodeAgent packed consumer	UNKNOWN STEP	2026-08-14T04:47:59.4175863Z       "principalId": "user:noderoom-consumer",
NodeRoom / NodeAgent packed consumer	UNKNOWN STEP	2026-08-14T04:47:59.4176401Z       "patchId": "patch:noderoom:stale",
NodeRoom / NodeAgent packed consumer	UNKNOWN STEP	2026-08-14T04:47:59.4176870Z       "traceId": "trace:noderoom:stale",
NodeRoom / NodeAgent packed consumer	UNKNOWN STEP	2026-08-14T04:47:59.4177360Z       "recordedAt": 1700000001039,
NodeRoom / NodeAgent packed consumer	UNKNOWN STEP	2026-08-14T04:47:59.4177741Z       "attributes": {
NodeRoom / NodeAgent packed consumer	UNKNOWN STEP	2026-08-14T04:47:59.4178361Z         "source": "agent"
NodeRoom / NodeAgent packed consumer	UNKNOWN STEP	2026-08-14T04:47:59.4178710Z       },
NodeRoom / NodeAgent packed consumer	UNKNOWN STEP	2026-08-14T04:47:59.4179022Z       "authorization": {
NodeRoom / NodeAgent packed consumer	UNKNOWN STEP	2026-08-14T04:47:59.4179502Z         "schemaVersion": "nodeslide.authorization/v1",
NodeRoom / NodeAgent packed consumer	UNKNOWN STEP	2026-08-14T04:47:59.4180090Z         "id": "authorization:proposal.accept:5",
NodeRoom / NodeAgent packed consumer	UNKNOWN STEP	2026-08-14T04:47:59.4180662Z         "principalId": "user:noderoom-consumer",
NodeRoom / NodeAgent packed consumer	UNKNOWN STEP	2026-08-14T04:47:59.4181156Z         "deckId": "deck:noderoom:cas",
NodeRoom / NodeAgent packed consumer	UNKNOWN STEP	2026-08-14T04:47:59.4181621Z         "action": "proposal.accept",
NodeRoom / NodeAgent packed consumer	UNKNOWN STEP	2026-08-14T04:47:59.4182049Z         "resource": {
NodeRoom / NodeAgent packed consumer	UNKNOWN STEP	2026-08-14T04:47:59.4182410Z           "kind": "proposal",
NodeRoom / NodeAgent packed consumer	UNKNOWN STEP	2026-08-14T04:47:59.4182852Z           "id": "patch:noderoom:stale"
NodeRoom / NodeAgent packed consumer	UNKNOWN STEP	2026-08-14T04:47:59.4183265Z         },
NodeRoom / NodeAgent packed consumer	UNKNOWN STEP	2026-08-14T04:47:59.4183634Z         "authorizedAt": 1700000001038,
NodeRoom / NodeAgent packed consumer	UNKNOWN STEP	2026-08-14T04:47:59.4184017Z         "evidence": {
NodeRoom / NodeAgent packed consumer	UNKNOWN STEP	2026-08-14T04:47:59.4184396Z           "issuer": "NodeRoom",
NodeRoom / NodeAgent packed consumer	UNKNOWN STEP	2026-08-14T04:47:59.4184948Z           "policyId": "noderoom.actor-proof-membership",
NodeRoom / NodeAgent packed consumer	UNKNOWN STEP	2026-08-14T04:47:59.4185578Z           "policyVersion": "1",
NodeRoom / NodeAgent packed consumer	UNKNOWN STEP	2026-08-14T04:47:59.4186348Z           "evidenceId": "noderoom-authz:proposal.accept:patch:noderoom:stale"
NodeRoom / NodeAgent packed consumer	UNKNOWN STEP	2026-08-14T04:47:59.4186998Z         }
NodeRoom / NodeAgent packed consumer	UNKNOWN STEP	2026-08-14T04:47:59.4187272Z       }
NodeRoom / NodeAgent packed consumer	UNKNOWN STEP	2026-08-14T04:47:59.4187571Z     },
NodeRoom / NodeAgent packed consumer	UNKNOWN STEP	2026-08-14T04:47:59.4188017Z     "finalVersion": 2,
NodeRoom / NodeAgent packed consumer	UNKNOWN STEP	2026-08-14T04:47:59.4188406Z     "versions": [
NodeRoom / NodeAgent packed consumer	UNKNOWN STEP	2026-08-14T04:47:59.4188746Z       1,
NodeRoom / NodeAgent packed consumer	UNKNOWN STEP	2026-08-14T04:47:59.4189086Z       2
NodeRoom / NodeAgent packed consumer	UNKNOWN STEP	2026-08-14T04:47:59.4189362Z     ],
NodeRoom / NodeAgent packed consumer	UNKNOWN STEP	2026-08-14T04:47:59.4189672Z     "receiptOperations": [
NodeRoom / NodeAgent packed consumer	UNKNOWN STEP	2026-08-14T04:47:59.4189956Z       "proposal.created",
NodeRoom / NodeAgent packed consumer	UNKNOWN STEP	2026-08-14T04:47:59.4190195Z       "proposal.created",
NodeRoom / NodeAgent packed consumer	UNKNOWN STEP	2026-08-14T04:47:59.4190532Z       "proposal.accepted",
NodeRoom / NodeAgent packed consumer	UNKNOWN STEP	2026-08-14T04:47:59.4190842Z       "proposal.stale"
NodeRoom / NodeAgent packed consumer	UNKNOWN STEP	2026-08-14T04:47:59.4191253Z     ],
NodeRoom / NodeAgent packed consumer	UNKNOWN STEP	2026-08-14T04:47:59.4191502Z     "acceptanceReplayWasIdempotent": true,
NodeRoom / NodeAgent packed consumer	UNKNOWN STEP	2026-08-14T04:47:59.4191802Z     "authorizationSpine": {
NodeRoom / NodeAgent packed consumer	UNKNOWN STEP	2026-08-14T04:47:59.4192075Z       "protocol": "operation-v1",
NodeRoom / NodeAgent packed consumer	UNKNOWN STEP	2026-08-14T04:47:59.4192351Z       "directPatchReceipt": {
NodeRoom / NodeAgent packed consumer	UNKNOWN STEP	2026-08-14T04:47:59.4192756Z         "id": "receipt:patch:noderoom:direct:1",
NodeRoom / NodeAgent packed consumer	UNKNOWN STEP	2026-08-14T04:47:59.4193150Z         "deckId": "deck:noderoom:authorization",
NodeRoom / NodeAgent packed consumer	UNKNOWN STEP	2026-08-14T04:47:59.4193428Z         "deckVersion": 2,
NodeRoom / NodeAgent packed consumer	UNKNOWN STEP	2026-08-14T04:47:59.4193689Z         "operation": "patch.applied",
NodeRoom / NodeAgent packed consumer	UNKNOWN STEP	2026-08-14T04:47:59.4194004Z         "principalId": "user:noderoom-consumer",
NodeRoom / NodeAgent packed consumer	UNKNOWN STEP	2026-08-14T04:47:59.4194319Z         "patchId": "patch:noderoom:direct",
NodeRoom / NodeAgent packed consumer	UNKNOWN STEP	2026-08-14T04:47:59.4194624Z         "traceId": "trace:noderoom:direct",
NodeRoom / NodeAgent packed consumer	UNKNOWN STEP	2026-08-14T04:47:59.4194918Z         "recordedAt": 1700000001010,
NodeRoom / NodeAgent packed consumer	UNKNOWN STEP	2026-08-14T04:47:59.4195178Z         "attributes": {
NodeRoom / NodeAgent packed consumer	UNKNOWN STEP	2026-08-14T04:47:59.4195402Z           "source": "agent"
NodeRoom / NodeAgent packed consumer	UNKNOWN STEP	2026-08-14T04:47:59.4195625Z         },
NodeRoom / NodeAgent packed consumer	UNKNOWN STEP	2026-08-14T04:47:59.4195933Z         "authorization": {
NodeRoom / NodeAgent packed consumer	UNKNOWN STEP	2026-08-14T04:47:59.4196234Z           "schemaVersion": "nodeslide.authorization/v1",
NodeRoom / NodeAgent packed consumer	UNKNOWN STEP	2026-08-14T04:47:59.4196589Z           "id": "authorization:patch.apply:1",
NodeRoom / NodeAgent packed consumer	UNKNOWN STEP	2026-08-14T04:47:59.4196931Z           "principalId": "user:noderoom-consumer",
NodeRoom / NodeAgent packed consumer	UNKNOWN STEP	2026-08-14T04:47:59.4197275Z           "deckId": "deck:noderoom:authorization",
NodeRoom / NodeAgent packed consumer	UNKNOWN STEP	2026-08-14T04:47:59.4197585Z           "action": "patch.apply",
NodeRoom / NodeAgent packed consumer	UNKNOWN STEP	2026-08-14T04:47:59.4198034Z           "resource": {
NodeRoom / NodeAgent packed consumer	UNKNOWN STEP	2026-08-14T04:47:59.4198426Z             "kind": "patch",
NodeRoom / NodeAgent packed consumer	UNKNOWN STEP	2026-08-14T04:47:59.4198954Z             "id": "patch:noderoom:direct"
NodeRoom / NodeAgent packed consumer	UNKNOWN STEP	2026-08-14T04:47:59.4199447Z           },
NodeRoom / NodeAgent packed consumer	UNKNOWN STEP	2026-08-14T04:47:59.4199849Z           "authorizedAt": 1700000001009,
NodeRoom / NodeAgent packed consumer	UNKNOWN STEP	2026-08-14T04:47:59.4200323Z           "evidence": {
NodeRoom / NodeAgent packed consumer	UNKNOWN STEP	2026-08-14T04:47:59.4200750Z             "issuer": "NodeRoom",
NodeRoom / NodeAgent packed consumer	UNKNOWN STEP	2026-08-14T04:47:59.4201350Z             "policyId": "noderoom.actor-proof-membership",
NodeRoom / NodeAgent packed consumer	UNKNOWN STEP	2026-08-14T04:47:59.4201895Z             "policyVersion": "1",
NodeRoom / NodeAgent packed consumer	UNKNOWN STEP	2026-08-14T04:47:59.4202290Z             "evidenceId": "noderoom-authz:patch.apply:patch:noderoom:direct"
NodeRoom / NodeAgent packed consumer	UNKNOWN STEP	2026-08-14T04:47:59.4202784Z           }
NodeRoom / NodeAgent packed consumer	UNKNOWN STEP	2026-08-14T04:47:59.4203080Z         }
NodeRoom / NodeAgent packed consumer	UNKNOWN STEP	2026-08-14T04:47:59.4203345Z       },
NodeRoom / NodeAgent packed consumer	UNKNOWN STEP	2026-08-14T04:47:59.4203728Z       "rejectedProposalStatus": "rejected",
NodeRoom / NodeAgent packed consumer	UNKNOWN STEP	2026-08-14T04:47:59.4204262Z       "rejectedProposalReceipt": {
NodeRoom / NodeAgent packed consumer	UNKNOWN STEP	2026-08-14T04:47:59.4204625Z         "id": "receipt:patch:noderoom:rejected:3",
NodeRoom / NodeAgent packed consumer	UNKNOWN STEP	2026-08-14T04:47:59.4204956Z         "deckId": "deck:noderoom:authorization",
NodeRoom / NodeAgent packed consumer	UNKNOWN STEP	2026-08-14T04:47:59.4205251Z         "deckVersion": 2,
NodeRoom / NodeAgent packed consumer	UNKNOWN STEP	2026-08-14T04:47:59.4205515Z         "operation": "proposal.rejected",
NodeRoom / NodeAgent packed consumer	UNKNOWN STEP	2026-08-14T04:47:59.4205838Z         "principalId": "user:noderoom-consumer",
NodeRoom / NodeAgent packed consumer	UNKNOWN STEP	2026-08-14T04:47:59.4206161Z         "patchId": "patch:noderoom:rejected",
NodeRoom / NodeAgent packed consumer	UNKNOWN STEP	2026-08-14T04:47:59.4206476Z         "traceId": "trace:noderoom:rejected",
NodeRoom / NodeAgent packed consumer	UNKNOWN STEP	2026-08-14T04:47:59.4206768Z         "recordedAt": 1700000001015,
NodeRoom / NodeAgent packed consumer	UNKNOWN STEP	2026-08-14T04:47:59.4207025Z         "attributes": {
NodeRoom / NodeAgent packed consumer	UNKNOWN STEP	2026-08-14T04:47:59.4207243Z           "source": "agent"
NodeRoom / NodeAgent packed consumer	UNKNOWN STEP	2026-08-14T04:47:59.4207473Z         },
NodeRoom / NodeAgent packed consumer	UNKNOWN STEP	2026-08-14T04:47:59.4207668Z         "authorization": {
NodeRoom / NodeAgent packed consumer	UNKNOWN STEP	2026-08-14T04:47:59.4208175Z           "schemaVersion": "nodeslide.authorization/v1",
NodeRoom / NodeAgent packed consumer	UNKNOWN STEP	2026-08-14T04:47:59.4208593Z           "id": "authorization:proposal.reject:3",
NodeRoom / NodeAgent packed consumer	UNKNOWN STEP	2026-08-14T04:47:59.4209142Z           "principalId": "user:noderoom-consumer",
NodeRoom / NodeAgent packed consumer	UNKNOWN STEP	2026-08-14T04:47:59.4209560Z           "deckId": "deck:noderoom:authorization",
NodeRoom / NodeAgent packed consumer	UNKNOWN STEP	2026-08-14T04:47:59.4209871Z           "action": "proposal.reject",
NodeRoom / NodeAgent packed consumer	UNKNOWN STEP	2026-08-14T04:47:59.4210161Z           "resource": {
NodeRoom / NodeAgent packed consumer	UNKNOWN STEP	2026-08-14T04:47:59.4210546Z             "kind": "proposal",
NodeRoom / NodeAgent packed consumer	UNKNOWN STEP	2026-08-14T04:47:59.4210951Z             "id": "patch:noderoom:rejected"
NodeRoom / NodeAgent packed consumer	UNKNOWN STEP	2026-08-14T04:47:59.4211394Z           },
NodeRoom / NodeAgent packed consumer	UNKNOWN STEP	2026-08-14T04:47:59.4211818Z           "authorizedAt": 1700000001014,
NodeRoom / NodeAgent packed consumer	UNKNOWN STEP	2026-08-14T04:47:59.4212309Z           "evidence": {
NodeRoom / NodeAgent packed consumer	UNKNOWN STEP	2026-08-14T04:47:59.4212760Z             "issuer": "NodeRoom",
NodeRoom / NodeAgent packed consumer	UNKNOWN STEP	2026-08-14T04:47:59.4213418Z             "policyId": "noderoom.actor-proof-membership",
NodeRoom / NodeAgent packed consumer	UNKNOWN STEP	2026-08-14T04:47:59.4214999Z             "policyVersion": "1",
NodeRoom / NodeAgent packed consumer	UNKNOWN STEP	2026-08-14T04:47:59.4216181Z             "evidenceId": "noderoom-authz:proposal.reject:patch:noderoom:rejected"
NodeRoom / NodeAgent packed consumer	UNKNOWN STEP	2026-08-14T04:47:59.4216944Z           }
NodeRoom / NodeAgent packed consumer	UNKNOWN STEP	2026-08-14T04:47:59.4217274Z         }
NodeRoom / NodeAgent packed consumer	UNKNOWN STEP	2026-08-14T04:47:59.4219097Z       },
NodeRoom / NodeAgent packed consumer	UNKNOWN STEP	2026-08-14T04:47:59.4219621Z       "storedAuditReceipt": {
NodeRoom / NodeAgent packed consumer	UNKNOWN STEP	2026-08-14T04:47:59.4220218Z         "id": "custom-receipt:noderoom:consumer-audit",
NodeRoom / NodeAgent packed consumer	UNKNOWN STEP	2026-08-14T04:47:59.4220899Z         "deckId": "deck:noderoom:authorization",
NodeRoom / NodeAgent packed consumer	UNKNOWN STEP	2026-08-14T04:47:59.4221458Z         "deckVersion": 2,
NodeRoom / NodeAgent packed consumer	UNKNOWN STEP	2026-08-14T04:47:59.4221939Z         "operation": "custom",
NodeRoom / NodeAgent packed consumer	UNKNOWN STEP	2026-08-14T04:47:59.4222445Z         "traceId": "trace:noderoom:consumer-audit",
NodeRoom / NodeAgent packed consumer	UNKNOWN STEP	2026-08-14T04:47:59.4222998Z         "recordedAt": 1700000001016,
NodeRoom / NodeAgent packed consumer	UNKNOWN STEP	2026-08-14T04:47:59.4223420Z         "attributes": {
NodeRoom / NodeAgent packed consumer	UNKNOWN STEP	2026-08-14T04:47:59.4223838Z           "purpose": "cross-repository-authorization-proof"
NodeRoom / NodeAgent packed consumer	UNKNOWN STEP	2026-08-14T04:47:59.4224167Z         },
NodeRoom / NodeAgent packed consumer	UNKNOWN STEP	2026-08-14T04:47:59.4224427Z         "principalId": "user:noderoom-consumer",
NodeRoom / NodeAgent packed consumer	UNKNOWN STEP	2026-08-14T04:47:59.4224791Z         "authorization": {
NodeRoom / NodeAgent packed consumer	UNKNOWN STEP	2026-08-14T04:47:59.4225282Z           "schemaVersion": "nodeslide.authorization/v1",
NodeRoom / NodeAgent packed consumer	UNKNOWN STEP	2026-08-14T04:47:59.4225757Z           "id": "authorization:receipt.store:4",
NodeRoom / NodeAgent packed consumer	UNKNOWN STEP	2026-08-14T04:47:59.4226213Z           "principalId": "user:noderoom-consumer",
NodeRoom / NodeAgent packed consumer	UNKNOWN STEP	2026-08-14T04:47:59.4226567Z           "deckId": "deck:noderoom:authorization",
NodeRoom / NodeAgent packed consumer	UNKNOWN STEP	2026-08-14T04:47:59.4226890Z           "action": "receipt.store",
NodeRoom / NodeAgent packed consumer	UNKNOWN STEP	2026-08-14T04:47:59.4227187Z           "resource": {
NodeRoom / NodeAgent packed consumer	UNKNOWN STEP	2026-08-14T04:47:59.4227578Z             "kind": "receipt",
NodeRoom / NodeAgent packed consumer	UNKNOWN STEP	2026-08-14T04:47:59.4228070Z             "id": "custom-receipt:noderoom:consumer-audit"
NodeRoom / NodeAgent packed consumer	UNKNOWN STEP	2026-08-14T04:47:59.4228389Z           },
NodeRoom / NodeAgent packed consumer	UNKNOWN STEP	2026-08-14T04:47:59.4228672Z           "authorizedAt": 1700000001017,
NodeRoom / NodeAgent packed consumer	UNKNOWN STEP	2026-08-14T04:47:59.4229117Z           "evidence": {
NodeRoom / NodeAgent packed consumer	UNKNOWN STEP	2026-08-14T04:47:59.4229513Z             "issuer": "NodeRoom",
NodeRoom / NodeAgent packed consumer	UNKNOWN STEP	2026-08-14T04:47:59.4229991Z             "policyId": "noderoom.actor-proof-membership",
NodeRoom / NodeAgent packed consumer	UNKNOWN STEP	2026-08-14T04:47:59.4230572Z             "policyVersion": "1",
NodeRoom / NodeAgent packed consumer	UNKNOWN STEP	2026-08-14T04:47:59.4231385Z             "evidenceId": "noderoom-authz:receipt.store:custom-receipt:noderoom:consumer-audit"
NodeRoom / NodeAgent packed consumer	UNKNOWN STEP	2026-08-14T04:47:59.4231866Z           }
NodeRoom / NodeAgent packed consumer	UNKNOWN STEP	2026-08-14T04:47:59.4232141Z         }
NodeRoom / NodeAgent packed consumer	UNKNOWN STEP	2026-08-14T04:47:59.4232392Z       },
NodeRoom / NodeAgent packed consumer	UNKNOWN STEP	2026-08-14T04:47:59.4232700Z       "authorizationReceiptOperations": [
NodeRoom / NodeAgent packed consumer	UNKNOWN STEP	2026-08-14T04:47:59.4233121Z         "patch.applied",
NodeRoom / NodeAgent packed consumer	UNKNOWN STEP	2026-08-14T04:47:59.4233467Z         "proposal.created",
NodeRoom / NodeAgent packed consumer	UNKNOWN STEP	2026-08-14T04:47:59.4233857Z         "proposal.rejected",
NodeRoom / NodeAgent packed consumer	UNKNOWN STEP	2026-08-14T04:47:59.4234227Z         "custom"
NodeRoom / NodeAgent packed consumer	UNKNOWN STEP	2026-08-14T04:47:59.4234530Z       ],
NodeRoom / NodeAgent packed consumer	UNKNOWN STEP	2026-08-14T04:47:59.4234896Z       "legacyPermissionCallback": false,
NodeRoom / NodeAgent packed consumer	UNKNOWN STEP	2026-08-14T04:47:59.4235208Z       "frozenOperationRequests": true,
NodeRoom / NodeAgent packed consumer	UNKNOWN STEP	2026-08-14T04:47:59.4235645Z       "allRepositoryActionsObserved": true
NodeRoom / NodeAgent packed consumer	UNKNOWN STEP	2026-08-14T04:47:59.4236049Z     },
NodeRoom / NodeAgent packed consumer	UNKNOWN STEP	2026-08-14T04:47:59.4236348Z     "nodeAgent": {
NodeRoom / NodeAgent packed consumer	UNKNOWN STEP	2026-08-14T04:47:59.4236836Z       "model": "nodeslide-consumer-scripted-model",
NodeRoom / NodeAgent packed consumer	UNKNOWN STEP	2026-08-14T04:47:59.4237365Z       "stopReason": "done",
NodeRoom / NodeAgent packed consumer	UNKNOWN STEP	2026-08-14T04:47:59.4237857Z       "steps": 2,
NodeRoom / NodeAgent packed consumer	UNKNOWN STEP	2026-08-14T04:47:59.4238218Z       "toolTrace": [
NodeRoom / NodeAgent packed consumer	UNKNOWN STEP	2026-08-14T04:47:59.4238627Z         "nodeslide_propose_text"
NodeRoom / NodeAgent packed consumer	UNKNOWN STEP	2026-08-14T04:47:59.4238964Z       ],
NodeRoom / NodeAgent packed consumer	UNKNOWN STEP	2026-08-14T04:47:59.4239338Z       "proposalStayedUnapplied": true,
NodeRoom / NodeAgent packed consumer	UNKNOWN STEP	2026-08-14T04:47:59.4239731Z       "acceptedVersion": 2,
NodeRoom / NodeAgent packed consumer	UNKNOWN STEP	2026-08-14T04:47:59.4239967Z       "receipt": {
NodeRoom / NodeAgent packed consumer	UNKNOWN STEP	2026-08-14T04:47:59.4240230Z         "id": "receipt:patch:noderoom:nodeagent:2",
NodeRoom / NodeAgent packed consumer	UNKNOWN STEP	2026-08-14T04:47:59.4240566Z         "deckId": "deck:noderoom:nodeagent",
NodeRoom / NodeAgent packed consumer	UNKNOWN STEP	2026-08-14T04:47:59.4241029Z         "deckVersion": 2,
NodeRoom / NodeAgent packed consumer	UNKNOWN STEP	2026-08-14T04:47:59.4241328Z         "operation": "proposal.accepted",
NodeRoom / NodeAgent packed consumer	UNKNOWN STEP	2026-08-14T04:47:59.4241653Z         "principalId": "user:noderoom-consumer",
NodeRoom / NodeAgent packed consumer	UNKNOWN STEP	2026-08-14T04:47:59.4242172Z         "patchId": "patch:noderoom:nodeagent",
NodeRoom / NodeAgent packed consumer	UNKNOWN STEP	2026-08-14T04:47:59.4242652Z         "traceId": "trace:noderoom:nodeagent",
NodeRoom / NodeAgent packed consumer	UNKNOWN STEP	2026-08-14T04:47:59.4243122Z         "recordedAt": 1700000001027,
NodeRoom / NodeAgent packed consumer	UNKNOWN STEP	2026-08-14T04:47:59.4243517Z         "attributes": {
NodeRoom / NodeAgent packed consumer	UNKNOWN STEP	2026-08-14T04:47:59.4243846Z           "source": "agent"
NodeRoom / NodeAgent packed consumer	UNKNOWN STEP	2026-08-14T04:47:59.4244171Z         },
NodeRoom / NodeAgent packed consumer	UNKNOWN STEP	2026-08-14T04:47:59.4244636Z         "authorization": {
NodeRoom / NodeAgent packed consumer	UNKNOWN STEP	2026-08-14T04:47:59.4245094Z           "schemaVersion": "nodeslide.authorization/v1",
NodeRoom / NodeAgent packed consumer	UNKNOWN STEP	2026-08-14T04:47:59.4245639Z           "id": "authorization:proposal.accept:5",
NodeRoom / NodeAgent packed consumer	UNKNOWN STEP	2026-08-14T04:47:59.4246151Z           "principalId": "user:noderoom-consumer",
NodeRoom / NodeAgent packed consumer	UNKNOWN STEP	2026-08-14T04:47:59.4246666Z           "deckId": "deck:noderoom:nodeagent",
NodeRoom / NodeAgent packed consumer	UNKNOWN STEP	2026-08-14T04:47:59.4247149Z           "action": "proposal.accept",
NodeRoom / NodeAgent packed consumer	UNKNOWN STEP	2026-08-14T04:47:59.4247577Z           "resource": {
NodeRoom / NodeAgent packed consumer	UNKNOWN STEP	2026-08-14T04:47:59.4248140Z             "kind": "proposal",
NodeRoom / NodeAgent packed consumer	UNKNOWN STEP	2026-08-14T04:47:59.4248594Z             "id": "patch:noderoom:nodeagent"
NodeRoom / NodeAgent packed consumer	UNKNOWN STEP	2026-08-14T04:47:59.4249118Z           },
NodeRoom / NodeAgent packed consumer	UNKNOWN STEP	2026-08-14T04:47:59.4249468Z           "authorizedAt": 1700000001026,
NodeRoom / NodeAgent packed consumer	UNKNOWN STEP	2026-08-14T04:47:59.4249830Z           "evidence": {
NodeRoom / NodeAgent packed consumer	UNKNOWN STEP	2026-08-14T04:47:59.4250241Z             "issuer": "NodeRoom",
NodeRoom / NodeAgent packed consumer	UNKNOWN STEP	2026-08-14T04:47:59.4250823Z             "policyId": "noderoom.actor-proof-membership",
NodeRoom / NodeAgent packed consumer	UNKNOWN STEP	2026-08-14T04:47:59.4251392Z             "policyVersion": "1",
NodeRoom / NodeAgent packed consumer	UNKNOWN STEP	2026-08-14T04:47:59.4252330Z             "evidenceId": "noderoom-authz:proposal.accept:patch:noderoom:nodeagent"
NodeRoom / NodeAgent packed consumer	UNKNOWN STEP	2026-08-14T04:47:59.4252987Z           }
NodeRoom / NodeAgent packed consumer	UNKNOWN STEP	2026-08-14T04:47:59.4253288Z         }
NodeRoom / NodeAgent packed consumer	UNKNOWN STEP	2026-08-14T04:47:59.4253594Z       },
NodeRoom / NodeAgent packed consumer	UNKNOWN STEP	2026-08-14T04:47:59.4253969Z       "adapterStatusMessages": [
NodeRoom / NodeAgent packed consumer	UNKNOWN STEP	2026-08-14T04:47:59.4254588Z         "NodeAgent created a NodeSlide proposal for host review."
NodeRoom / NodeAgent packed consumer	UNKNOWN STEP	2026-08-14T04:47:59.4255147Z       ],
NodeRoom / NodeAgent packed consumer	UNKNOWN STEP	2026-08-14T04:47:59.4255567Z       "sameRepositoryRereadPreservedEdit": true,
NodeRoom / NodeAgent packed consumer	UNKNOWN STEP	2026-08-14T04:47:59.4256159Z       "portableSnapshotRoundTrip": true
NodeRoom / NodeAgent packed consumer	UNKNOWN STEP	2026-08-14T04:47:59.4286133Z     }
NodeRoom / NodeAgent packed consumer	UNKNOWN STEP	2026-08-14T04:47:59.4286473Z   },
NodeRoom / NodeAgent packed consumer	UNKNOWN STEP	2026-08-14T04:47:59.4286814Z   "scope": {
NodeRoom / NodeAgent packed consumer	UNKNOWN STEP	2026-08-14T04:47:59.4287139Z     "repositoryPort": true,
NodeRoom / NodeAgent packed consumer	UNKNOWN STEP	2026-08-14T04:47:59.4287631Z     "proposalReviewAccept": true,
NodeRoom / NodeAgent packed consumer	UNKNOWN STEP	2026-08-14T04:47:59.4288157Z     "compareAndSwap": true,
NodeRoom / NodeAgent packed consumer	UNKNOWN STEP	2026-08-14T04:47:59.4288530Z     "versions": true,
NodeRoom / NodeAgent packed consumer	UNKNOWN STEP	2026-08-14T04:47:59.4288908Z     "inMemoryReceiptLedger": true,
NodeRoom / NodeAgent packed consumer	UNKNOWN STEP	2026-08-14T04:47:59.4289426Z     "legacyPermissionCallback": false,
NodeRoom / NodeAgent packed consumer	UNKNOWN STEP	2026-08-14T04:47:59.4290106Z     "fixtureAuthorizationEvidenceBinding": true,
NodeRoom / NodeAgent packed consumer	UNKNOWN STEP	2026-08-14T04:47:59.4290794Z     "authorizationBoundReceipts": true,
NodeRoom / NodeAgent packed consumer	UNKNOWN STEP	2026-08-14T04:47:59.4291501Z     "frozenOperationAuthorizationRequests": true,
NodeRoom / NodeAgent packed consumer	UNKNOWN STEP	2026-08-14T04:47:59.4292174Z     "existingNodeAgentRuntime": true,
NodeRoom / NodeAgent packed consumer	UNKNOWN STEP	2026-08-14T04:47:59.4292898Z     "agentProposalStayedUnapplied": true,
NodeRoom / NodeAgent packed consumer	UNKNOWN STEP	2026-08-14T04:47:59.4293413Z     "sameRepositoryReread": true,
NodeRoom / NodeAgent packed consumer	UNKNOWN STEP	2026-08-14T04:47:59.4294045Z     "portableSnapshotRoundTrip": true,
NodeRoom / NodeAgent packed consumer	UNKNOWN STEP	2026-08-14T04:47:59.4294667Z     "durableReceiptPersistence": false,
NodeRoom / NodeAgent packed consumer	UNKNOWN STEP	2026-08-14T04:47:59.4295242Z     "packageReload": false,
NodeRoom / NodeAgent packed consumer	UNKNOWN STEP	2026-08-14T04:47:59.4295770Z     "productionAuthorization": false,
NodeRoom / NodeAgent packed consumer	UNKNOWN STEP	2026-08-14T04:47:59.4296141Z     "productionCreate": false,
NodeRoom / NodeAgent packed consumer	UNKNOWN STEP	2026-08-14T04:47:59.4296459Z     "manualArtifactEdit": false,
NodeRoom / NodeAgent packed consumer	UNKNOWN STEP	2026-08-14T04:47:59.4296776Z     "productionBackend": false,
NodeRoom / NodeAgent packed consumer	UNKNOWN STEP	2026-08-14T04:47:59.4297119Z     "sameSnapshotMemoryAndConvex": false,
NodeRoom / NodeAgent packed consumer	UNKNOWN STEP	2026-08-14T04:47:59.4297470Z     "durableRoomActivity": false,
NodeRoom / NodeAgent packed consumer	UNKNOWN STEP	2026-08-14T04:47:59.4298013Z     "mountedReactStudio": false,
NodeRoom / NodeAgent packed consumer	UNKNOWN STEP	2026-08-14T04:47:59.4298335Z     "presenter": false,
NodeRoom / NodeAgent packed consumer	UNKNOWN STEP	2026-08-14T04:47:59.4298639Z     "pptxExport": false,
NodeRoom / NodeAgent packed consumer	UNKNOWN STEP	2026-08-14T04:47:59.4298966Z     "exportedSnapshotRevalidation": false
NodeRoom / NodeAgent packed consumer	UNKNOWN STEP	2026-08-14T04:47:59.4299269Z   }
NodeRoom / NodeAgent packed consumer	UNKNOWN STEP	2026-08-14T04:47:59.4299466Z }
NodeRoom / NodeAgent packed consumer	UNKNOWN STEP	2026-08-14T04:47:59.4489359Z Post job cleanup.
NodeRoom / NodeAgent packed consumer	UNKNOWN STEP	2026-08-14T04:47:59.5671840Z Cache hit occurred on the primary key node-cache-Linux-x64-npm-a29c1f0beca3bd271e6313115951ff7954a57a01541b7513f9a2b04249483c1c, not saving cache.
NodeRoom / NodeAgent packed consumer	UNKNOWN STEP	2026-08-14T04:47:59.5776148Z Post job cleanup.
NodeRoom / NodeAgent packed consumer	UNKNOWN STEP	2026-08-14T04:47:59.6593221Z [command]/usr/bin/git version
NodeRoom / NodeAgent packed consumer	UNKNOWN STEP	2026-08-14T04:47:59.6628776Z git version 2.54.0
NodeRoom / NodeAgent packed consumer	UNKNOWN STEP	2026-08-14T04:47:59.6666259Z Temporarily overriding HOME='/home/runner/work/_temp/5a039f9d-7b87-43e8-a82e-8c60d11f52f6' before making global git config changes
NodeRoom / NodeAgent packed consumer	UNKNOWN STEP	2026-08-14T04:47:59.6667715Z Adding repository directory to the temporary git global config as a safe directory
NodeRoom / NodeAgent packed consumer	UNKNOWN STEP	2026-08-14T04:47:59.6671669Z [command]/usr/bin/git config --global --add safe.directory /home/runner/work/NodeSlide/NodeSlide/noderoom
NodeRoom / NodeAgent packed consumer	UNKNOWN STEP	2026-08-14T04:47:59.6702386Z Removing SSH command configuration
NodeRoom / NodeAgent packed consumer	UNKNOWN STEP	2026-08-14T04:47:59.6710062Z [command]/usr/bin/git config --local --name-only --get-regexp core\.sshCommand
NodeRoom / NodeAgent packed consumer	UNKNOWN STEP	2026-08-14T04:47:59.6744736Z [command]/usr/bin/git submodule foreach --recursive sh -c "git config --local --name-only --get-regexp 'core\.sshCommand' && git config --local --unset-all 'core.sshCommand' || :"
NodeRoom / NodeAgent packed consumer	UNKNOWN STEP	2026-08-14T04:47:59.6944275Z Removing HTTP extra header
NodeRoom / NodeAgent packed consumer	UNKNOWN STEP	2026-08-14T04:47:59.6949474Z [command]/usr/bin/git config --local --name-only --get-regexp http\.https\:\/\/github\.com\/\.extraheader
NodeRoom / NodeAgent packed consumer	UNKNOWN STEP	2026-08-14T04:47:59.6980783Z [command]/usr/bin/git submodule foreach --recursive sh -c "git config --local --name-only --get-regexp 'http\.https\:\/\/github\.com\/\.extraheader' && git config --local --unset-all 'http.https://github.com/.extraheader' || :"
NodeRoom / NodeAgent packed consumer	UNKNOWN STEP	2026-08-14T04:47:59.7173514Z Removing includeIf entries pointing to credentials config files
NodeRoom / NodeAgent packed consumer	UNKNOWN STEP	2026-08-14T04:47:59.7183517Z [command]/usr/bin/git config --local --name-only --get-regexp ^includeIf\.gitdir:
NodeRoom / NodeAgent packed consumer	UNKNOWN STEP	2026-08-14T04:47:59.7212326Z includeif.gitdir:/home/runner/work/NodeSlide/NodeSlide/noderoom/.git.path
NodeRoom / NodeAgent packed consumer	UNKNOWN STEP	2026-08-14T04:47:59.7213177Z includeif.gitdir:/home/runner/work/NodeSlide/NodeSlide/noderoom/.git/worktrees/*.path
NodeRoom / NodeAgent packed consumer	UNKNOWN STEP	2026-08-14T04:47:59.7213720Z includeif.gitdir:/github/workspace/noderoom/.git.path
NodeRoom / NodeAgent packed consumer	UNKNOWN STEP	2026-08-14T04:47:59.7214197Z includeif.gitdir:/github/workspace/noderoom/.git/worktrees/*.path
NodeRoom / NodeAgent packed consumer	UNKNOWN STEP	2026-08-14T04:47:59.7224439Z [command]/usr/bin/git config --local --get-all includeif.gitdir:/home/runner/work/NodeSlide/NodeSlide/noderoom/.git.path
NodeRoom / NodeAgent packed consumer	UNKNOWN STEP	2026-08-14T04:47:59.7251323Z /home/runner/work/_temp/git-credentials-7516deeb-c2ec-4dfb-aff6-da7bb2b878e3.config
NodeRoom / NodeAgent packed consumer	UNKNOWN STEP	2026-08-14T04:47:59.7265130Z [command]/usr/bin/git config --local --unset includeif.gitdir:/home/runner/work/NodeSlide/NodeSlide/noderoom/.git.path /home/runner/work/_temp/git-credentials-7516deeb-c2ec-4dfb-aff6-da7bb2b878e3.config
NodeRoom / NodeAgent packed consumer	UNKNOWN STEP	2026-08-14T04:47:59.7305319Z [command]/usr/bin/git config --local --get-all includeif.gitdir:/home/runner/work/NodeSlide/NodeSlide/noderoom/.git/worktrees/*.path
NodeRoom / NodeAgent packed consumer	UNKNOWN STEP	2026-08-14T04:47:59.7329638Z /home/runner/work/_temp/git-credentials-7516deeb-c2ec-4dfb-aff6-da7bb2b878e3.config
NodeRoom / NodeAgent packed consumer	UNKNOWN STEP	2026-08-14T04:47:59.7341188Z [command]/usr/bin/git config --local --unset includeif.gitdir:/home/runner/work/NodeSlide/NodeSlide/noderoom/.git/worktrees/*.path /home/runner/work/_temp/git-credentials-7516deeb-c2ec-4dfb-aff6-da7bb2b878e3.config
NodeRoom / NodeAgent packed consumer	UNKNOWN STEP	2026-08-14T04:47:59.7373948Z [command]/usr/bin/git config --local --get-all includeif.gitdir:/github/workspace/noderoom/.git.path
NodeRoom / NodeAgent packed consumer	UNKNOWN STEP	2026-08-14T04:47:59.7395951Z /github/runner_temp/git-credentials-7516deeb-c2ec-4dfb-aff6-da7bb2b878e3.config
NodeRoom / NodeAgent packed consumer	UNKNOWN STEP	2026-08-14T04:47:59.7405660Z [command]/usr/bin/git config --local --unset includeif.gitdir:/github/workspace/noderoom/.git.path /github/runner_temp/git-credentials-7516deeb-c2ec-4dfb-aff6-da7bb2b878e3.config
NodeRoom / NodeAgent packed consumer	UNKNOWN STEP	2026-08-14T04:47:59.7437299Z [command]/usr/bin/git config --local --get-all includeif.gitdir:/github/workspace/noderoom/.git/worktrees/*.path
NodeRoom / NodeAgent packed consumer	UNKNOWN STEP	2026-08-14T04:47:59.7458583Z /github/runner_temp/git-credentials-7516deeb-c2ec-4dfb-aff6-da7bb2b878e3.config
NodeRoom / NodeAgent packed consumer	UNKNOWN STEP	2026-08-14T04:47:59.7468314Z [command]/usr/bin/git config --local --unset includeif.gitdir:/github/workspace/noderoom/.git/worktrees/*.path /github/runner_temp/git-credentials-7516deeb-c2ec-4dfb-aff6-da7bb2b878e3.config
NodeRoom / NodeAgent packed consumer	UNKNOWN STEP	2026-08-14T04:47:59.7502702Z [command]/usr/bin/git submodule foreach --recursive git config --local --show-origin --name-only --get-regexp remote.origin.url
NodeRoom / NodeAgent packed consumer	UNKNOWN STEP	2026-08-14T04:47:59.7712775Z Removing credentials config '/home/runner/work/_temp/git-credentials-7516deeb-c2ec-4dfb-aff6-da7bb2b878e3.config'
NodeRoom / NodeAgent packed consumer	UNKNOWN STEP	2026-08-14T04:47:59.7862096Z Post job cleanup.
NodeRoom / NodeAgent packed consumer	UNKNOWN STEP	2026-08-14T04:47:59.8762093Z [command]/usr/bin/git version
NodeRoom / NodeAgent packed consumer	UNKNOWN STEP	2026-08-14T04:47:59.8800642Z git version 2.54.0
NodeRoom / NodeAgent packed consumer	UNKNOWN STEP	2026-08-14T04:47:59.8839980Z Temporarily overriding HOME='/home/runner/work/_temp/c24da73b-0efc-4dd8-9672-0f6062465c28' before making global git config changes
NodeRoom / NodeAgent packed consumer	UNKNOWN STEP	2026-08-14T04:47:59.8841973Z Adding repository directory to the temporary git global config as a safe directory
NodeRoom / NodeAgent packed consumer	UNKNOWN STEP	2026-08-14T04:47:59.8846481Z [command]/usr/bin/git config --global --add safe.directory /home/runner/work/NodeSlide/NodeSlide/nodeslide
NodeRoom / NodeAgent packed consumer	UNKNOWN STEP	2026-08-14T04:47:59.8882684Z Removing SSH command configuration
NodeRoom / NodeAgent packed consumer	UNKNOWN STEP	2026-08-14T04:47:59.8889596Z [command]/usr/bin/git config --local --name-only --get-regexp core\.sshCommand
NodeRoom / NodeAgent packed consumer	UNKNOWN STEP	2026-08-14T04:47:59.8926111Z [command]/usr/bin/git submodule foreach --recursive sh -c "git config --local --name-only --get-regexp 'core\.sshCommand' && git config --local --unset-all 'core.sshCommand' || :"
NodeRoom / NodeAgent packed consumer	UNKNOWN STEP	2026-08-14T04:47:59.9137331Z Removing HTTP extra header
NodeRoom / NodeAgent packed consumer	UNKNOWN STEP	2026-08-14T04:47:59.9143853Z [command]/usr/bin/git config --local --name-only --get-regexp http\.https\:\/\/github\.com\/\.extraheader
NodeRoom / NodeAgent packed consumer	UNKNOWN STEP	2026-08-14T04:47:59.9174493Z [command]/usr/bin/git submodule foreach --recursive sh -c "git config --local --name-only --get-regexp 'http\.https\:\/\/github\.com\/\.extraheader' && git config --local --unset-all 'http.https://github.com/.extraheader' || :"
NodeRoom / NodeAgent packed consumer	UNKNOWN STEP	2026-08-14T04:47:59.9363917Z Removing includeIf entries pointing to credentials config files
NodeRoom / NodeAgent packed consumer	UNKNOWN STEP	2026-08-14T04:47:59.9371331Z [command]/usr/bin/git config --local --name-only --get-regexp ^includeIf\.gitdir:
NodeRoom / NodeAgent packed consumer	UNKNOWN STEP	2026-08-14T04:47:59.9394202Z includeif.gitdir:/home/runner/work/NodeSlide/NodeSlide/nodeslide/.git.path
NodeRoom / NodeAgent packed consumer	UNKNOWN STEP	2026-08-14T04:47:59.9395312Z includeif.gitdir:/home/runner/work/NodeSlide/NodeSlide/nodeslide/.git/worktrees/*.path
NodeRoom / NodeAgent packed consumer	UNKNOWN STEP	2026-08-14T04:47:59.9396189Z includeif.gitdir:/github/workspace/nodeslide/.git.path
NodeRoom / NodeAgent packed consumer	UNKNOWN STEP	2026-08-14T04:47:59.9396886Z includeif.gitdir:/github/workspace/nodeslide/.git/worktrees/*.path
NodeRoom / NodeAgent packed consumer	UNKNOWN STEP	2026-08-14T04:47:59.9404131Z [command]/usr/bin/git config --local --get-all includeif.gitdir:/home/runner/work/NodeSlide/NodeSlide/nodeslide/.git.path
NodeRoom / NodeAgent packed consumer	UNKNOWN STEP	2026-08-14T04:47:59.9425083Z /home/runner/work/_temp/git-credentials-a83554e3-bdaf-4401-8314-3640be6d358a.config
NodeRoom / NodeAgent packed consumer	UNKNOWN STEP	2026-08-14T04:47:59.9434781Z [command]/usr/bin/git config --local --unset includeif.gitdir:/home/runner/work/NodeSlide/NodeSlide/nodeslide/.git.path /home/runner/work/_temp/git-credentials-a83554e3-bdaf-4401-8314-3640be6d358a.config
NodeRoom / NodeAgent packed consumer	UNKNOWN STEP	2026-08-14T04:47:59.9465302Z [command]/usr/bin/git config --local --get-all includeif.gitdir:/home/runner/work/NodeSlide/NodeSlide/nodeslide/.git/worktrees/*.path
NodeRoom / NodeAgent packed consumer	UNKNOWN STEP	2026-08-14T04:47:59.9485324Z /home/runner/work/_temp/git-credentials-a83554e3-bdaf-4401-8314-3640be6d358a.config
NodeRoom / NodeAgent packed consumer	UNKNOWN STEP	2026-08-14T04:47:59.9494603Z [command]/usr/bin/git config --local --unset includeif.gitdir:/home/runner/work/NodeSlide/NodeSlide/nodeslide/.git/worktrees/*.path /home/runner/work/_temp/git-credentials-a83554e3-bdaf-4401-8314-3640be6d358a.config
NodeRoom / NodeAgent packed consumer	UNKNOWN STEP	2026-08-14T04:47:59.9524864Z [command]/usr/bin/git config --local --get-all includeif.gitdir:/github/workspace/nodeslide/.git.path
NodeRoom / NodeAgent packed consumer	UNKNOWN STEP	2026-08-14T04:47:59.9543661Z /github/runner_temp/git-credentials-a83554e3-bdaf-4401-8314-3640be6d358a.config
NodeRoom / NodeAgent packed consumer	UNKNOWN STEP	2026-08-14T04:47:59.9551637Z [command]/usr/bin/git config --local --unset includeif.gitdir:/github/workspace/nodeslide/.git.path /github/runner_temp/git-credentials-a83554e3-bdaf-4401-8314-3640be6d358a.config
NodeRoom / NodeAgent packed consumer	UNKNOWN STEP	2026-08-14T04:47:59.9579865Z [command]/usr/bin/git config --local --get-all includeif.gitdir:/github/workspace/nodeslide/.git/worktrees/*.path
NodeRoom / NodeAgent packed consumer	UNKNOWN STEP	2026-08-14T04:47:59.9598840Z /github/runner_temp/git-credentials-a83554e3-bdaf-4401-8314-3640be6d358a.config
NodeRoom / NodeAgent packed consumer	UNKNOWN STEP	2026-08-14T04:47:59.9607104Z [command]/usr/bin/git config --local --unset includeif.gitdir:/github/workspace/nodeslide/.git/worktrees/*.path /github/runner_temp/git-credentials-a83554e3-bdaf-4401-8314-3640be6d358a.config
NodeRoom / NodeAgent packed consumer	UNKNOWN STEP	2026-08-14T04:47:59.9638589Z [command]/usr/bin/git submodule foreach --recursive git config --local --show-origin --name-only --get-regexp remote.origin.url
NodeRoom / NodeAgent packed consumer	UNKNOWN STEP	2026-08-14T04:47:59.9828619Z Removing credentials config '/home/runner/work/_temp/git-credentials-a83554e3-bdaf-4401-8314-3640be6d358a.config'
NodeRoom / NodeAgent packed consumer	UNKNOWN STEP	2026-08-14T04:47:59.9958797Z Cleaning up orphan processes
